cms_certification_number_ccn,provider_name,provider_address,citytown,state,zip_code,survey_date,survey_type,deficiency_prefix,deficiency_category,deficiency_tag_number,deficiency_description,scope_severity_code,deficiency_corrected,correction_date,inspection_cycle,standard_deficiency,complaint_deficiency,infection_control_inspection_deficiency,citation_under_idr,citation_under_iidr,location,processing_date
415002,Hattie Ide Chaffee Home,200 Wampanoag Trail,East Providence,RI,02915,2025-06-20,Health,F,Resident Assessment and Care Planning Deficiencies,0658,Ensure services provided by the nursing facility meet professional standards of quality.,D,"Deficient, Provider has date of correction",2025-07-18,1,Y,N,N,N,N,"200 Wampanoag Trail,East Providence,RI,02915",2026-06-01
415002,Hattie Ide Chaffee Home,200 Wampanoag Trail,East Providence,RI,02915,2025-06-20,Health,F,Quality of Life and Care Deficiencies,0690,"Provide appropriate care for residents who are continent or incontinent of bowel/bladder, appropriate catheter care,  and appropriate care  to prevent urinary tract infections.",D,"Deficient, Provider has date of correction",2025-07-18,1,Y,N,N,N,N,"200 Wampanoag Trail,East Providence,RI,02915",2026-06-01
415002,Hattie Ide Chaffee Home,200 Wampanoag Trail,East Providence,RI,02915,2025-06-20,Health,F,Nutrition and Dietary Deficiencies,0812,"Procure food from sources approved or considered satisfactory and store, prepare, distribute and serve food in accordance with professional standards.",F,"Deficient, Provider has date of correction",2025-07-18,1,Y,N,N,N,N,"200 Wampanoag Trail,East Providence,RI,02915",2026-06-01
415002,Hattie Ide Chaffee Home,200 Wampanoag Trail,East Providence,RI,02915,2025-06-20,Health,F,Infection Control Deficiencies,0880,Provide and implement an infection prevention and control program.,D,"Deficient, Provider has date of correction",2025-07-18,1,Y,N,N,N,N,"200 Wampanoag Trail,East Providence,RI,02915",2026-06-01
415002,Hattie Ide Chaffee Home,200 Wampanoag Trail,East Providence,RI,02915,2025-06-20,Health,F,Administration Deficiencies,0940,"Develop, implement, and/or maintain an effective training program for all new and existing staff members.",D,"Deficient, Provider has date of correction",2025-07-18,1,Y,N,N,N,N,"200 Wampanoag Trail,East Providence,RI,02915",2026-06-01
415002,Hattie Ide Chaffee Home,200 Wampanoag Trail,East Providence,RI,02915,2024-09-09,Health,F,Resident Rights Deficiencies,0552,"Ensure that residents are fully informed and understand their health status, care and treatments.",D,"Deficient, Provider has date of correction",2024-09-25,2,N,Y,N,N,N,"200 Wampanoag Trail,East Providence,RI,02915",2026-06-01
415002,Hattie Ide Chaffee Home,200 Wampanoag Trail,East Providence,RI,02915,2024-06-26,Health,F,Resident Assessment and Care Planning Deficiencies,0658,Ensure services provided by the nursing facility meet professional standards of quality.,D,"Deficient, Provider has date of correction",2024-07-15,2,N,Y,N,N,N,"200 Wampanoag Trail,East Providence,RI,02915",2026-06-01
415002,Hattie Ide Chaffee Home,200 Wampanoag Trail,East Providence,RI,02915,2024-06-17,Health,F,Resident Assessment and Care Planning Deficiencies,0658,Ensure services provided by the nursing facility meet professional standards of quality.,E,"Deficient, Provider has date of correction",2024-07-15,2,Y,N,N,N,N,"200 Wampanoag Trail,East Providence,RI,02915",2026-06-01
415002,Hattie Ide Chaffee Home,200 Wampanoag Trail,East Providence,RI,02915,2024-06-17,Health,F,Quality of Life and Care Deficiencies,0684,"Provide appropriate treatment and care according to orders, resident’s preferences and goals.",D,"Deficient, Provider has date of correction",2024-07-15,2,Y,N,N,N,N,"200 Wampanoag Trail,East Providence,RI,02915",2026-06-01
415002,Hattie Ide Chaffee Home,200 Wampanoag Trail,East Providence,RI,02915,2024-06-17,Health,F,Quality of Life and Care Deficiencies,0689,Ensure that a nursing home area is free from accident hazards and provides adequate supervision to prevent accidents.,J,"Deficient, Provider has date of correction",2024-07-15,2,Y,N,N,N,N,"200 Wampanoag Trail,East Providence,RI,02915",2026-06-01
415002,Hattie Ide Chaffee Home,200 Wampanoag Trail,East Providence,RI,02915,2024-06-17,Health,F,Nursing and Physician Services Deficiencies,0710,Obtain a doctor's order to admit a resident and ensure the resident is under a doctor's care.,D,"Deficient, Provider has date of correction",2024-07-15,2,Y,N,N,N,N,"200 Wampanoag Trail,East Providence,RI,02915",2026-06-01
415002,Hattie Ide Chaffee Home,200 Wampanoag Trail,East Providence,RI,02915,2024-06-17,Health,F,Nursing and Physician Services Deficiencies,0730,Observe each nurse aide's job performance and give regular training.,F,"Deficient, Provider has date of correction",2024-07-15,2,Y,N,N,N,N,"200 Wampanoag Trail,East Providence,RI,02915",2026-06-01
415002,Hattie Ide Chaffee Home,200 Wampanoag Trail,East Providence,RI,02915,2024-06-17,Health,F,Pharmacy Service Deficiencies,0761,"Ensure drugs and biologicals used in the facility are labeled in accordance with currently accepted professional principles; and all drugs and biologicals must be stored in locked compartments, separately locked, compartments for controlled drugs.",E,"Deficient, Provider has date of correction",2024-07-15,2,Y,N,N,N,N,"200 Wampanoag Trail,East Providence,RI,02915",2026-06-01
415002,Hattie Ide Chaffee Home,200 Wampanoag Trail,East Providence,RI,02915,2024-06-17,Health,F,Nutrition and Dietary Deficiencies,0805,Ensure each resident receives and the facility provides food prepared in a form designed to meet individual needs.,D,"Deficient, Provider has date of correction",2024-07-15,2,Y,N,N,N,N,"200 Wampanoag Trail,East Providence,RI,02915",2026-06-01
415002,Hattie Ide Chaffee Home,200 Wampanoag Trail,East Providence,RI,02915,2024-06-17,Health,F,Nutrition and Dietary Deficiencies,0812,"Procure food from sources approved or considered satisfactory and store, prepare, distribute and serve food in accordance with professional standards.",F,"Deficient, Provider has date of correction",2024-07-15,2,Y,N,N,N,N,"200 Wampanoag Trail,East Providence,RI,02915",2026-06-01
415002,Hattie Ide Chaffee Home,200 Wampanoag Trail,East Providence,RI,02915,2024-06-17,Health,F,Infection Control Deficiencies,0880,Provide and implement an infection prevention and control program.,F,"Deficient, Provider has date of correction",2024-07-15,2,Y,N,N,N,N,"200 Wampanoag Trail,East Providence,RI,02915",2026-06-01
415002,Hattie Ide Chaffee Home,200 Wampanoag Trail,East Providence,RI,02915,2024-01-10,Health,F,Resident Assessment and Care Planning Deficiencies,0658,Ensure services provided by the nursing facility meet professional standards of quality.,D,"Deficient, Provider has date of correction",2024-02-09,3,N,Y,N,N,N,"200 Wampanoag Trail,East Providence,RI,02915",2026-06-01
415002,Hattie Ide Chaffee Home,200 Wampanoag Trail,East Providence,RI,02915,2023-05-19,Health,F,Quality of Life and Care Deficiencies,0684,"Provide appropriate treatment and care according to orders, resident’s preferences and goals.",E,"Deficient, Provider has date of correction",2023-06-18,3,Y,N,N,N,N,"200 Wampanoag Trail,East Providence,RI,02915",2026-06-01
415002,Hattie Ide Chaffee Home,200 Wampanoag Trail,East Providence,RI,02915,2023-05-19,Health,F,Infection Control Deficiencies,0880,Provide and implement an infection prevention and control program.,D,"Deficient, Provider has date of correction",2023-06-18,3,Y,N,N,N,N,"200 Wampanoag Trail,East Providence,RI,02915",2026-06-01
415004,Royal of Westerly Nursing Center,79 Beach Street,Westerly,RI,02891,2026-02-19,Health,F,Resident Rights Deficiencies,0552,"Ensure that residents are fully informed and understand their health status, care and treatments.",E,"Deficient, Provider has date of correction",2026-03-27,1,Y,N,N,N,N,"79 Beach Street,Westerly,RI,02891",2026-06-01
415004,Royal of Westerly Nursing Center,79 Beach Street,Westerly,RI,02891,2026-02-19,Health,F,Resident Assessment and Care Planning Deficiencies,0658,Ensure services provided by the nursing facility meet professional standards of quality.,E,"Deficient, Provider has date of correction",2026-03-27,1,Y,N,N,N,N,"79 Beach Street,Westerly,RI,02891",2026-06-01
415004,Royal of Westerly Nursing Center,79 Beach Street,Westerly,RI,02891,2026-02-19,Health,F,Quality of Life and Care Deficiencies,0684,"Provide appropriate treatment and care according to orders, resident’s preferences and goals.",D,"Deficient, Provider has date of correction",2026-03-27,1,Y,N,N,N,N,"79 Beach Street,Westerly,RI,02891",2026-06-01
415004,Royal of Westerly Nursing Center,79 Beach Street,Westerly,RI,02891,2026-02-19,Health,F,Quality of Life and Care Deficiencies,0690,"Provide appropriate care for residents who are continent or incontinent of bowel/bladder, appropriate catheter care,  and appropriate care  to prevent urinary tract infections.",E,"Deficient, Provider has date of correction",2026-03-27,1,Y,N,N,N,N,"79 Beach Street,Westerly,RI,02891",2026-06-01
415004,Royal of Westerly Nursing Center,79 Beach Street,Westerly,RI,02891,2026-02-19,Health,F,Nursing and Physician Services Deficiencies,0710,Obtain a doctor's order to admit a resident and ensure the resident is under a doctor's care.,E,"Deficient, Provider has date of correction",2026-03-27,1,Y,N,N,N,N,"79 Beach Street,Westerly,RI,02891",2026-06-01
415004,Royal of Westerly Nursing Center,79 Beach Street,Westerly,RI,02891,2026-02-19,Health,F,Pharmacy Service Deficiencies,0757,Ensure each resident’s drug regimen must be free from unnecessary drugs.,E,"Deficient, Provider has date of correction",2026-03-27,1,Y,N,N,N,N,"79 Beach Street,Westerly,RI,02891",2026-06-01
415004,Royal of Westerly Nursing Center,79 Beach Street,Westerly,RI,02891,2026-02-19,Health,F,Pharmacy Service Deficiencies,0761,"Ensure drugs and biologicals used in the facility are labeled in accordance with currently accepted professional principles; and all drugs and biologicals must be stored in locked compartments, separately locked, compartments for controlled drugs.",E,"Deficient, Provider has date of correction",2026-03-27,1,Y,N,N,N,N,"79 Beach Street,Westerly,RI,02891",2026-06-01
415004,Royal of Westerly Nursing Center,79 Beach Street,Westerly,RI,02891,2026-02-19,Health,F,Resident Assessment and Care Planning Deficiencies,0842,Safeguard resident-identifiable information and/or maintain medical records on each resident that are in accordance with accepted professional standards.,D,"Deficient, Provider has date of correction",2026-03-27,1,Y,N,N,N,N,"79 Beach Street,Westerly,RI,02891",2026-06-01
415004,Royal of Westerly Nursing Center,79 Beach Street,Westerly,RI,02891,2026-02-19,Health,F,Infection Control Deficiencies,0881,Implement a program that monitors antibiotic use.,E,"Deficient, Provider has date of correction",2026-03-27,1,Y,N,N,N,N,"79 Beach Street,Westerly,RI,02891",2026-06-01
415004,Royal of Westerly Nursing Center,79 Beach Street,Westerly,RI,02891,2025-02-04,Health,F,Quality of Life and Care Deficiencies,0684,"Provide appropriate treatment and care according to orders, resident’s preferences and goals.",G,"Deficient, Provider has date of correction",2025-02-28,2,N,Y,N,N,N,"79 Beach Street,Westerly,RI,02891",2026-06-01
415004,Royal of Westerly Nursing Center,79 Beach Street,Westerly,RI,02891,2025-02-04,Health,F,Quality of Life and Care Deficiencies,0690,"Provide appropriate care for residents who are continent or incontinent of bowel/bladder, appropriate catheter care,  and appropriate care  to prevent urinary tract infections.",D,"Deficient, Provider has date of correction",2025-02-28,2,N,Y,N,N,N,"79 Beach Street,Westerly,RI,02891",2026-06-01
415004,Royal of Westerly Nursing Center,79 Beach Street,Westerly,RI,02891,2024-12-05,Health,F,Quality of Life and Care Deficiencies,0684,"Provide appropriate treatment and care according to orders, resident’s preferences and goals.",D,"Deficient, Provider has date of correction",2024-12-25,2,Y,N,N,N,N,"79 Beach Street,Westerly,RI,02891",2026-06-01
415004,Royal of Westerly Nursing Center,79 Beach Street,Westerly,RI,02891,2024-12-05,Health,F,Pharmacy Service Deficiencies,0757,Ensure each resident’s drug regimen must be free from unnecessary drugs.,D,"Deficient, Provider has date of correction",2024-12-25,2,Y,N,N,N,N,"79 Beach Street,Westerly,RI,02891",2026-06-01
415004,Royal of Westerly Nursing Center,79 Beach Street,Westerly,RI,02891,2024-12-05,Health,F,Infection Control Deficiencies,0880,Provide and implement an infection prevention and control program.,D,"Deficient, Provider has date of correction",2024-12-25,2,Y,N,N,N,N,"79 Beach Street,Westerly,RI,02891",2026-06-01
415004,Royal of Westerly Nursing Center,79 Beach Street,Westerly,RI,02891,2023-07-27,Health,F,Quality of Life and Care Deficiencies,0684,"Provide appropriate treatment and care according to orders, resident’s preferences and goals.",D,"Deficient, Provider has date of correction",2023-08-15,3,N,Y,N,N,N,"79 Beach Street,Westerly,RI,02891",2026-06-01
415004,Royal of Westerly Nursing Center,79 Beach Street,Westerly,RI,02891,2023-06-02,Health,F,"Freedom from Abuse, Neglect, and Exploitation Deficiencies",0609,"Timely report suspected abuse, neglect, or theft and report the results of the investigation to proper authorities.",D,"Deficient, Provider has date of correction",2023-06-21,3,N,Y,N,N,N,"79 Beach Street,Westerly,RI,02891",2026-06-01
415004,Royal of Westerly Nursing Center,79 Beach Street,Westerly,RI,02891,2023-06-02,Health,F,Quality of Life and Care Deficiencies,0689,Ensure that a nursing home area is free from accident hazards and provides adequate supervision to prevent accidents.,D,"Deficient, Provider has date of correction",2023-06-21,3,N,Y,N,N,N,"79 Beach Street,Westerly,RI,02891",2026-06-01
415004,Royal of Westerly Nursing Center,79 Beach Street,Westerly,RI,02891,2024-01-12,Health,F,Resident Rights Deficiencies,0568,"Properly hold, secure, and manage each resident's personal money which is deposited with the nursing home.",B,"Deficient, Provider has date of correction",2024-02-11,3,Y,N,N,N,N,"79 Beach Street,Westerly,RI,02891",2026-06-01
415004,Royal of Westerly Nursing Center,79 Beach Street,Westerly,RI,02891,2024-01-12,Health,F,Pharmacy Service Deficiencies,0755,Provide pharmaceutical services to meet the needs of each resident and employ or obtain the services of a licensed pharmacist.,E,"Deficient, Provider has date of correction",2024-02-11,3,Y,N,N,N,N,"79 Beach Street,Westerly,RI,02891",2026-06-01
415004,Royal of Westerly Nursing Center,79 Beach Street,Westerly,RI,02891,2024-01-12,Health,F,Pharmacy Service Deficiencies,0760,Ensure that residents are free from significant medication errors.,D,"Deficient, Provider has date of correction",2024-02-11,3,Y,N,N,N,N,"79 Beach Street,Westerly,RI,02891",2026-06-01
415004,Royal of Westerly Nursing Center,79 Beach Street,Westerly,RI,02891,2024-01-12,Health,F,Pharmacy Service Deficiencies,0761,"Ensure drugs and biologicals used in the facility are labeled in accordance with currently accepted professional principles; and all drugs and biologicals must be stored in locked compartments, separately locked, compartments for controlled drugs.",E,"Deficient, Provider has date of correction",2024-02-11,3,Y,N,N,N,N,"79 Beach Street,Westerly,RI,02891",2026-06-01
415008,Greenwood Operations DBA Greenwood Center,1139 Main Avenue,Warwick,RI,02886,2026-02-18,Health,F,Quality of Life and Care Deficiencies,0684,"Provide appropriate treatment and care according to orders, resident’s preferences and goals.",J,"Deficient, Provider has date of correction",2026-03-20,1,N,Y,N,N,N,"1139 Main Avenue,Warwick,RI,02886",2026-06-01
415008,Greenwood Operations DBA Greenwood Center,1139 Main Avenue,Warwick,RI,02886,2026-02-18,Health,F,Quality of Life and Care Deficiencies,0695,Provide safe and appropriate respiratory care for a resident when needed.,D,"Deficient, Provider has date of correction",2026-03-20,1,N,Y,N,N,N,"1139 Main Avenue,Warwick,RI,02886",2026-06-01
415008,Greenwood Operations DBA Greenwood Center,1139 Main Avenue,Warwick,RI,02886,2026-02-18,Health,F,Nursing and Physician Services Deficiencies,0726,Ensure that nurses and nurse aides have the appropriate competencies to care for every resident in a way that maximizes each resident's well being.,K,"Deficient, Provider has date of correction",2026-03-20,1,N,Y,N,N,N,"1139 Main Avenue,Warwick,RI,02886",2026-06-01
415008,Greenwood Operations DBA Greenwood Center,1139 Main Avenue,Warwick,RI,02886,2026-02-18,Health,F,Pharmacy Service Deficiencies,0760,Ensure that residents are free from significant medication errors.,G,"Deficient, Provider has date of correction",2026-03-20,1,N,Y,N,N,N,"1139 Main Avenue,Warwick,RI,02886",2026-06-01
415008,Greenwood Operations DBA Greenwood Center,1139 Main Avenue,Warwick,RI,02886,2026-02-18,Health,F,Resident Assessment and Care Planning Deficiencies,0842,Safeguard resident-identifiable information and/or maintain medical records on each resident that are in accordance with accepted professional standards.,D,"Deficient, Provider has date of correction",2026-03-20,1,N,Y,N,N,Y,"1139 Main Avenue,Warwick,RI,02886",2026-06-01
415008,Greenwood Operations DBA Greenwood Center,1139 Main Avenue,Warwick,RI,02886,2025-12-12,Health,F,Pharmacy Service Deficiencies,0760,Ensure that residents are free from significant medication errors.,G,"Deficient, Provider has date of correction",2026-01-11,1,N,Y,N,N,N,"1139 Main Avenue,Warwick,RI,02886",2026-06-01
415008,Greenwood Operations DBA Greenwood Center,1139 Main Avenue,Warwick,RI,02886,2025-09-11,Health,F,"Freedom from Abuse, Neglect, and Exploitation Deficiencies",0600,"Protect each resident from all types of abuse such as physical, mental, sexual abuse, physical punishment, and neglect by anybody.",D,"Deficient, Provider has date of correction",2025-10-11,1,N,Y,N,N,N,"1139 Main Avenue,Warwick,RI,02886",2026-06-01
415008,Greenwood Operations DBA Greenwood Center,1139 Main Avenue,Warwick,RI,02886,2025-09-11,Health,F,"Freedom from Abuse, Neglect, and Exploitation Deficiencies",0610,Respond appropriately to all alleged violations.,D,"Deficient, Provider has date of correction",2025-10-11,1,N,Y,N,N,N,"1139 Main Avenue,Warwick,RI,02886",2026-06-01
415008,Greenwood Operations DBA Greenwood Center,1139 Main Avenue,Warwick,RI,02886,2025-09-04,Health,F,Resident Assessment and Care Planning Deficiencies,0658,Ensure services provided by the nursing facility meet professional standards of quality.,E,"Deficient, Provider has date of correction",2025-10-04,1,N,Y,N,N,N,"1139 Main Avenue,Warwick,RI,02886",2026-06-01
415008,Greenwood Operations DBA Greenwood Center,1139 Main Avenue,Warwick,RI,02886,2025-09-04,Health,F,Resident Assessment and Care Planning Deficiencies,0842,Safeguard resident-identifiable information and/or maintain medical records on each resident that are in accordance with accepted professional standards.,E,"Deficient, Provider has date of correction",2025-10-04,1,N,Y,N,N,N,"1139 Main Avenue,Warwick,RI,02886",2026-06-01
415008,Greenwood Operations DBA Greenwood Center,1139 Main Avenue,Warwick,RI,02886,2025-08-14,Health,F,Pharmacy Service Deficiencies,0757,Ensure each resident’s drug regimen must be free from unnecessary drugs.,D,"Deficient, Provider has date of correction",2025-09-13,1,N,Y,N,N,N,"1139 Main Avenue,Warwick,RI,02886",2026-06-01
415008,Greenwood Operations DBA Greenwood Center,1139 Main Avenue,Warwick,RI,02886,2025-03-06,Health,F,Resident Rights Deficiencies,0550,"Honor the resident's right to a dignified existence, self-determination, communication, and to exercise his or her rights.",E,"Deficient, Provider has date of correction",2025-04-03,1,Y,Y,N,N,N,"1139 Main Avenue,Warwick,RI,02886",2026-06-01
415008,Greenwood Operations DBA Greenwood Center,1139 Main Avenue,Warwick,RI,02886,2025-03-06,Health,F,Resident Rights Deficiencies,0578,"Honor the resident's right to request, refuse, and/or discontinue treatment, to participate in or refuse to participate in experimental research, and to formulate an advance directive.",D,"Deficient, Provider has date of correction",2025-04-03,1,Y,Y,N,N,N,"1139 Main Avenue,Warwick,RI,02886",2026-06-01
415008,Greenwood Operations DBA Greenwood Center,1139 Main Avenue,Warwick,RI,02886,2025-03-06,Health,F,Quality of Life and Care Deficiencies,0689,Ensure that a nursing home area is free from accident hazards and provides adequate supervision to prevent accidents.,D,"Deficient, Provider has date of correction",2025-04-03,1,Y,Y,N,N,N,"1139 Main Avenue,Warwick,RI,02886",2026-06-01
415008,Greenwood Operations DBA Greenwood Center,1139 Main Avenue,Warwick,RI,02886,2025-03-06,Health,F,Quality of Life and Care Deficiencies,0695,Provide safe and appropriate respiratory care for a resident when needed.,D,"Deficient, Provider has date of correction",2025-04-03,1,Y,Y,N,N,N,"1139 Main Avenue,Warwick,RI,02886",2026-06-01
415008,Greenwood Operations DBA Greenwood Center,1139 Main Avenue,Warwick,RI,02886,2025-03-06,Health,F,Quality of Life and Care Deficiencies,0698,"Provide safe, appropriate dialysis care/services for a resident who requires such services.",D,"Deficient, Provider has date of correction",2025-04-03,1,Y,Y,N,N,N,"1139 Main Avenue,Warwick,RI,02886",2026-06-01
415008,Greenwood Operations DBA Greenwood Center,1139 Main Avenue,Warwick,RI,02886,2025-03-06,Health,F,Pharmacy Service Deficiencies,0757,Ensure each resident’s drug regimen must be free from unnecessary drugs.,D,"Deficient, Provider has date of correction",2025-04-03,1,Y,Y,N,N,N,"1139 Main Avenue,Warwick,RI,02886",2026-06-01
415008,Greenwood Operations DBA Greenwood Center,1139 Main Avenue,Warwick,RI,02886,2025-03-06,Health,F,Pharmacy Service Deficiencies,0761,"Ensure drugs and biologicals used in the facility are labeled in accordance with currently accepted professional principles; and all drugs and biologicals must be stored in locked compartments, separately locked, compartments for controlled drugs.",D,"Deficient, Provider has date of correction",2025-04-03,1,Y,Y,N,N,N,"1139 Main Avenue,Warwick,RI,02886",2026-06-01
415008,Greenwood Operations DBA Greenwood Center,1139 Main Avenue,Warwick,RI,02886,2025-03-06,Health,F,Nutrition and Dietary Deficiencies,0805,Ensure each resident receives and the facility provides food prepared in a form designed to meet individual needs.,D,"Deficient, Provider has date of correction",2025-04-03,1,Y,Y,N,N,N,"1139 Main Avenue,Warwick,RI,02886",2026-06-01
415008,Greenwood Operations DBA Greenwood Center,1139 Main Avenue,Warwick,RI,02886,2025-03-06,Health,F,Nutrition and Dietary Deficiencies,0812,"Procure food from sources approved or considered satisfactory and store, prepare, distribute and serve food in accordance with professional standards.",F,"Deficient, Provider has date of correction",2025-04-03,1,Y,Y,N,N,N,"1139 Main Avenue,Warwick,RI,02886",2026-06-01
415008,Greenwood Operations DBA Greenwood Center,1139 Main Avenue,Warwick,RI,02886,2025-03-06,Health,F,Infection Control Deficiencies,0880,Provide and implement an infection prevention and control program.,D,"Deficient, Provider has date of correction",2025-04-03,1,Y,Y,N,N,N,"1139 Main Avenue,Warwick,RI,02886",2026-06-01
415008,Greenwood Operations DBA Greenwood Center,1139 Main Avenue,Warwick,RI,02886,2025-03-06,Health,F,Environmental Deficiencies,0921,"Make sure that the nursing home area is safe, easy to use, clean and comfortable for residents, staff and the public.",D,"Deficient, Provider has date of correction",2025-04-03,1,Y,Y,N,N,N,"1139 Main Avenue,Warwick,RI,02886",2026-06-01
415008,Greenwood Operations DBA Greenwood Center,1139 Main Avenue,Warwick,RI,02886,2024-03-22,Health,F,Resident Assessment and Care Planning Deficiencies,0641,Ensure each resident receives an accurate assessment.,D,"Deficient, Provider has date of correction",2024-04-16,2,Y,N,N,N,N,"1139 Main Avenue,Warwick,RI,02886",2026-06-01
415008,Greenwood Operations DBA Greenwood Center,1139 Main Avenue,Warwick,RI,02886,2024-03-22,Health,F,Resident Assessment and Care Planning Deficiencies,0655,Create and put into place a plan for meeting the resident's most immediate needs within 48 hours of being admitted,D,"Deficient, Provider has date of correction",2024-04-16,2,Y,N,N,N,N,"1139 Main Avenue,Warwick,RI,02886",2026-06-01
415008,Greenwood Operations DBA Greenwood Center,1139 Main Avenue,Warwick,RI,02886,2024-03-22,Health,F,Resident Assessment and Care Planning Deficiencies,0658,Ensure services provided by the nursing facility meet professional standards of quality.,E,"Deficient, Provider has date of correction",2024-04-16,2,Y,N,N,N,N,"1139 Main Avenue,Warwick,RI,02886",2026-06-01
415008,Greenwood Operations DBA Greenwood Center,1139 Main Avenue,Warwick,RI,02886,2024-03-22,Health,F,Quality of Life and Care Deficiencies,0677,Provide care and assistance to perform activities of daily living for any resident who is unable.,D,"Deficient, Provider has date of correction",2024-04-16,2,Y,N,N,N,N,"1139 Main Avenue,Warwick,RI,02886",2026-06-01
415008,Greenwood Operations DBA Greenwood Center,1139 Main Avenue,Warwick,RI,02886,2024-03-22,Health,F,Quality of Life and Care Deficiencies,0686,Provide appropriate pressure ulcer care and prevent new ulcers from developing.,G,"Deficient, Provider has date of correction",2024-04-16,2,Y,N,N,N,N,"1139 Main Avenue,Warwick,RI,02886",2026-06-01
415008,Greenwood Operations DBA Greenwood Center,1139 Main Avenue,Warwick,RI,02886,2024-03-22,Health,F,Quality of Life and Care Deficiencies,0689,Ensure that a nursing home area is free from accident hazards and provides adequate supervision to prevent accidents.,K,"Deficient, Provider has date of correction",2024-04-16,2,Y,N,N,N,N,"1139 Main Avenue,Warwick,RI,02886",2026-06-01
415008,Greenwood Operations DBA Greenwood Center,1139 Main Avenue,Warwick,RI,02886,2024-03-22,Health,F,Quality of Life and Care Deficiencies,0690,"Provide appropriate care for residents who are continent or incontinent of bowel/bladder, appropriate catheter care,  and appropriate care  to prevent urinary tract infections.",E,"Deficient, Provider has date of correction",2024-04-16,2,Y,N,N,N,N,"1139 Main Avenue,Warwick,RI,02886",2026-06-01
415008,Greenwood Operations DBA Greenwood Center,1139 Main Avenue,Warwick,RI,02886,2024-03-22,Health,F,Quality of Life and Care Deficiencies,0698,"Provide safe, appropriate dialysis care/services for a resident who requires such services.",D,"Deficient, Provider has date of correction",2024-04-16,2,Y,N,N,N,N,"1139 Main Avenue,Warwick,RI,02886",2026-06-01
415008,Greenwood Operations DBA Greenwood Center,1139 Main Avenue,Warwick,RI,02886,2024-03-22,Health,F,Pharmacy Service Deficiencies,0758,"Implement gradual dose reductions(GDR) and non-pharmacological interventions, unless contraindicated, prior to initiating or instead of continuing psychotropic medication; and PRN orders for psychotropic medications are only used when the medication is necessary and PRN use is limited.",D,"Deficient, Provider has date of correction",2024-04-16,2,Y,N,N,N,N,"1139 Main Avenue,Warwick,RI,02886",2026-06-01
415008,Greenwood Operations DBA Greenwood Center,1139 Main Avenue,Warwick,RI,02886,2024-03-22,Health,F,Pharmacy Service Deficiencies,0761,"Ensure drugs and biologicals used in the facility are labeled in accordance with currently accepted professional principles; and all drugs and biologicals must be stored in locked compartments, separately locked, compartments for controlled drugs.",D,"Deficient, Provider has date of correction",2024-04-16,2,Y,N,N,N,N,"1139 Main Avenue,Warwick,RI,02886",2026-06-01
415008,Greenwood Operations DBA Greenwood Center,1139 Main Avenue,Warwick,RI,02886,2024-03-22,Health,F,Quality of Life and Care Deficiencies,0790,Provide routine and 24-hour emergency dental care for each resident.,D,"Deficient, Provider has date of correction",2024-04-16,2,Y,N,N,N,N,"1139 Main Avenue,Warwick,RI,02886",2026-06-01
415008,Greenwood Operations DBA Greenwood Center,1139 Main Avenue,Warwick,RI,02886,2024-03-22,Health,F,Infection Control Deficiencies,0880,Provide and implement an infection prevention and control program.,E,"Deficient, Provider has date of correction",2024-04-16,2,Y,N,N,N,N,"1139 Main Avenue,Warwick,RI,02886",2026-06-01
415008,Greenwood Operations DBA Greenwood Center,1139 Main Avenue,Warwick,RI,02886,2024-03-22,Health,F,Environmental Deficiencies,0921,"Make sure that the nursing home area is safe, easy to use, clean and comfortable for residents, staff and the public.",E,"Deficient, Provider has date of correction",2024-04-16,2,Y,N,N,N,N,"1139 Main Avenue,Warwick,RI,02886",2026-06-01
415008,Greenwood Operations DBA Greenwood Center,1139 Main Avenue,Warwick,RI,02886,2023-11-21,Health,F,Quality of Life and Care Deficiencies,0684,"Provide appropriate treatment and care according to orders, resident’s preferences and goals.",G,"Deficient, Provider has date of correction",2023-12-20,3,N,Y,N,N,N,"1139 Main Avenue,Warwick,RI,02886",2026-06-01
415008,Greenwood Operations DBA Greenwood Center,1139 Main Avenue,Warwick,RI,02886,2023-08-07,Health,F,Resident Rights Deficiencies,0584,"Honor the resident's right to a safe, clean, comfortable and homelike environment, including but not limited to receiving treatment and supports for daily living safely.",D,"Deficient, Provider has date of correction",2023-08-19,3,N,Y,N,N,N,"1139 Main Avenue,Warwick,RI,02886",2026-06-01
415008,Greenwood Operations DBA Greenwood Center,1139 Main Avenue,Warwick,RI,02886,2023-02-02,Health,F,Quality of Life and Care Deficiencies,0689,Ensure that a nursing home area is free from accident hazards and provides adequate supervision to prevent accidents.,F,"Deficient, Provider has date of correction",2023-03-04,3,Y,N,N,N,N,"1139 Main Avenue,Warwick,RI,02886",2026-06-01
415008,Greenwood Operations DBA Greenwood Center,1139 Main Avenue,Warwick,RI,02886,2023-02-02,Health,F,Nutrition and Dietary Deficiencies,0812,"Procure food from sources approved or considered satisfactory and store, prepare, distribute and serve food in accordance with professional standards.",F,"Deficient, Provider has date of correction",2023-03-04,3,Y,N,N,N,N,"1139 Main Avenue,Warwick,RI,02886",2026-06-01
415008,Greenwood Operations DBA Greenwood Center,1139 Main Avenue,Warwick,RI,02886,2023-02-02,Health,F,Infection Control Deficiencies,0880,Provide and implement an infection prevention and control program.,F,"Deficient, Provider has date of correction",2023-03-04,3,Y,N,N,N,N,"1139 Main Avenue,Warwick,RI,02886",2026-06-01
415008,Greenwood Operations DBA Greenwood Center,1139 Main Avenue,Warwick,RI,02886,2023-02-02,Health,F,Environmental Deficiencies,0921,"Make sure that the nursing home area is safe, easy to use, clean and comfortable for residents, staff and the public.",F,"Deficient, Provider has date of correction",2023-03-04,3,Y,N,N,N,N,"1139 Main Avenue,Warwick,RI,02886",2026-06-01
415009,Kent Regency Center,660 Commonwealth Avenue,Warwick,RI,02886,2025-09-05,Health,F,Resident Rights Deficiencies,0577,Allow residents to easily view the nursing home's survey results and communicate with advocate agencies.,C,"Deficient, Provider has date of correction",2025-10-13,1,Y,N,N,N,N,"660 Commonwealth Avenue,Warwick,RI,02886",2026-06-01
415009,Kent Regency Center,660 Commonwealth Avenue,Warwick,RI,02886,2025-09-05,Health,F,Quality of Life and Care Deficiencies,0684,"Provide appropriate treatment and care according to orders, resident’s preferences and goals.",E,"Deficient, Provider has date of correction",2025-10-13,1,Y,N,N,N,N,"660 Commonwealth Avenue,Warwick,RI,02886",2026-06-01
415009,Kent Regency Center,660 Commonwealth Avenue,Warwick,RI,02886,2025-09-05,Health,F,Quality of Life and Care Deficiencies,0686,Provide appropriate pressure ulcer care and prevent new ulcers from developing.,E,"Deficient, Provider has date of correction",2025-10-13,1,Y,N,N,N,N,"660 Commonwealth Avenue,Warwick,RI,02886",2026-06-01
415009,Kent Regency Center,660 Commonwealth Avenue,Warwick,RI,02886,2025-09-05,Health,F,Pharmacy Service Deficiencies,0761,"Ensure drugs and biologicals used in the facility are labeled in accordance with currently accepted professional principles; and all drugs and biologicals must be stored in locked compartments, separately locked, compartments for controlled drugs.",E,"Deficient, Provider has date of correction",2025-10-13,1,Y,N,N,N,N,"660 Commonwealth Avenue,Warwick,RI,02886",2026-06-01
415009,Kent Regency Center,660 Commonwealth Avenue,Warwick,RI,02886,2024-07-24,Health,F,Resident Assessment and Care Planning Deficiencies,0661,"Ensure necessary information is communicated to the resident, and receiving health care provider at the time of a planned discharge.",D,"Deficient, Provider has date of correction",2024-08-23,2,N,Y,N,N,N,"660 Commonwealth Avenue,Warwick,RI,02886",2026-06-01
415009,Kent Regency Center,660 Commonwealth Avenue,Warwick,RI,02886,2024-08-21,Health,F,Quality of Life and Care Deficiencies,0692,Provide enough food/fluids to maintain a resident's health.,E,"Deficient, Provider has date of correction",2024-09-20,2,Y,N,N,N,N,"660 Commonwealth Avenue,Warwick,RI,02886",2026-06-01
415009,Kent Regency Center,660 Commonwealth Avenue,Warwick,RI,02886,2024-08-21,Health,F,Nursing and Physician Services Deficiencies,0730,Observe each nurse aide's job performance and give regular training.,F,"Deficient, Provider has date of correction",2024-09-20,2,Y,N,N,N,N,"660 Commonwealth Avenue,Warwick,RI,02886",2026-06-01
415009,Kent Regency Center,660 Commonwealth Avenue,Warwick,RI,02886,2024-08-21,Health,F,Nutrition and Dietary Deficiencies,0812,"Procure food from sources approved or considered satisfactory and store, prepare, distribute and serve food in accordance with professional standards.",E,"Deficient, Provider has date of correction",2024-09-20,2,Y,N,N,N,N,"660 Commonwealth Avenue,Warwick,RI,02886",2026-06-01
415009,Kent Regency Center,660 Commonwealth Avenue,Warwick,RI,02886,2024-08-21,Health,F,Resident Assessment and Care Planning Deficiencies,0656,"Develop and implement a complete care plan that meets all the resident's needs, with timetables and actions that can be measured.",E,"Deficient, Provider has date of correction",2024-09-20,2,Y,Y,N,N,N,"660 Commonwealth Avenue,Warwick,RI,02886",2026-06-01
415009,Kent Regency Center,660 Commonwealth Avenue,Warwick,RI,02886,2024-03-13,Health,F,Quality of Life and Care Deficiencies,0689,Ensure that a nursing home area is free from accident hazards and provides adequate supervision to prevent accidents.,D,"Deficient, Provider has date of correction",2024-04-10,3,N,Y,N,N,N,"660 Commonwealth Avenue,Warwick,RI,02886",2026-06-01
415009,Kent Regency Center,660 Commonwealth Avenue,Warwick,RI,02886,2023-09-20,Health,F,Quality of Life and Care Deficiencies,0689,Ensure that a nursing home area is free from accident hazards and provides adequate supervision to prevent accidents.,D,"Deficient, Provider has date of correction",2023-10-20,3,N,Y,N,N,N,"660 Commonwealth Avenue,Warwick,RI,02886",2026-06-01
415009,Kent Regency Center,660 Commonwealth Avenue,Warwick,RI,02886,2023-09-14,Health,F,Resident Assessment and Care Planning Deficiencies,0658,Ensure services provided by the nursing facility meet professional standards of quality.,D,"Deficient, Provider has date of correction",2023-10-14,3,N,Y,N,N,N,"660 Commonwealth Avenue,Warwick,RI,02886",2026-06-01
415009,Kent Regency Center,660 Commonwealth Avenue,Warwick,RI,02886,2023-08-01,Health,F,Resident Rights Deficiencies,0584,"Honor the resident's right to a safe, clean, comfortable and homelike environment, including but not limited to receiving treatment and supports for daily living safely.",E,"Deficient, Provider has date of correction",2023-08-18,3,N,Y,N,N,N,"660 Commonwealth Avenue,Warwick,RI,02886",2026-06-01
415009,Kent Regency Center,660 Commonwealth Avenue,Warwick,RI,02886,2023-08-01,Health,F,Infection Control Deficiencies,0880,Provide and implement an infection prevention and control program.,F,"Deficient, Provider has date of correction",2023-08-18,3,N,Y,N,N,N,"660 Commonwealth Avenue,Warwick,RI,02886",2026-06-01
415009,Kent Regency Center,660 Commonwealth Avenue,Warwick,RI,02886,2023-08-23,Health,F,Quality of Life and Care Deficiencies,0686,Provide appropriate pressure ulcer care and prevent new ulcers from developing.,D,"Deficient, Provider has date of correction",2023-09-22,3,Y,N,N,N,N,"660 Commonwealth Avenue,Warwick,RI,02886",2026-06-01
415009,Kent Regency Center,660 Commonwealth Avenue,Warwick,RI,02886,2023-08-23,Health,F,Quality of Life and Care Deficiencies,0689,Ensure that a nursing home area is free from accident hazards and provides adequate supervision to prevent accidents.,D,"Deficient, Provider has date of correction",2023-09-22,3,Y,N,N,N,N,"660 Commonwealth Avenue,Warwick,RI,02886",2026-06-01
415009,Kent Regency Center,660 Commonwealth Avenue,Warwick,RI,02886,2023-08-23,Health,F,Quality of Life and Care Deficiencies,0698,"Provide safe, appropriate dialysis care/services for a resident who requires such services.",E,Past Non-Compliance,2023-08-22,3,Y,N,N,N,N,"660 Commonwealth Avenue,Warwick,RI,02886",2026-06-01
415009,Kent Regency Center,660 Commonwealth Avenue,Warwick,RI,02886,2023-08-23,Health,F,Nursing and Physician Services Deficiencies,0726,Ensure that nurses and nurse aides have the appropriate competencies to care for every resident in a way that maximizes each resident's well being.,F,"Deficient, Provider has date of correction",2023-09-22,3,Y,N,N,N,N,"660 Commonwealth Avenue,Warwick,RI,02886",2026-06-01
415009,Kent Regency Center,660 Commonwealth Avenue,Warwick,RI,02886,2023-08-23,Health,F,Pharmacy Service Deficiencies,0759,Ensure medication error rates are not 5 percent or greater.,D,"Deficient, Provider has date of correction",2023-09-22,3,Y,N,N,N,N,"660 Commonwealth Avenue,Warwick,RI,02886",2026-06-01
415009,Kent Regency Center,660 Commonwealth Avenue,Warwick,RI,02886,2023-08-23,Health,F,Infection Control Deficiencies,0880,Provide and implement an infection prevention and control program.,D,"Deficient, Provider has date of correction",2023-09-22,3,Y,N,N,N,N,"660 Commonwealth Avenue,Warwick,RI,02886",2026-06-01
415010,Saint Elizabeth Home East Greenwich,1 Saint Elizabeth Way,East Greenwich,RI,02818,2025-11-28,Health,F,"Freedom from Abuse, Neglect, and Exploitation Deficiencies",0600,"Protect each resident from all types of abuse such as physical, mental, sexual abuse, physical punishment, and neglect by anybody.",D,"Deficient, Provider has date of correction",2025-12-28,1,N,Y,N,N,N,"1 Saint Elizabeth Way,East Greenwich,RI,02818",2026-06-01
415010,Saint Elizabeth Home East Greenwich,1 Saint Elizabeth Way,East Greenwich,RI,02818,2025-06-04,Health,F,"Freedom from Abuse, Neglect, and Exploitation Deficiencies",0600,"Protect each resident from all types of abuse such as physical, mental, sexual abuse, physical punishment, and neglect by anybody.",D,"Deficient, Provider has date of correction",2025-07-04,1,N,Y,N,N,N,"1 Saint Elizabeth Way,East Greenwich,RI,02818",2026-06-01
415010,Saint Elizabeth Home East Greenwich,1 Saint Elizabeth Way,East Greenwich,RI,02818,2025-02-20,Health,F,Resident Assessment and Care Planning Deficiencies,0658,Ensure services provided by the nursing facility meet professional standards of quality.,E,"Deficient, Provider has date of correction",2025-03-22,1,Y,N,N,N,N,"1 Saint Elizabeth Way,East Greenwich,RI,02818",2026-06-01
415010,Saint Elizabeth Home East Greenwich,1 Saint Elizabeth Way,East Greenwich,RI,02818,2025-02-20,Health,F,Nutrition and Dietary Deficiencies,0812,"Procure food from sources approved or considered satisfactory and store, prepare, distribute and serve food in accordance with professional standards.",F,"Deficient, Provider has date of correction",2025-03-22,1,Y,N,N,N,N,"1 Saint Elizabeth Way,East Greenwich,RI,02818",2026-06-01
415010,Saint Elizabeth Home East Greenwich,1 Saint Elizabeth Way,East Greenwich,RI,02818,2025-01-13,Health,F,Quality of Life and Care Deficiencies,0689,Ensure that a nursing home area is free from accident hazards and provides adequate supervision to prevent accidents.,K,"Deficient, Provider has date of correction",2025-02-03,2,N,Y,N,N,N,"1 Saint Elizabeth Way,East Greenwich,RI,02818",2026-06-01
415010,Saint Elizabeth Home East Greenwich,1 Saint Elizabeth Way,East Greenwich,RI,02818,2025-01-13,Health,F,Administration Deficiencies,0835,Administer the facility in a manner that enables it to use its resources effectively and efficiently.,F,"Deficient, Provider has date of correction",2025-02-03,2,N,Y,N,N,N,"1 Saint Elizabeth Way,East Greenwich,RI,02818",2026-06-01
415010,Saint Elizabeth Home East Greenwich,1 Saint Elizabeth Way,East Greenwich,RI,02818,2024-11-25,Health,F,Nutrition and Dietary Deficiencies,0805,Ensure each resident receives and the facility provides food prepared in a form designed to meet individual needs.,J,"Deficient, Provider has date of correction",2024-12-13,2,N,Y,N,N,N,"1 Saint Elizabeth Way,East Greenwich,RI,02818",2026-06-01
415010,Saint Elizabeth Home East Greenwich,1 Saint Elizabeth Way,East Greenwich,RI,02818,2024-10-03,Health,F,"Freedom from Abuse, Neglect, and Exploitation Deficiencies",0600,"Protect each resident from all types of abuse such as physical, mental, sexual abuse, physical punishment, and neglect by anybody.",D,"Deficient, Provider has date of correction",2024-11-02,2,N,Y,N,N,N,"1 Saint Elizabeth Way,East Greenwich,RI,02818",2026-06-01
415010,Saint Elizabeth Home East Greenwich,1 Saint Elizabeth Way,East Greenwich,RI,02818,2024-10-03,Health,F,Quality of Life and Care Deficiencies,0684,"Provide appropriate treatment and care according to orders, resident’s preferences and goals.",D,"Deficient, Provider has date of correction",2024-11-02,2,N,Y,N,N,N,"1 Saint Elizabeth Way,East Greenwich,RI,02818",2026-06-01
415010,Saint Elizabeth Home East Greenwich,1 Saint Elizabeth Way,East Greenwich,RI,02818,2024-03-06,Health,F,Nutrition and Dietary Deficiencies,0805,Ensure each resident receives and the facility provides food prepared in a form designed to meet individual needs.,D,"Deficient, Provider has date of correction",2024-04-05,2,Y,N,N,N,N,"1 Saint Elizabeth Way,East Greenwich,RI,02818",2026-06-01
415010,Saint Elizabeth Home East Greenwich,1 Saint Elizabeth Way,East Greenwich,RI,02818,2024-03-06,Health,F,Nutrition and Dietary Deficiencies,0812,"Procure food from sources approved or considered satisfactory and store, prepare, distribute and serve food in accordance with professional standards.",F,"Deficient, Provider has date of correction",2024-04-05,2,Y,N,N,N,N,"1 Saint Elizabeth Way,East Greenwich,RI,02818",2026-06-01
415010,Saint Elizabeth Home East Greenwich,1 Saint Elizabeth Way,East Greenwich,RI,02818,2024-03-06,Health,F,Nursing and Physician Services Deficiencies,0947,"Ensure nurse aides have the skills they need to care for residents, and give nurse aides education in dementia care and abuse prevention.",D,"Deficient, Provider has date of correction",2024-04-05,2,Y,N,N,N,N,"1 Saint Elizabeth Way,East Greenwich,RI,02818",2026-06-01
415010,Saint Elizabeth Home East Greenwich,1 Saint Elizabeth Way,East Greenwich,RI,02818,2024-03-06,Health,F,Quality of Life and Care Deficiencies,0690,"Provide appropriate care for residents who are continent or incontinent of bowel/bladder, appropriate catheter care,  and appropriate care  to prevent urinary tract infections.",D,"Deficient, Provider has date of correction",2024-04-05,2,Y,Y,N,N,N,"1 Saint Elizabeth Way,East Greenwich,RI,02818",2026-06-01
415010,Saint Elizabeth Home East Greenwich,1 Saint Elizabeth Way,East Greenwich,RI,02818,2024-03-06,Health,F,Administration Deficiencies,0773,Provide or obtain laboratory tests/services when ordered and promptly tell the ordering practitioner of the results.,D,"Deficient, Provider has date of correction",2024-04-05,2,Y,Y,N,N,N,"1 Saint Elizabeth Way,East Greenwich,RI,02818",2026-06-01
415010,Saint Elizabeth Home East Greenwich,1 Saint Elizabeth Way,East Greenwich,RI,02818,2024-01-22,Health,F,Resident Assessment and Care Planning Deficiencies,0658,Ensure services provided by the nursing facility meet professional standards of quality.,D,"Deficient, Provider has date of correction",2024-02-21,3,N,Y,N,N,N,"1 Saint Elizabeth Way,East Greenwich,RI,02818",2026-06-01
415010,Saint Elizabeth Home East Greenwich,1 Saint Elizabeth Way,East Greenwich,RI,02818,2023-12-05,Health,F,Quality of Life and Care Deficiencies,0684,"Provide appropriate treatment and care according to orders, resident’s preferences and goals.",D,"Deficient, Provider has date of correction",2024-01-04,3,N,Y,N,N,N,"1 Saint Elizabeth Way,East Greenwich,RI,02818",2026-06-01
415010,Saint Elizabeth Home East Greenwich,1 Saint Elizabeth Way,East Greenwich,RI,02818,2023-12-05,Health,F,Nursing and Physician Services Deficiencies,0711,"Ensure the resident's doctor reviews the resident's care, writes, signs and dates progress notes and orders, at each required visit.",E,"Deficient, Provider has date of correction",2024-01-04,3,N,Y,N,N,N,"1 Saint Elizabeth Way,East Greenwich,RI,02818",2026-06-01
415010,Saint Elizabeth Home East Greenwich,1 Saint Elizabeth Way,East Greenwich,RI,02818,2023-12-05,Health,F,Pharmacy Service Deficiencies,0758,"Implement gradual dose reductions(GDR) and non-pharmacological interventions, unless contraindicated, prior to initiating or instead of continuing psychotropic medication; and PRN orders for psychotropic medications are only used when the medication is necessary and PRN use is limited.",E,"Deficient, Provider has date of correction",2024-01-04,3,N,Y,N,N,N,"1 Saint Elizabeth Way,East Greenwich,RI,02818",2026-06-01
415010,Saint Elizabeth Home East Greenwich,1 Saint Elizabeth Way,East Greenwich,RI,02818,2023-07-14,Health,F,"Freedom from Abuse, Neglect, and Exploitation Deficiencies",0600,"Protect each resident from all types of abuse such as physical, mental, sexual abuse, physical punishment, and neglect by anybody.",D,"Deficient, Provider has date of correction",2023-08-13,3,N,Y,N,N,N,"1 Saint Elizabeth Way,East Greenwich,RI,02818",2026-06-01
415010,Saint Elizabeth Home East Greenwich,1 Saint Elizabeth Way,East Greenwich,RI,02818,2023-07-14,Health,F,"Freedom from Abuse, Neglect, and Exploitation Deficiencies",0610,Respond appropriately to all alleged violations.,D,"Deficient, Provider has date of correction",2023-08-13,3,N,Y,N,N,N,"1 Saint Elizabeth Way,East Greenwich,RI,02818",2026-06-01
415010,Saint Elizabeth Home East Greenwich,1 Saint Elizabeth Way,East Greenwich,RI,02818,2023-01-23,Health,F,Resident Assessment and Care Planning Deficiencies,0656,"Develop and implement a complete care plan that meets all the resident's needs, with timetables and actions that can be measured.",D,"Deficient, Provider has date of correction",2023-02-22,3,Y,N,N,N,N,"1 Saint Elizabeth Way,East Greenwich,RI,02818",2026-06-01
415010,Saint Elizabeth Home East Greenwich,1 Saint Elizabeth Way,East Greenwich,RI,02818,2023-01-23,Health,F,Quality of Life and Care Deficiencies,0684,"Provide appropriate treatment and care according to orders, resident’s preferences and goals.",D,"Deficient, Provider has date of correction",2023-02-22,3,Y,N,N,N,N,"1 Saint Elizabeth Way,East Greenwich,RI,02818",2026-06-01
415010,Saint Elizabeth Home East Greenwich,1 Saint Elizabeth Way,East Greenwich,RI,02818,2023-01-23,Health,F,Quality of Life and Care Deficiencies,0686,Provide appropriate pressure ulcer care and prevent new ulcers from developing.,E,"Deficient, Provider has date of correction",2023-02-22,3,Y,N,N,N,N,"1 Saint Elizabeth Way,East Greenwich,RI,02818",2026-06-01
415010,Saint Elizabeth Home East Greenwich,1 Saint Elizabeth Way,East Greenwich,RI,02818,2023-01-23,Health,F,Quality of Life and Care Deficiencies,0693,Ensure that feeding tubes are  not used unless there is a medical reason and the resident agrees; and provide appropriate care for a resident with a feeding tube.,D,"Deficient, Provider has date of correction",2023-02-22,3,Y,N,N,N,N,"1 Saint Elizabeth Way,East Greenwich,RI,02818",2026-06-01
415010,Saint Elizabeth Home East Greenwich,1 Saint Elizabeth Way,East Greenwich,RI,02818,2023-01-23,Health,F,Pharmacy Service Deficiencies,0759,Ensure medication error rates are not 5 percent or greater.,D,"Deficient, Provider has date of correction",2023-02-22,3,Y,N,N,N,N,"1 Saint Elizabeth Way,East Greenwich,RI,02818",2026-06-01
415010,Saint Elizabeth Home East Greenwich,1 Saint Elizabeth Way,East Greenwich,RI,02818,2023-01-23,Health,F,Pharmacy Service Deficiencies,0760,Ensure that residents are free from significant medication errors.,D,"Deficient, Provider has date of correction",2023-02-22,3,Y,N,N,N,N,"1 Saint Elizabeth Way,East Greenwich,RI,02818",2026-06-01
415010,Saint Elizabeth Home East Greenwich,1 Saint Elizabeth Way,East Greenwich,RI,02818,2023-01-23,Health,F,Nutrition and Dietary Deficiencies,0812,"Procure food from sources approved or considered satisfactory and store, prepare, distribute and serve food in accordance with professional standards.",F,"Deficient, Provider has date of correction",2023-02-22,3,Y,N,N,N,N,"1 Saint Elizabeth Way,East Greenwich,RI,02818",2026-06-01
415010,Saint Elizabeth Home East Greenwich,1 Saint Elizabeth Way,East Greenwich,RI,02818,2023-01-23,Health,F,Infection Control Deficiencies,0880,Provide and implement an infection prevention and control program.,D,"Deficient, Provider has date of correction",2023-02-22,3,Y,N,N,N,N,"1 Saint Elizabeth Way,East Greenwich,RI,02818",2026-06-01
415012,Briarcliffe Manor,49 Old Pocasset Road,Johnston,RI,02919,2024-02-16,Health,F,Infection Control Deficiencies,0880,Provide and implement an infection prevention and control program.,D,"Deficient, Provider has date of correction",2024-02-29,2,Y,N,N,N,N,"49 Old Pocasset Road,Johnston,RI,02919",2026-06-01
415012,Briarcliffe Manor,49 Old Pocasset Road,Johnston,RI,02919,2023-01-06,Health,F,Resident Rights Deficiencies,0577,Allow residents to easily view the nursing home's survey results and communicate with advocate agencies.,C,"Deficient, Provider has date of correction",2023-01-25,3,Y,N,N,N,N,"49 Old Pocasset Road,Johnston,RI,02919",2026-06-01
415012,Briarcliffe Manor,49 Old Pocasset Road,Johnston,RI,02919,2023-01-06,Health,F,Quality of Life and Care Deficiencies,0692,Provide enough food/fluids to maintain a resident's health.,D,"Deficient, Provider has date of correction",2023-01-25,3,Y,N,N,N,N,"49 Old Pocasset Road,Johnston,RI,02919",2026-06-01
415012,Briarcliffe Manor,49 Old Pocasset Road,Johnston,RI,02919,2023-01-06,Health,F,Nutrition and Dietary Deficiencies,0812,"Procure food from sources approved or considered satisfactory and store, prepare, distribute and serve food in accordance with professional standards.",F,"Deficient, Provider has date of correction",2023-01-25,3,Y,N,N,N,N,"49 Old Pocasset Road,Johnston,RI,02919",2026-06-01
415012,Briarcliffe Manor,49 Old Pocasset Road,Johnston,RI,02919,2023-01-06,Health,F,Infection Control Deficiencies,0888,Ensure staff are vaccinated for COVID-19,D,"Deficient, Provider has date of correction",2023-01-25,3,Y,N,N,N,N,"49 Old Pocasset Road,Johnston,RI,02919",2026-06-01
415014,Grace Barker Nursing Center,54 Barker Avenue,Warren,RI,02885,2025-02-05,Health,F,Resident Assessment and Care Planning Deficiencies,0658,Ensure services provided by the nursing facility meet professional standards of quality.,D,"Deficient, Provider has date of correction",2025-03-07,1,Y,N,N,N,N,"54 Barker Avenue,Warren,RI,02885",2026-06-01
415014,Grace Barker Nursing Center,54 Barker Avenue,Warren,RI,02885,2025-02-05,Health,F,Quality of Life and Care Deficiencies,0695,Provide safe and appropriate respiratory care for a resident when needed.,D,"Deficient, Provider has date of correction",2025-03-07,1,Y,N,N,N,N,"54 Barker Avenue,Warren,RI,02885",2026-06-01
415014,Grace Barker Nursing Center,54 Barker Avenue,Warren,RI,02885,2025-02-05,Health,F,Quality of Life and Care Deficiencies,0744,Provide the appropriate treatment and services to a resident who displays or is diagnosed with dementia.,D,"Deficient, Provider has date of correction",2025-03-07,1,Y,N,N,N,N,"54 Barker Avenue,Warren,RI,02885",2026-06-01
415014,Grace Barker Nursing Center,54 Barker Avenue,Warren,RI,02885,2025-02-05,Health,F,Infection Control Deficiencies,0880,Provide and implement an infection prevention and control program.,E,"Deficient, Provider has date of correction",2025-03-07,1,Y,N,N,N,N,"54 Barker Avenue,Warren,RI,02885",2026-06-01
415014,Grace Barker Nursing Center,54 Barker Avenue,Warren,RI,02885,2024-07-15,Health,F,"Freedom from Abuse, Neglect, and Exploitation Deficiencies",0610,Respond appropriately to all alleged violations.,D,"Deficient, Provider has date of correction",2024-08-09,2,N,Y,N,N,N,"54 Barker Avenue,Warren,RI,02885",2026-06-01
415014,Grace Barker Nursing Center,54 Barker Avenue,Warren,RI,02885,2024-02-23,Health,F,Quality of Life and Care Deficiencies,0684,"Provide appropriate treatment and care according to orders, resident’s preferences and goals.",E,"Deficient, Provider has date of correction",2024-03-22,2,Y,N,N,N,N,"54 Barker Avenue,Warren,RI,02885",2026-06-01
415014,Grace Barker Nursing Center,54 Barker Avenue,Warren,RI,02885,2024-02-23,Health,F,Pharmacy Service Deficiencies,0756,"Ensure a licensed pharmacist perform a monthly drug regimen review, including the medical chart, following irregularity reporting guidelines in developed policies and procedures.",E,"Deficient, Provider has date of correction",2024-03-22,2,Y,N,N,N,N,"54 Barker Avenue,Warren,RI,02885",2026-06-01
415014,Grace Barker Nursing Center,54 Barker Avenue,Warren,RI,02885,2024-02-23,Health,F,Pharmacy Service Deficiencies,0760,Ensure that residents are free from significant medication errors.,E,"Deficient, Provider has date of correction",2024-03-22,2,Y,N,N,N,N,"54 Barker Avenue,Warren,RI,02885",2026-06-01
415014,Grace Barker Nursing Center,54 Barker Avenue,Warren,RI,02885,2024-03-07,Health,F,"Freedom from Abuse, Neglect, and Exploitation Deficiencies",0609,"Timely report suspected abuse, neglect, or theft and report the results of the investigation to proper authorities.",D,"Deficient, Provider has date of correction",2024-04-01,3,N,Y,N,N,N,"54 Barker Avenue,Warren,RI,02885",2026-06-01
415014,Grace Barker Nursing Center,54 Barker Avenue,Warren,RI,02885,2023-09-29,Health,F,Resident Assessment and Care Planning Deficiencies,0658,Ensure services provided by the nursing facility meet professional standards of quality.,G,"Deficient, Provider has date of correction",2023-10-20,3,N,Y,N,N,N,"54 Barker Avenue,Warren,RI,02885",2026-06-01
415014,Grace Barker Nursing Center,54 Barker Avenue,Warren,RI,02885,2023-09-29,Health,F,Quality of Life and Care Deficiencies,0689,Ensure that a nursing home area is free from accident hazards and provides adequate supervision to prevent accidents.,G,"Deficient, Provider has date of correction",2023-10-20,3,N,Y,N,N,N,"54 Barker Avenue,Warren,RI,02885",2026-06-01
415014,Grace Barker Nursing Center,54 Barker Avenue,Warren,RI,02885,2023-09-29,Health,F,Nursing and Physician Services Deficiencies,0728,"Ensure that nurse aides who have worked more than 4 months, are trained and competent; and nurse aides who have worked less than 4 months are enrolled in appropriate training.",J,"Deficient, Provider has date of correction",2023-10-20,3,N,Y,N,N,N,"54 Barker Avenue,Warren,RI,02885",2026-06-01
415014,Grace Barker Nursing Center,54 Barker Avenue,Warren,RI,02885,2023-09-29,Health,F,Administration Deficiencies,0835,Administer the facility in a manner that enables it to use its resources effectively and efficiently.,K,"Deficient, Provider has date of correction",2023-10-20,3,N,Y,N,N,N,"54 Barker Avenue,Warren,RI,02885",2026-06-01
415014,Grace Barker Nursing Center,54 Barker Avenue,Warren,RI,02885,2022-12-09,Health,F,Quality of Life and Care Deficiencies,0686,Provide appropriate pressure ulcer care and prevent new ulcers from developing.,D,"Deficient, Provider has date of correction",2023-01-08,3,Y,N,N,N,N,"54 Barker Avenue,Warren,RI,02885",2026-06-01
415014,Grace Barker Nursing Center,54 Barker Avenue,Warren,RI,02885,2022-12-09,Health,F,Quality of Life and Care Deficiencies,0695,Provide safe and appropriate respiratory care for a resident when needed.,D,"Deficient, Provider has date of correction",2023-01-08,3,Y,N,N,N,N,"54 Barker Avenue,Warren,RI,02885",2026-06-01
415014,Grace Barker Nursing Center,54 Barker Avenue,Warren,RI,02885,2022-12-09,Health,F,Nutrition and Dietary Deficiencies,0812,"Procure food from sources approved or considered satisfactory and store, prepare, distribute and serve food in accordance with professional standards.",F,"Deficient, Provider has date of correction",2023-01-08,3,Y,N,N,N,N,"54 Barker Avenue,Warren,RI,02885",2026-06-01
415014,Grace Barker Nursing Center,54 Barker Avenue,Warren,RI,02885,2022-12-09,Health,F,Infection Control Deficiencies,0880,Provide and implement an infection prevention and control program.,D,"Deficient, Provider has date of correction",2023-01-08,3,Y,N,N,N,N,"54 Barker Avenue,Warren,RI,02885",2026-06-01
415020,Grandview Center,100 Chambers Street,Cumberland,RI,02864,2025-09-09,Health,F,Resident Rights Deficiencies,0627,Ensure the transfer/discharge meets the resident's needs/preferences and that the resident is prepared for a safe transfer/discharge.,D,"Deficient, Provider has date of correction",2025-10-01,1,N,Y,N,N,N,"100 Chambers Street,Cumberland,RI,02864",2026-06-01
415020,Grandview Center,100 Chambers Street,Cumberland,RI,02864,2025-08-21,Health,F,Resident Assessment and Care Planning Deficiencies,0658,Ensure services provided by the nursing facility meet professional standards of quality.,E,"Deficient, Provider has date of correction",2025-09-09,1,Y,N,N,N,N,"100 Chambers Street,Cumberland,RI,02864",2026-06-01
415020,Grandview Center,100 Chambers Street,Cumberland,RI,02864,2025-08-21,Health,F,Quality of Life and Care Deficiencies,0686,Provide appropriate pressure ulcer care and prevent new ulcers from developing.,D,"Deficient, Provider has date of correction",2025-09-09,1,Y,N,N,N,N,"100 Chambers Street,Cumberland,RI,02864",2026-06-01
415020,Grandview Center,100 Chambers Street,Cumberland,RI,02864,2025-08-21,Health,F,Pharmacy Service Deficiencies,0757,Ensure each resident’s drug regimen must be free from unnecessary drugs.,D,"Deficient, Provider has date of correction",2025-09-09,1,Y,N,N,N,N,"100 Chambers Street,Cumberland,RI,02864",2026-06-01
415020,Grandview Center,100 Chambers Street,Cumberland,RI,02864,2025-08-21,Health,F,Nutrition and Dietary Deficiencies,0812,"Procure food from sources approved or considered satisfactory and store, prepare, distribute and serve food in accordance with professional standards.",F,"Deficient, Provider has date of correction",2025-09-09,1,Y,N,N,N,N,"100 Chambers Street,Cumberland,RI,02864",2026-06-01
415020,Grandview Center,100 Chambers Street,Cumberland,RI,02864,2025-08-21,Health,F,Infection Control Deficiencies,0881,Implement a program that monitors antibiotic use.,E,"Deficient, Provider has date of correction",2025-09-09,1,Y,N,N,N,N,"100 Chambers Street,Cumberland,RI,02864",2026-06-01
415020,Grandview Center,100 Chambers Street,Cumberland,RI,02864,2025-05-07,Health,F,Resident Assessment and Care Planning Deficiencies,0658,Ensure services provided by the nursing facility meet professional standards of quality.,D,"Deficient, Provider has date of correction",2025-06-06,2,N,Y,N,N,N,"100 Chambers Street,Cumberland,RI,02864",2026-06-01
415020,Grandview Center,100 Chambers Street,Cumberland,RI,02864,2024-08-01,Health,F,Resident Rights Deficiencies,0550,"Honor the resident's right to a dignified existence, self-determination, communication, and to exercise his or her rights.",E,"Deficient, Provider has date of correction",2024-08-31,2,Y,N,N,N,N,"100 Chambers Street,Cumberland,RI,02864",2026-06-01
415020,Grandview Center,100 Chambers Street,Cumberland,RI,02864,2024-08-01,Health,F,Resident Assessment and Care Planning Deficiencies,0658,Ensure services provided by the nursing facility meet professional standards of quality.,E,"Deficient, Provider has date of correction",2024-08-31,2,Y,N,N,N,N,"100 Chambers Street,Cumberland,RI,02864",2026-06-01
415020,Grandview Center,100 Chambers Street,Cumberland,RI,02864,2024-08-01,Health,F,Quality of Life and Care Deficiencies,0679,Provide activities to meet all resident's needs.,D,"Deficient, Provider has date of correction",2024-08-31,2,Y,N,N,N,N,"100 Chambers Street,Cumberland,RI,02864",2026-06-01
415020,Grandview Center,100 Chambers Street,Cumberland,RI,02864,2024-08-01,Health,F,Quality of Life and Care Deficiencies,0685,Assist a resident in gaining access to vision and hearing services.,E,"Deficient, Provider has date of correction",2024-08-31,2,Y,N,N,N,N,"100 Chambers Street,Cumberland,RI,02864",2026-06-01
415020,Grandview Center,100 Chambers Street,Cumberland,RI,02864,2024-08-01,Health,F,Quality of Life and Care Deficiencies,0689,Ensure that a nursing home area is free from accident hazards and provides adequate supervision to prevent accidents.,D,"Deficient, Provider has date of correction",2024-08-31,2,Y,N,N,N,N,"100 Chambers Street,Cumberland,RI,02864",2026-06-01
415020,Grandview Center,100 Chambers Street,Cumberland,RI,02864,2024-08-01,Health,F,Quality of Life and Care Deficiencies,0695,Provide safe and appropriate respiratory care for a resident when needed.,E,"Deficient, Provider has date of correction",2024-08-31,2,Y,N,N,N,N,"100 Chambers Street,Cumberland,RI,02864",2026-06-01
415020,Grandview Center,100 Chambers Street,Cumberland,RI,02864,2024-08-01,Health,F,Quality of Life and Care Deficiencies,0699,Provide care or services that was trauma informed and/or culturally competent.,D,"Deficient, Provider has date of correction",2024-08-31,2,Y,N,N,N,N,"100 Chambers Street,Cumberland,RI,02864",2026-06-01
415020,Grandview Center,100 Chambers Street,Cumberland,RI,02864,2024-08-01,Health,F,Pharmacy Service Deficiencies,0757,Ensure each resident’s drug regimen must be free from unnecessary drugs.,E,"Deficient, Provider has date of correction",2024-08-31,2,Y,N,N,N,N,"100 Chambers Street,Cumberland,RI,02864",2026-06-01
415020,Grandview Center,100 Chambers Street,Cumberland,RI,02864,2024-08-01,Health,F,Nutrition and Dietary Deficiencies,0810,Provide special eating equipment and utensils for residents who need them and appropriate assistance.,D,"Deficient, Provider has date of correction",2024-08-31,2,Y,N,N,N,N,"100 Chambers Street,Cumberland,RI,02864",2026-06-01
415020,Grandview Center,100 Chambers Street,Cumberland,RI,02864,2024-08-01,Health,F,Administration Deficiencies,0867,Set up an ongoing quality assessment and assurance group to review quality deficiencies  and develop corrective plans of action.,E,"Deficient, Provider has date of correction",2024-08-31,2,Y,N,N,N,N,"100 Chambers Street,Cumberland,RI,02864",2026-06-01
415020,Grandview Center,100 Chambers Street,Cumberland,RI,02864,2023-07-13,Health,F,Quality of Life and Care Deficiencies,0686,Provide appropriate pressure ulcer care and prevent new ulcers from developing.,D,"Deficient, Provider has date of correction",2023-08-12,3,N,Y,N,N,N,"100 Chambers Street,Cumberland,RI,02864",2026-06-01
415020,Grandview Center,100 Chambers Street,Cumberland,RI,02864,2023-07-13,Health,F,Quality of Life and Care Deficiencies,0692,Provide enough food/fluids to maintain a resident's health.,D,"Deficient, Provider has date of correction",2023-08-12,3,N,Y,N,N,N,"100 Chambers Street,Cumberland,RI,02864",2026-06-01
415020,Grandview Center,100 Chambers Street,Cumberland,RI,02864,2023-08-04,Health,F,Resident Assessment and Care Planning Deficiencies,0655,Create and put into place a plan for meeting the resident's most immediate needs within 48 hours of being admitted,D,"Deficient, Provider has date of correction",2023-08-24,3,Y,N,N,N,N,"100 Chambers Street,Cumberland,RI,02864",2026-06-01
415020,Grandview Center,100 Chambers Street,Cumberland,RI,02864,2023-08-04,Health,F,Resident Assessment and Care Planning Deficiencies,0658,Ensure services provided by the nursing facility meet professional standards of quality.,D,"Deficient, Provider has date of correction",2023-08-24,3,Y,N,N,N,N,"100 Chambers Street,Cumberland,RI,02864",2026-06-01
415020,Grandview Center,100 Chambers Street,Cumberland,RI,02864,2023-08-04,Health,F,Quality of Life and Care Deficiencies,0684,"Provide appropriate treatment and care according to orders, resident’s preferences and goals.",D,"Deficient, Provider has date of correction",2023-08-24,3,Y,N,N,N,N,"100 Chambers Street,Cumberland,RI,02864",2026-06-01
415020,Grandview Center,100 Chambers Street,Cumberland,RI,02864,2023-08-04,Health,F,Quality of Life and Care Deficiencies,0686,Provide appropriate pressure ulcer care and prevent new ulcers from developing.,D,"Deficient, Provider has date of correction",2023-08-24,3,Y,N,N,N,N,"100 Chambers Street,Cumberland,RI,02864",2026-06-01
415020,Grandview Center,100 Chambers Street,Cumberland,RI,02864,2023-08-04,Health,F,Nutrition and Dietary Deficiencies,0812,"Procure food from sources approved or considered satisfactory and store, prepare, distribute and serve food in accordance with professional standards.",F,"Deficient, Provider has date of correction",2023-08-24,3,Y,N,N,N,N,"100 Chambers Street,Cumberland,RI,02864",2026-06-01
415023,Sunny View Nursing Home,83 Corona Street,Warwick,RI,02886,2026-03-30,Health,F,Quality of Life and Care Deficiencies,0689,Ensure that a nursing home area is free from accident hazards and provides adequate supervision to prevent accidents.,J,"Deficient, Provider has date of correction",2026-04-17,1,N,Y,N,Y,N,"83 Corona Street,Warwick,RI,02886",2026-06-01
415023,Sunny View Nursing Home,83 Corona Street,Warwick,RI,02886,2025-06-23,Health,F,Resident Assessment and Care Planning Deficiencies,0641,Ensure each resident receives an accurate assessment.,D,"Deficient, Provider has date of correction",2025-07-18,1,N,Y,N,N,N,"83 Corona Street,Warwick,RI,02886",2026-06-01
415023,Sunny View Nursing Home,83 Corona Street,Warwick,RI,02886,2025-06-23,Health,F,Quality of Life and Care Deficiencies,0689,Ensure that a nursing home area is free from accident hazards and provides adequate supervision to prevent accidents.,J,"Deficient, Provider has date of correction",2025-07-18,1,N,Y,N,N,N,"83 Corona Street,Warwick,RI,02886",2026-06-01
415023,Sunny View Nursing Home,83 Corona Street,Warwick,RI,02886,2025-06-23,Health,F,Resident Assessment and Care Planning Deficiencies,0842,Safeguard resident-identifiable information and/or maintain medical records on each resident that are in accordance with accepted professional standards.,J,"Deficient, Provider has date of correction",2025-07-18,1,N,Y,N,N,N,"83 Corona Street,Warwick,RI,02886",2026-06-01
415023,Sunny View Nursing Home,83 Corona Street,Warwick,RI,02886,2025-03-12,Health,F,Resident Rights Deficiencies,0582,Give residents notice of Medicaid/Medicare coverage and potential liability for services not covered.,B,"Deficient, Provider has date of correction",2025-04-11,1,Y,N,N,N,N,"83 Corona Street,Warwick,RI,02886",2026-06-01
415023,Sunny View Nursing Home,83 Corona Street,Warwick,RI,02886,2025-03-12,Health,F,Resident Rights Deficiencies,0625,Notify the resident or the resident’s representative in writing how long the nursing home will hold the resident’s bed in cases of transfer to a hospital or therapeutic leave.,D,"Deficient, Provider has date of correction",2025-04-11,1,Y,N,N,N,N,"83 Corona Street,Warwick,RI,02886",2026-06-01
415023,Sunny View Nursing Home,83 Corona Street,Warwick,RI,02886,2025-03-12,Health,F,Quality of Life and Care Deficiencies,0676,Ensure residents do not lose the ability to perform activities of daily living unless there is a medical reason.,D,"Deficient, Provider has date of correction",2025-04-11,1,Y,N,N,N,N,"83 Corona Street,Warwick,RI,02886",2026-06-01
415023,Sunny View Nursing Home,83 Corona Street,Warwick,RI,02886,2025-03-12,Health,F,Quality of Life and Care Deficiencies,0684,"Provide appropriate treatment and care according to orders, resident’s preferences and goals.",D,"Deficient, Provider has date of correction",2025-04-11,1,Y,N,N,N,N,"83 Corona Street,Warwick,RI,02886",2026-06-01
415023,Sunny View Nursing Home,83 Corona Street,Warwick,RI,02886,2025-03-12,Health,F,Quality of Life and Care Deficiencies,0686,Provide appropriate pressure ulcer care and prevent new ulcers from developing.,D,"Deficient, Provider has date of correction",2025-04-11,1,Y,N,N,N,N,"83 Corona Street,Warwick,RI,02886",2026-06-01
415023,Sunny View Nursing Home,83 Corona Street,Warwick,RI,02886,2025-03-12,Health,F,Nursing and Physician Services Deficiencies,0730,Observe each nurse aide's job performance and give regular training.,E,"Deficient, Provider has date of correction",2025-04-11,1,Y,N,N,N,N,"83 Corona Street,Warwick,RI,02886",2026-06-01
415023,Sunny View Nursing Home,83 Corona Street,Warwick,RI,02886,2025-03-12,Health,F,Pharmacy Service Deficiencies,0760,Ensure that residents are free from significant medication errors.,D,"Deficient, Provider has date of correction",2025-04-11,1,Y,N,N,N,N,"83 Corona Street,Warwick,RI,02886",2026-06-01
415023,Sunny View Nursing Home,83 Corona Street,Warwick,RI,02886,2025-03-12,Health,F,Nutrition and Dietary Deficiencies,0812,"Procure food from sources approved or considered satisfactory and store, prepare, distribute and serve food in accordance with professional standards.",F,"Deficient, Provider has date of correction",2025-04-11,1,Y,N,N,N,N,"83 Corona Street,Warwick,RI,02886",2026-06-01
415023,Sunny View Nursing Home,83 Corona Street,Warwick,RI,02886,2025-03-12,Health,F,Administration Deficiencies,0867,Set up an ongoing quality assessment and assurance group to review quality deficiencies  and develop corrective plans of action.,F,"Deficient, Provider has date of correction",2025-04-11,1,Y,N,N,N,N,"83 Corona Street,Warwick,RI,02886",2026-06-01
415023,Sunny View Nursing Home,83 Corona Street,Warwick,RI,02886,2025-03-12,Health,F,Administration Deficiencies,0940,"Develop, implement, and/or maintain an effective training program for all new and existing staff members.",E,"Deficient, Provider has date of correction",2025-04-11,1,Y,N,N,N,N,"83 Corona Street,Warwick,RI,02886",2026-06-01
415023,Sunny View Nursing Home,83 Corona Street,Warwick,RI,02886,2025-05-06,Health,F,Resident Assessment and Care Planning Deficiencies,0658,Ensure services provided by the nursing facility meet professional standards of quality.,D,"Deficient, Provider has date of correction",2025-06-04,2,N,Y,N,N,N,"83 Corona Street,Warwick,RI,02886",2026-06-01
415023,Sunny View Nursing Home,83 Corona Street,Warwick,RI,02886,2025-03-25,Health,F,Resident Assessment and Care Planning Deficiencies,0842,Safeguard resident-identifiable information and/or maintain medical records on each resident that are in accordance with accepted professional standards.,D,"Deficient, Provider has date of correction",2025-04-24,2,N,Y,N,N,N,"83 Corona Street,Warwick,RI,02886",2026-06-01
415023,Sunny View Nursing Home,83 Corona Street,Warwick,RI,02886,2025-01-15,Health,F,Quality of Life and Care Deficiencies,0677,Provide care and assistance to perform activities of daily living for any resident who is unable.,E,"Deficient, Provider has date of correction",2025-02-14,2,N,Y,N,N,N,"83 Corona Street,Warwick,RI,02886",2026-06-01
415023,Sunny View Nursing Home,83 Corona Street,Warwick,RI,02886,2024-03-25,Health,F,Resident Assessment and Care Planning Deficiencies,0637,Assess the resident when there is a significant change in condition,B,"Deficient, Provider has date of correction",2024-04-18,2,Y,N,N,N,N,"83 Corona Street,Warwick,RI,02886",2026-06-01
415023,Sunny View Nursing Home,83 Corona Street,Warwick,RI,02886,2024-03-25,Health,F,Quality of Life and Care Deficiencies,0684,"Provide appropriate treatment and care according to orders, resident’s preferences and goals.",J,"Deficient, Provider has date of correction",2024-04-18,2,Y,N,N,N,N,"83 Corona Street,Warwick,RI,02886",2026-06-01
415023,Sunny View Nursing Home,83 Corona Street,Warwick,RI,02886,2024-03-25,Health,F,Quality of Life and Care Deficiencies,0686,Provide appropriate pressure ulcer care and prevent new ulcers from developing.,D,"Deficient, Provider has date of correction",2024-04-18,2,Y,N,N,N,N,"83 Corona Street,Warwick,RI,02886",2026-06-01
415023,Sunny View Nursing Home,83 Corona Street,Warwick,RI,02886,2024-03-25,Health,F,Nutrition and Dietary Deficiencies,0812,"Procure food from sources approved or considered satisfactory and store, prepare, distribute and serve food in accordance with professional standards.",F,"Deficient, Provider has date of correction",2024-04-18,2,Y,N,N,N,N,"83 Corona Street,Warwick,RI,02886",2026-06-01
415023,Sunny View Nursing Home,83 Corona Street,Warwick,RI,02886,2024-03-25,Health,F,Infection Control Deficiencies,0880,Provide and implement an infection prevention and control program.,E,"Deficient, Provider has date of correction",2024-04-18,2,Y,N,N,N,N,"83 Corona Street,Warwick,RI,02886",2026-06-01
415023,Sunny View Nursing Home,83 Corona Street,Warwick,RI,02886,2024-03-25,Health,F,Environmental Deficiencies,0919,Make sure that a working call system is available in each resident's  bathroom and bathing area.,D,"Deficient, Provider has date of correction",2024-04-18,2,Y,N,N,N,N,"83 Corona Street,Warwick,RI,02886",2026-06-01
415023,Sunny View Nursing Home,83 Corona Street,Warwick,RI,02886,2023-12-13,Health,F,Administration Deficiencies,0776,"Provide timely, approved x-ray services, or have an agreement with an approved provider to obtain them.",D,"Deficient, Provider has date of correction",2023-12-21,3,N,Y,N,N,N,"83 Corona Street,Warwick,RI,02886",2026-06-01
415023,Sunny View Nursing Home,83 Corona Street,Warwick,RI,02886,2023-12-13,Health,F,Infection Control Deficiencies,0880,Provide and implement an infection prevention and control program.,K,"Deficient, Provider has date of correction",2023-12-21,3,N,Y,N,N,N,"83 Corona Street,Warwick,RI,02886",2026-06-01
415023,Sunny View Nursing Home,83 Corona Street,Warwick,RI,02886,2023-02-10,Health,F,Quality of Life and Care Deficiencies,0686,Provide appropriate pressure ulcer care and prevent new ulcers from developing.,E,"Deficient, Provider has date of correction",2023-03-12,3,Y,N,N,N,N,"83 Corona Street,Warwick,RI,02886",2026-06-01
415023,Sunny View Nursing Home,83 Corona Street,Warwick,RI,02886,2023-02-10,Health,F,Quality of Life and Care Deficiencies,0692,Provide enough food/fluids to maintain a resident's health.,G,"Deficient, Provider has date of correction",2023-03-12,3,Y,N,N,N,N,"83 Corona Street,Warwick,RI,02886",2026-06-01
415023,Sunny View Nursing Home,83 Corona Street,Warwick,RI,02886,2023-02-10,Health,F,Quality of Life and Care Deficiencies,0695,Provide safe and appropriate respiratory care for a resident when needed.,E,"Deficient, Provider has date of correction",2023-03-12,3,Y,N,N,N,N,"83 Corona Street,Warwick,RI,02886",2026-06-01
415023,Sunny View Nursing Home,83 Corona Street,Warwick,RI,02886,2023-02-10,Health,F,Pharmacy Service Deficiencies,0757,Ensure each resident’s drug regimen must be free from unnecessary drugs.,D,"Deficient, Provider has date of correction",2023-03-12,3,Y,N,N,N,N,"83 Corona Street,Warwick,RI,02886",2026-06-01
415023,Sunny View Nursing Home,83 Corona Street,Warwick,RI,02886,2023-02-10,Health,F,Pharmacy Service Deficiencies,0758,"Implement gradual dose reductions(GDR) and non-pharmacological interventions, unless contraindicated, prior to initiating or instead of continuing psychotropic medication; and PRN orders for psychotropic medications are only used when the medication is necessary and PRN use is limited.",D,"Deficient, Provider has date of correction",2023-03-12,3,Y,N,N,N,N,"83 Corona Street,Warwick,RI,02886",2026-06-01
415023,Sunny View Nursing Home,83 Corona Street,Warwick,RI,02886,2023-02-10,Health,F,Nutrition and Dietary Deficiencies,0803,"Ensure menus must meet the nutritional needs of residents, be prepared in advance, be followed, be updated, be reviewed by dietician, and meet the needs of the resident.",F,"Deficient, Provider has date of correction",2023-03-12,3,Y,N,N,N,N,"83 Corona Street,Warwick,RI,02886",2026-06-01
415023,Sunny View Nursing Home,83 Corona Street,Warwick,RI,02886,2023-02-10,Health,F,Nutrition and Dietary Deficiencies,0805,Ensure each resident receives and the facility provides food prepared in a form designed to meet individual needs.,F,"Deficient, Provider has date of correction",2023-03-12,3,Y,N,N,N,N,"83 Corona Street,Warwick,RI,02886",2026-06-01
415023,Sunny View Nursing Home,83 Corona Street,Warwick,RI,02886,2023-02-10,Health,F,Nutrition and Dietary Deficiencies,0812,"Procure food from sources approved or considered satisfactory and store, prepare, distribute and serve food in accordance with professional standards.",F,"Deficient, Provider has date of correction",2023-03-12,3,Y,N,N,N,N,"83 Corona Street,Warwick,RI,02886",2026-06-01
415027,"Adviniacare Pawtucket Pleasant Rehab Center, LLC",544 Pleasant Street,Pawtucket,RI,02860,2026-01-22,Health,F,Quality of Life and Care Deficiencies,0684,"Provide appropriate treatment and care according to orders, resident’s preferences and goals.",D,"Deficient, Provider has date of correction",2026-01-30,1,N,Y,N,N,N,"544 Pleasant Street,Pawtucket,RI,02860",2026-06-01
415027,"Adviniacare Pawtucket Pleasant Rehab Center, LLC",544 Pleasant Street,Pawtucket,RI,02860,2025-08-15,Health,F,Quality of Life and Care Deficiencies,0684,"Provide appropriate treatment and care according to orders, resident’s preferences and goals.",G,"Deficient, Provider has date of correction",2025-08-28,1,Y,N,N,N,N,"544 Pleasant Street,Pawtucket,RI,02860",2026-06-01
415027,"Adviniacare Pawtucket Pleasant Rehab Center, LLC",544 Pleasant Street,Pawtucket,RI,02860,2025-08-15,Health,F,Quality of Life and Care Deficiencies,0689,Ensure that a nursing home area is free from accident hazards and provides adequate supervision to prevent accidents.,D,"Deficient, Provider has date of correction",2025-08-28,1,Y,N,N,N,N,"544 Pleasant Street,Pawtucket,RI,02860",2026-06-01
415027,"Adviniacare Pawtucket Pleasant Rehab Center, LLC",544 Pleasant Street,Pawtucket,RI,02860,2025-08-15,Health,F,Nursing and Physician Services Deficiencies,0726,Ensure that nurses and nurse aides have the appropriate competencies to care for every resident in a way that maximizes each resident's well being.,E,"Deficient, Provider has date of correction",2025-08-28,1,Y,N,N,N,N,"544 Pleasant Street,Pawtucket,RI,02860",2026-06-01
415027,"Adviniacare Pawtucket Pleasant Rehab Center, LLC",544 Pleasant Street,Pawtucket,RI,02860,2025-08-15,Health,F,Quality of Life and Care Deficiencies,0825,Provide or get specialized rehabilitative services as required for a resident.,G,"Deficient, Provider has date of correction",2025-08-28,1,Y,N,N,N,N,"544 Pleasant Street,Pawtucket,RI,02860",2026-06-01
415027,"Adviniacare Pawtucket Pleasant Rehab Center, LLC",544 Pleasant Street,Pawtucket,RI,02860,2025-08-15,Health,F,Infection Control Deficiencies,0880,Provide and implement an infection prevention and control program.,D,"Deficient, Provider has date of correction",2025-08-28,1,Y,N,N,N,N,"544 Pleasant Street,Pawtucket,RI,02860",2026-06-01
415027,"Adviniacare Pawtucket Pleasant Rehab Center, LLC",544 Pleasant Street,Pawtucket,RI,02860,2025-04-07,Health,F,Resident Assessment and Care Planning Deficiencies,0658,Ensure services provided by the nursing facility meet professional standards of quality.,D,"Deficient, Provider has date of correction",2025-05-13,2,N,Y,N,N,N,"544 Pleasant Street,Pawtucket,RI,02860",2026-06-01
415027,"Adviniacare Pawtucket Pleasant Rehab Center, LLC",544 Pleasant Street,Pawtucket,RI,02860,2025-03-27,Health,F,Environmental Deficiencies,0921,"Make sure that the nursing home area is safe, easy to use, clean and comfortable for residents, staff and the public.",E,"Deficient, Provider has date of correction",2025-05-05,2,N,Y,N,N,N,"544 Pleasant Street,Pawtucket,RI,02860",2026-06-01
415027,"Adviniacare Pawtucket Pleasant Rehab Center, LLC",544 Pleasant Street,Pawtucket,RI,02860,2024-10-02,Health,F,Resident Assessment and Care Planning Deficiencies,0658,Ensure services provided by the nursing facility meet professional standards of quality.,E,"Deficient, Provider has date of correction",2024-10-30,2,N,Y,N,N,N,"544 Pleasant Street,Pawtucket,RI,02860",2026-06-01
415027,"Adviniacare Pawtucket Pleasant Rehab Center, LLC",544 Pleasant Street,Pawtucket,RI,02860,2024-10-02,Health,F,Pharmacy Service Deficiencies,0760,Ensure that residents are free from significant medication errors.,G,"Deficient, Provider has date of correction",2024-10-30,2,N,Y,N,N,N,"544 Pleasant Street,Pawtucket,RI,02860",2026-06-01
415027,"Adviniacare Pawtucket Pleasant Rehab Center, LLC",544 Pleasant Street,Pawtucket,RI,02860,2024-06-06,Health,F,Resident Assessment and Care Planning Deficiencies,0658,Ensure services provided by the nursing facility meet professional standards of quality.,D,"Deficient, Provider has date of correction",2024-06-17,2,N,Y,N,N,N,"544 Pleasant Street,Pawtucket,RI,02860",2026-06-01
415027,"Adviniacare Pawtucket Pleasant Rehab Center, LLC",544 Pleasant Street,Pawtucket,RI,02860,2024-07-19,Health,F,Resident Assessment and Care Planning Deficiencies,0641,Ensure each resident receives an accurate assessment.,E,"Deficient, Provider has date of correction",2024-08-17,2,Y,N,N,N,N,"544 Pleasant Street,Pawtucket,RI,02860",2026-06-01
415027,"Adviniacare Pawtucket Pleasant Rehab Center, LLC",544 Pleasant Street,Pawtucket,RI,02860,2024-07-19,Health,F,Resident Assessment and Care Planning Deficiencies,0658,Ensure services provided by the nursing facility meet professional standards of quality.,D,"Deficient, Provider has date of correction",2024-08-17,2,Y,N,N,N,N,"544 Pleasant Street,Pawtucket,RI,02860",2026-06-01
415027,"Adviniacare Pawtucket Pleasant Rehab Center, LLC",544 Pleasant Street,Pawtucket,RI,02860,2024-07-19,Health,F,Quality of Life and Care Deficiencies,0690,"Provide appropriate care for residents who are continent or incontinent of bowel/bladder, appropriate catheter care,  and appropriate care  to prevent urinary tract infections.",D,"Deficient, Provider has date of correction",2024-08-17,2,Y,N,N,N,N,"544 Pleasant Street,Pawtucket,RI,02860",2026-06-01
415027,"Adviniacare Pawtucket Pleasant Rehab Center, LLC",544 Pleasant Street,Pawtucket,RI,02860,2024-07-19,Health,F,Quality of Life and Care Deficiencies,0693,Ensure that feeding tubes are  not used unless there is a medical reason and the resident agrees; and provide appropriate care for a resident with a feeding tube.,D,"Deficient, Provider has date of correction",2024-08-17,2,Y,N,N,N,N,"544 Pleasant Street,Pawtucket,RI,02860",2026-06-01
415027,"Adviniacare Pawtucket Pleasant Rehab Center, LLC",544 Pleasant Street,Pawtucket,RI,02860,2024-07-19,Health,F,Pharmacy Service Deficiencies,0759,Ensure medication error rates are not 5 percent or greater.,D,"Deficient, Provider has date of correction",2024-08-17,2,Y,N,N,N,N,"544 Pleasant Street,Pawtucket,RI,02860",2026-06-01
415027,"Adviniacare Pawtucket Pleasant Rehab Center, LLC",544 Pleasant Street,Pawtucket,RI,02860,2024-07-19,Health,F,Nutrition and Dietary Deficiencies,0806,"Ensure each resident receives and the facility provides food that accommodates resident allergies, intolerances, and preferences, as well as appealing options.",D,"Deficient, Provider has date of correction",2024-08-17,2,Y,N,N,N,N,"544 Pleasant Street,Pawtucket,RI,02860",2026-06-01
415027,"Adviniacare Pawtucket Pleasant Rehab Center, LLC",544 Pleasant Street,Pawtucket,RI,02860,2024-07-19,Health,F,Infection Control Deficiencies,0880,Provide and implement an infection prevention and control program.,E,"Deficient, Provider has date of correction",2024-08-17,2,Y,N,N,N,N,"544 Pleasant Street,Pawtucket,RI,02860",2026-06-01
415027,"Adviniacare Pawtucket Pleasant Rehab Center, LLC",544 Pleasant Street,Pawtucket,RI,02860,2024-07-19,Health,F,Quality of Life and Care Deficiencies,0740,Ensure each resident must receive and the facility must provide necessary behavioral health care and services.,D,"Deficient, Provider has date of correction",2024-08-17,2,Y,Y,N,N,N,"544 Pleasant Street,Pawtucket,RI,02860",2026-06-01
415027,"Adviniacare Pawtucket Pleasant Rehab Center, LLC",544 Pleasant Street,Pawtucket,RI,02860,2023-10-05,Health,F,Environmental Deficiencies,0921,"Make sure that the nursing home area is safe, easy to use, clean and comfortable for residents, staff and the public.",E,"Deficient, Provider has date of correction",2023-10-31,3,N,Y,N,N,N,"544 Pleasant Street,Pawtucket,RI,02860",2026-06-01
415027,"Adviniacare Pawtucket Pleasant Rehab Center, LLC",544 Pleasant Street,Pawtucket,RI,02860,2023-09-13,Health,F,Resident Rights Deficiencies,0584,"Honor the resident's right to a safe, clean, comfortable and homelike environment, including but not limited to receiving treatment and supports for daily living safely.",F,"Deficient, Provider has date of correction",2023-10-10,3,N,Y,N,N,N,"544 Pleasant Street,Pawtucket,RI,02860",2026-06-01
415027,"Adviniacare Pawtucket Pleasant Rehab Center, LLC",544 Pleasant Street,Pawtucket,RI,02860,2023-06-19,Health,F,Resident Rights Deficiencies,0567,Honor the resident's right to manage his or her financial affairs.,F,"Deficient, Provider has date of correction",2023-07-11,3,Y,N,N,N,N,"544 Pleasant Street,Pawtucket,RI,02860",2026-06-01
415027,"Adviniacare Pawtucket Pleasant Rehab Center, LLC",544 Pleasant Street,Pawtucket,RI,02860,2023-06-19,Health,F,Resident Rights Deficiencies,0569,"Notify each resident of certain balances and convey resident funds upon discharge, eviction, or death.",D,"Deficient, Provider has date of correction",2023-07-11,3,Y,N,N,N,N,"544 Pleasant Street,Pawtucket,RI,02860",2026-06-01
415027,"Adviniacare Pawtucket Pleasant Rehab Center, LLC",544 Pleasant Street,Pawtucket,RI,02860,2023-06-19,Health,F,Resident Rights Deficiencies,0577,Allow residents to easily view the nursing home's survey results and communicate with advocate agencies.,C,"Deficient, Provider has date of correction",2023-07-11,3,Y,N,N,N,N,"544 Pleasant Street,Pawtucket,RI,02860",2026-06-01
415027,"Adviniacare Pawtucket Pleasant Rehab Center, LLC",544 Pleasant Street,Pawtucket,RI,02860,2023-06-19,Health,F,Resident Rights Deficiencies,0582,Give residents notice of Medicaid/Medicare coverage and potential liability for services not covered.,B,"Deficient, Provider has date of correction",2023-07-11,3,Y,N,N,N,N,"544 Pleasant Street,Pawtucket,RI,02860",2026-06-01
415027,"Adviniacare Pawtucket Pleasant Rehab Center, LLC",544 Pleasant Street,Pawtucket,RI,02860,2023-06-19,Health,F,Resident Rights Deficiencies,0625,Notify the resident or the resident’s representative in writing how long the nursing home will hold the resident’s bed in cases of transfer to a hospital or therapeutic leave.,C,"Deficient, Provider has date of correction",2023-07-11,3,Y,N,N,N,N,"544 Pleasant Street,Pawtucket,RI,02860",2026-06-01
415027,"Adviniacare Pawtucket Pleasant Rehab Center, LLC",544 Pleasant Street,Pawtucket,RI,02860,2023-06-19,Health,F,Resident Assessment and Care Planning Deficiencies,0658,Ensure services provided by the nursing facility meet professional standards of quality.,E,"Deficient, Provider has date of correction",2023-07-11,3,Y,N,N,N,N,"544 Pleasant Street,Pawtucket,RI,02860",2026-06-01
415027,"Adviniacare Pawtucket Pleasant Rehab Center, LLC",544 Pleasant Street,Pawtucket,RI,02860,2023-06-19,Health,F,Quality of Life and Care Deficiencies,0684,"Provide appropriate treatment and care according to orders, resident’s preferences and goals.",D,"Deficient, Provider has date of correction",2023-07-11,3,Y,N,N,N,N,"544 Pleasant Street,Pawtucket,RI,02860",2026-06-01
415027,"Adviniacare Pawtucket Pleasant Rehab Center, LLC",544 Pleasant Street,Pawtucket,RI,02860,2023-06-19,Health,F,Quality of Life and Care Deficiencies,0694,"Provide for the safe, appropriate administration of IV fluids for a resident when needed.",D,"Deficient, Provider has date of correction",2023-07-11,3,Y,N,N,N,N,"544 Pleasant Street,Pawtucket,RI,02860",2026-06-01
415027,"Adviniacare Pawtucket Pleasant Rehab Center, LLC",544 Pleasant Street,Pawtucket,RI,02860,2023-06-19,Health,F,Quality of Life and Care Deficiencies,0698,"Provide safe, appropriate dialysis care/services for a resident who requires such services.",E,"Deficient, Provider has date of correction",2023-07-11,3,Y,N,N,N,N,"544 Pleasant Street,Pawtucket,RI,02860",2026-06-01
415027,"Adviniacare Pawtucket Pleasant Rehab Center, LLC",544 Pleasant Street,Pawtucket,RI,02860,2023-06-19,Health,F,Pharmacy Service Deficiencies,0756,"Ensure a licensed pharmacist perform a monthly drug regimen review, including the medical chart, following irregularity reporting guidelines in developed policies and procedures.",F,"Deficient, Provider has date of correction",2023-07-11,3,Y,N,N,N,N,"544 Pleasant Street,Pawtucket,RI,02860",2026-06-01
415027,"Adviniacare Pawtucket Pleasant Rehab Center, LLC",544 Pleasant Street,Pawtucket,RI,02860,2023-06-19,Health,F,Pharmacy Service Deficiencies,0758,"Implement gradual dose reductions(GDR) and non-pharmacological interventions, unless contraindicated, prior to initiating or instead of continuing psychotropic medication; and PRN orders for psychotropic medications are only used when the medication is necessary and PRN use is limited.",D,"Deficient, Provider has date of correction",2023-07-11,3,Y,N,N,N,N,"544 Pleasant Street,Pawtucket,RI,02860",2026-06-01
415027,"Adviniacare Pawtucket Pleasant Rehab Center, LLC",544 Pleasant Street,Pawtucket,RI,02860,2023-06-19,Health,F,Nutrition and Dietary Deficiencies,0804,"Ensure food and drink is palatable, attractive, and at a safe and appetizing temperature.",F,"Deficient, Provider has date of correction",2023-07-11,3,Y,N,N,N,N,"544 Pleasant Street,Pawtucket,RI,02860",2026-06-01
415027,"Adviniacare Pawtucket Pleasant Rehab Center, LLC",544 Pleasant Street,Pawtucket,RI,02860,2023-06-19,Health,F,Nutrition and Dietary Deficiencies,0812,"Procure food from sources approved or considered satisfactory and store, prepare, distribute and serve food in accordance with professional standards.",F,"Deficient, Provider has date of correction",2023-07-11,3,Y,N,N,N,N,"544 Pleasant Street,Pawtucket,RI,02860",2026-06-01
415027,"Adviniacare Pawtucket Pleasant Rehab Center, LLC",544 Pleasant Street,Pawtucket,RI,02860,2023-06-19,Health,F,Resident Assessment and Care Planning Deficiencies,0842,Safeguard resident-identifiable information and/or maintain medical records on each resident that are in accordance with accepted professional standards.,D,"Deficient, Provider has date of correction",2023-07-11,3,Y,N,N,N,N,"544 Pleasant Street,Pawtucket,RI,02860",2026-06-01
415027,"Adviniacare Pawtucket Pleasant Rehab Center, LLC",544 Pleasant Street,Pawtucket,RI,02860,2023-06-19,Health,F,Administration Deficiencies,0865,Have a  plan that describes the process for conducting QAPI and QAA activities.,F,"Deficient, Provider has date of correction",2023-07-11,3,Y,N,N,N,N,"544 Pleasant Street,Pawtucket,RI,02860",2026-06-01
415028,West Shore Health Center Inc,109 West Shore Road,Warwick,RI,02889,2025-06-09,Health,F,"Freedom from Abuse, Neglect, and Exploitation Deficiencies",0605,Prevent the use of unnecessary psychotropic medications or use medications that may restrain a resident's ability to function.,D,"Deficient, Provider has date of correction",2025-07-09,1,Y,N,N,N,N,"109 West Shore Road,Warwick,RI,02889",2026-06-01
415028,West Shore Health Center Inc,109 West Shore Road,Warwick,RI,02889,2025-06-09,Health,F,Resident Assessment and Care Planning Deficiencies,0658,Ensure services provided by the nursing facility meet professional standards of quality.,D,"Deficient, Provider has date of correction",2025-07-09,1,Y,N,N,N,N,"109 West Shore Road,Warwick,RI,02889",2026-06-01
415028,West Shore Health Center Inc,109 West Shore Road,Warwick,RI,02889,2025-06-09,Health,F,Nursing and Physician Services Deficiencies,0726,Ensure that nurses and nurse aides have the appropriate competencies to care for every resident in a way that maximizes each resident's well being.,E,"Deficient, Provider has date of correction",2025-07-09,1,Y,N,N,N,N,"109 West Shore Road,Warwick,RI,02889",2026-06-01
415028,West Shore Health Center Inc,109 West Shore Road,Warwick,RI,02889,2025-06-09,Health,F,Pharmacy Service Deficiencies,0761,"Ensure drugs and biologicals used in the facility are labeled in accordance with currently accepted professional principles; and all drugs and biologicals must be stored in locked compartments, separately locked, compartments for controlled drugs.",E,"Deficient, Provider has date of correction",2025-07-09,1,Y,N,N,N,N,"109 West Shore Road,Warwick,RI,02889",2026-06-01
415028,West Shore Health Center Inc,109 West Shore Road,Warwick,RI,02889,2025-06-09,Health,F,Administration Deficiencies,0773,Provide or obtain laboratory tests/services when ordered and promptly tell the ordering practitioner of the results.,D,"Deficient, Provider has date of correction",2025-07-09,1,Y,N,N,N,N,"109 West Shore Road,Warwick,RI,02889",2026-06-01
415028,West Shore Health Center Inc,109 West Shore Road,Warwick,RI,02889,2025-06-09,Health,F,Infection Control Deficiencies,0880,Provide and implement an infection prevention and control program.,D,"Deficient, Provider has date of correction",2025-07-09,1,Y,N,N,N,N,"109 West Shore Road,Warwick,RI,02889",2026-06-01
415028,West Shore Health Center Inc,109 West Shore Road,Warwick,RI,02889,2024-06-07,Health,F,Pharmacy Service Deficiencies,0760,Ensure that residents are free from significant medication errors.,E,"Deficient, Provider has date of correction",2024-07-07,2,Y,N,N,N,N,"109 West Shore Road,Warwick,RI,02889",2026-06-01
415028,West Shore Health Center Inc,109 West Shore Road,Warwick,RI,02889,2024-06-07,Health,F,Nutrition and Dietary Deficiencies,0805,Ensure each resident receives and the facility provides food prepared in a form designed to meet individual needs.,E,"Deficient, Provider has date of correction",2024-07-07,2,Y,N,N,N,N,"109 West Shore Road,Warwick,RI,02889",2026-06-01
415028,West Shore Health Center Inc,109 West Shore Road,Warwick,RI,02889,2024-06-07,Health,F,Infection Control Deficiencies,0880,Provide and implement an infection prevention and control program.,F,"Deficient, Provider has date of correction",2024-07-07,2,Y,N,N,N,N,"109 West Shore Road,Warwick,RI,02889",2026-06-01
415028,West Shore Health Center Inc,109 West Shore Road,Warwick,RI,02889,2024-06-07,Health,F,Infection Control Deficiencies,0881,Implement a program that monitors antibiotic use.,D,"Deficient, Provider has date of correction",2024-07-07,2,Y,N,N,N,N,"109 West Shore Road,Warwick,RI,02889",2026-06-01
415028,West Shore Health Center Inc,109 West Shore Road,Warwick,RI,02889,2023-05-11,Health,F,Quality of Life and Care Deficiencies,0686,Provide appropriate pressure ulcer care and prevent new ulcers from developing.,D,"Deficient, Provider has date of correction",2023-06-05,3,Y,N,N,N,N,"109 West Shore Road,Warwick,RI,02889",2026-06-01
415028,West Shore Health Center Inc,109 West Shore Road,Warwick,RI,02889,2023-05-11,Health,F,Quality of Life and Care Deficiencies,0689,Ensure that a nursing home area is free from accident hazards and provides adequate supervision to prevent accidents.,D,"Deficient, Provider has date of correction",2023-06-05,3,Y,N,N,N,N,"109 West Shore Road,Warwick,RI,02889",2026-06-01
415028,West Shore Health Center Inc,109 West Shore Road,Warwick,RI,02889,2023-05-11,Health,F,Nutrition and Dietary Deficiencies,0812,"Procure food from sources approved or considered satisfactory and store, prepare, distribute and serve food in accordance with professional standards.",F,"Deficient, Provider has date of correction",2023-06-05,3,Y,N,N,N,N,"109 West Shore Road,Warwick,RI,02889",2026-06-01
415029,Golden Crest Nursing Centre,100 Smithfield Road,North Providence,RI,02904,2026-04-16,Health,F,Quality of Life and Care Deficiencies,0692,Provide enough food/fluids to maintain a resident's health.,D,"Deficient, Provider has date of correction",2026-05-08,1,N,Y,N,N,N,"100 Smithfield Road,North Providence,RI,02904",2026-06-01
415029,Golden Crest Nursing Centre,100 Smithfield Road,North Providence,RI,02904,2026-04-16,Health,F,Resident Assessment and Care Planning Deficiencies,0842,Safeguard resident-identifiable information and/or maintain medical records on each resident that are in accordance with accepted professional standards.,D,"Deficient, Provider has date of correction",2026-05-08,1,N,Y,N,N,N,"100 Smithfield Road,North Providence,RI,02904",2026-06-01
415029,Golden Crest Nursing Centre,100 Smithfield Road,North Providence,RI,02904,2025-12-11,Health,F,Quality of Life and Care Deficiencies,0677,Provide care and assistance to perform activities of daily living for any resident who is unable.,D,"Deficient, Provider has date of correction",2026-01-10,1,Y,N,N,N,N,"100 Smithfield Road,North Providence,RI,02904",2026-06-01
415029,Golden Crest Nursing Centre,100 Smithfield Road,North Providence,RI,02904,2025-12-11,Health,F,Quality of Life and Care Deficiencies,0679,Provide activities to meet all resident's needs.,D,"Deficient, Provider has date of correction",2026-01-10,1,Y,N,N,N,N,"100 Smithfield Road,North Providence,RI,02904",2026-06-01
415029,Golden Crest Nursing Centre,100 Smithfield Road,North Providence,RI,02904,2025-12-11,Health,F,Quality of Life and Care Deficiencies,0686,Provide appropriate pressure ulcer care and prevent new ulcers from developing.,G,"Deficient, Provider has date of correction",2026-01-10,1,Y,N,N,N,N,"100 Smithfield Road,North Providence,RI,02904",2026-06-01
415029,Golden Crest Nursing Centre,100 Smithfield Road,North Providence,RI,02904,2025-12-11,Health,F,Resident Assessment and Care Planning Deficiencies,0842,Safeguard resident-identifiable information and/or maintain medical records on each resident that are in accordance with accepted professional standards.,E,"Deficient, Provider has date of correction",2026-01-10,1,Y,N,N,N,N,"100 Smithfield Road,North Providence,RI,02904",2026-06-01
415029,Golden Crest Nursing Centre,100 Smithfield Road,North Providence,RI,02904,2024-12-19,Health,F,Resident Assessment and Care Planning Deficiencies,0656,"Develop and implement a complete care plan that meets all the resident's needs, with timetables and actions that can be measured.",E,"Deficient, Provider has date of correction",2025-01-10,2,N,Y,N,N,N,"100 Smithfield Road,North Providence,RI,02904",2026-06-01
415029,Golden Crest Nursing Centre,100 Smithfield Road,North Providence,RI,02904,2024-11-04,Health,F,Pharmacy Service Deficiencies,0761,"Ensure drugs and biologicals used in the facility are labeled in accordance with currently accepted professional principles; and all drugs and biologicals must be stored in locked compartments, separately locked, compartments for controlled drugs.",D,"Deficient, Provider has date of correction",2024-11-22,2,N,Y,N,N,N,"100 Smithfield Road,North Providence,RI,02904",2026-06-01
415029,Golden Crest Nursing Centre,100 Smithfield Road,North Providence,RI,02904,2024-07-15,Health,F,Resident Assessment and Care Planning Deficiencies,0656,"Develop and implement a complete care plan that meets all the resident's needs, with timetables and actions that can be measured.",D,"Deficient, Provider has date of correction",2024-07-31,2,N,Y,N,N,N,"100 Smithfield Road,North Providence,RI,02904",2026-06-01
415029,Golden Crest Nursing Centre,100 Smithfield Road,North Providence,RI,02904,2024-09-20,Health,F,Resident Assessment and Care Planning Deficiencies,0658,Ensure services provided by the nursing facility meet professional standards of quality.,D,"Deficient, Provider has date of correction",2024-10-16,2,Y,N,N,N,N,"100 Smithfield Road,North Providence,RI,02904",2026-06-01
415029,Golden Crest Nursing Centre,100 Smithfield Road,North Providence,RI,02904,2024-09-20,Health,F,Quality of Life and Care Deficiencies,0686,Provide appropriate pressure ulcer care and prevent new ulcers from developing.,D,"Deficient, Provider has date of correction",2024-10-16,2,Y,N,N,N,N,"100 Smithfield Road,North Providence,RI,02904",2026-06-01
415029,Golden Crest Nursing Centre,100 Smithfield Road,North Providence,RI,02904,2024-09-20,Health,F,Quality of Life and Care Deficiencies,0692,Provide enough food/fluids to maintain a resident's health.,D,"Deficient, Provider has date of correction",2024-10-16,2,Y,N,N,N,N,"100 Smithfield Road,North Providence,RI,02904",2026-06-01
415029,Golden Crest Nursing Centre,100 Smithfield Road,North Providence,RI,02904,2024-09-20,Health,F,Pharmacy Service Deficiencies,0756,"Ensure a licensed pharmacist perform a monthly drug regimen review, including the medical chart, following irregularity reporting guidelines in developed policies and procedures.",D,"Deficient, Provider has date of correction",2024-10-16,2,Y,N,N,N,N,"100 Smithfield Road,North Providence,RI,02904",2026-06-01
415029,Golden Crest Nursing Centre,100 Smithfield Road,North Providence,RI,02904,2024-09-20,Health,F,Pharmacy Service Deficiencies,0759,Ensure medication error rates are not 5 percent or greater.,D,"Deficient, Provider has date of correction",2024-10-16,2,Y,N,N,N,N,"100 Smithfield Road,North Providence,RI,02904",2026-06-01
415029,Golden Crest Nursing Centre,100 Smithfield Road,North Providence,RI,02904,2024-09-20,Health,F,Pharmacy Service Deficiencies,0761,"Ensure drugs and biologicals used in the facility are labeled in accordance with currently accepted professional principles; and all drugs and biologicals must be stored in locked compartments, separately locked, compartments for controlled drugs.",E,"Deficient, Provider has date of correction",2024-10-16,2,Y,N,N,N,N,"100 Smithfield Road,North Providence,RI,02904",2026-06-01
415029,Golden Crest Nursing Centre,100 Smithfield Road,North Providence,RI,02904,2024-09-20,Health,F,Infection Control Deficiencies,0880,Provide and implement an infection prevention and control program.,E,"Deficient, Provider has date of correction",2024-10-16,2,Y,N,N,N,N,"100 Smithfield Road,North Providence,RI,02904",2026-06-01
415029,Golden Crest Nursing Centre,100 Smithfield Road,North Providence,RI,02904,2024-05-09,Health,F,Resident Assessment and Care Planning Deficiencies,0658,Ensure services provided by the nursing facility meet professional standards of quality.,D,"Deficient, Provider has date of correction",2024-05-29,3,N,Y,N,N,N,"100 Smithfield Road,North Providence,RI,02904",2026-06-01
415029,Golden Crest Nursing Centre,100 Smithfield Road,North Providence,RI,02904,2024-05-09,Health,F,Quality of Life and Care Deficiencies,0689,Ensure that a nursing home area is free from accident hazards and provides adequate supervision to prevent accidents.,D,"Deficient, Provider has date of correction",2024-05-29,3,N,Y,N,N,N,"100 Smithfield Road,North Providence,RI,02904",2026-06-01
415029,Golden Crest Nursing Centre,100 Smithfield Road,North Providence,RI,02904,2023-10-13,Health,F,"Freedom from Abuse, Neglect, and Exploitation Deficiencies",0600,"Protect each resident from all types of abuse such as physical, mental, sexual abuse, physical punishment, and neglect by anybody.",H,"Deficient, Provider has date of correction",2023-10-26,3,Y,N,N,N,N,"100 Smithfield Road,North Providence,RI,02904",2026-06-01
415029,Golden Crest Nursing Centre,100 Smithfield Road,North Providence,RI,02904,2023-10-13,Health,F,Resident Assessment and Care Planning Deficiencies,0636,"Assess the resident completely in a timely manner  when first admitted, and then periodically, at least every 12 months.",B,"Deficient, Provider has date of correction",2023-10-26,3,Y,N,N,N,N,"100 Smithfield Road,North Providence,RI,02904",2026-06-01
415029,Golden Crest Nursing Centre,100 Smithfield Road,North Providence,RI,02904,2023-10-13,Health,F,Resident Assessment and Care Planning Deficiencies,0658,Ensure services provided by the nursing facility meet professional standards of quality.,D,"Deficient, Provider has date of correction",2023-10-26,3,Y,N,N,N,N,"100 Smithfield Road,North Providence,RI,02904",2026-06-01
415029,Golden Crest Nursing Centre,100 Smithfield Road,North Providence,RI,02904,2023-10-13,Health,F,Quality of Life and Care Deficiencies,0677,Provide care and assistance to perform activities of daily living for any resident who is unable.,D,"Deficient, Provider has date of correction",2023-10-26,3,Y,N,N,N,N,"100 Smithfield Road,North Providence,RI,02904",2026-06-01
415029,Golden Crest Nursing Centre,100 Smithfield Road,North Providence,RI,02904,2023-10-13,Health,F,Quality of Life and Care Deficiencies,0691,"Provide appropriate colostomy, urostomy, or ileostomy care/services for a resident who requires such services.",D,"Deficient, Provider has date of correction",2023-10-26,3,Y,N,N,N,N,"100 Smithfield Road,North Providence,RI,02904",2026-06-01
415029,Golden Crest Nursing Centre,100 Smithfield Road,North Providence,RI,02904,2023-10-13,Health,F,Resident Assessment and Care Planning Deficiencies,0842,Safeguard resident-identifiable information and/or maintain medical records on each resident that are in accordance with accepted professional standards.,D,"Deficient, Provider has date of correction",2023-10-26,3,Y,N,N,N,N,"100 Smithfield Road,North Providence,RI,02904",2026-06-01
415029,Golden Crest Nursing Centre,100 Smithfield Road,North Providence,RI,02904,2023-10-13,Health,F,Infection Control Deficiencies,0880,Provide and implement an infection prevention and control program.,D,"Deficient, Provider has date of correction",2023-10-26,3,Y,N,N,N,N,"100 Smithfield Road,North Providence,RI,02904",2026-06-01
415029,Golden Crest Nursing Centre,100 Smithfield Road,North Providence,RI,02904,2023-10-13,Health,F,Quality of Life and Care Deficiencies,0686,Provide appropriate pressure ulcer care and prevent new ulcers from developing.,D,"Deficient, Provider has date of correction",2023-10-26,3,Y,Y,N,N,N,"100 Smithfield Road,North Providence,RI,02904",2026-06-01
415029,Golden Crest Nursing Centre,100 Smithfield Road,North Providence,RI,02904,2023-10-13,Health,F,Quality of Life and Care Deficiencies,0689,Ensure that a nursing home area is free from accident hazards and provides adequate supervision to prevent accidents.,D,"Deficient, Provider has date of correction",2023-10-26,3,Y,Y,N,N,N,"100 Smithfield Road,North Providence,RI,02904",2026-06-01
415031,Silver Creek Rehab and Healthcare Center,7 Creek Lane,Bristol,RI,02809,2026-01-23,Health,F,Resident Rights Deficiencies,0557,Honor the resident's right to be treated with respect and dignity and to retain and use personal possessions.,D,"Deficient, Provider has date of correction",2026-02-22,1,Y,N,N,N,N,"7 Creek Lane,Bristol,RI,02809",2026-06-01
415031,Silver Creek Rehab and Healthcare Center,7 Creek Lane,Bristol,RI,02809,2026-01-23,Health,F,Resident Rights Deficiencies,0567,Honor the resident's right to manage his or her financial affairs.,E,"Deficient, Provider has date of correction",2026-02-22,1,Y,N,N,N,N,"7 Creek Lane,Bristol,RI,02809",2026-06-01
415031,Silver Creek Rehab and Healthcare Center,7 Creek Lane,Bristol,RI,02809,2026-01-23,Health,F,Resident Rights Deficiencies,0577,Allow residents to easily view the nursing home's survey results and communicate with advocate agencies.,C,"Deficient, Provider has date of correction",2026-02-22,1,Y,N,N,N,N,"7 Creek Lane,Bristol,RI,02809",2026-06-01
415031,Silver Creek Rehab and Healthcare Center,7 Creek Lane,Bristol,RI,02809,2026-01-23,Health,F,Resident Assessment and Care Planning Deficiencies,0641,Ensure each resident receives an accurate assessment.,D,"Deficient, Provider has date of correction",2026-02-22,1,Y,N,N,N,N,"7 Creek Lane,Bristol,RI,02809",2026-06-01
415031,Silver Creek Rehab and Healthcare Center,7 Creek Lane,Bristol,RI,02809,2026-01-23,Health,F,Resident Assessment and Care Planning Deficiencies,0658,Ensure services provided by the nursing facility meet professional standards of quality.,E,"Deficient, Provider has date of correction",2026-02-22,1,Y,N,N,N,N,"7 Creek Lane,Bristol,RI,02809",2026-06-01
415031,Silver Creek Rehab and Healthcare Center,7 Creek Lane,Bristol,RI,02809,2026-01-23,Health,F,Quality of Life and Care Deficiencies,0684,"Provide appropriate treatment and care according to orders, resident’s preferences and goals.",D,"Deficient, Provider has date of correction",2026-02-22,1,Y,N,N,N,N,"7 Creek Lane,Bristol,RI,02809",2026-06-01
415031,Silver Creek Rehab and Healthcare Center,7 Creek Lane,Bristol,RI,02809,2026-01-23,Health,F,Quality of Life and Care Deficiencies,0688,"Provide appropriate care for a resident to maintain and/or improve range of motion (ROM), limited ROM and/or mobility, unless a decline is for a medical reason.",D,"Deficient, Provider has date of correction",2026-02-22,1,Y,N,N,N,N,"7 Creek Lane,Bristol,RI,02809",2026-06-01
415031,Silver Creek Rehab and Healthcare Center,7 Creek Lane,Bristol,RI,02809,2026-01-23,Health,F,Pharmacy Service Deficiencies,0757,Ensure each resident’s drug regimen must be free from unnecessary drugs.,D,"Deficient, Provider has date of correction",2026-02-22,1,Y,N,N,N,N,"7 Creek Lane,Bristol,RI,02809",2026-06-01
415031,Silver Creek Rehab and Healthcare Center,7 Creek Lane,Bristol,RI,02809,2026-01-23,Health,F,Pharmacy Service Deficiencies,0761,"Ensure drugs and biologicals used in the facility are labeled in accordance with currently accepted professional principles; and all drugs and biologicals must be stored in locked compartments, separately locked, compartments for controlled drugs.",E,"Deficient, Provider has date of correction",2026-02-22,1,Y,N,N,N,N,"7 Creek Lane,Bristol,RI,02809",2026-06-01
415031,Silver Creek Rehab and Healthcare Center,7 Creek Lane,Bristol,RI,02809,2026-01-23,Health,F,Administration Deficiencies,0770,"Provide timely, quality laboratory services/tests to meet the needs of residents.",D,"Deficient, Provider has date of correction",2026-02-22,1,Y,N,N,N,N,"7 Creek Lane,Bristol,RI,02809",2026-06-01
415031,Silver Creek Rehab and Healthcare Center,7 Creek Lane,Bristol,RI,02809,2026-01-23,Health,F,Infection Control Deficiencies,0880,Provide and implement an infection prevention and control program.,D,"Deficient, Provider has date of correction",2026-02-22,1,Y,N,N,N,N,"7 Creek Lane,Bristol,RI,02809",2026-06-01
415031,Silver Creek Rehab and Healthcare Center,7 Creek Lane,Bristol,RI,02809,2025-01-27,Health,F,Quality of Life and Care Deficiencies,0689,Ensure that a nursing home area is free from accident hazards and provides adequate supervision to prevent accidents.,L,"Deficient, Provider has date of correction",2025-02-12,2,N,Y,N,N,N,"7 Creek Lane,Bristol,RI,02809",2026-06-01
415031,Silver Creek Rehab and Healthcare Center,7 Creek Lane,Bristol,RI,02809,2024-08-13,Health,F,"Freedom from Abuse, Neglect, and Exploitation Deficiencies",0600,"Protect each resident from all types of abuse such as physical, mental, sexual abuse, physical punishment, and neglect by anybody.",J,"Deficient, Provider has date of correction",2024-08-22,2,N,Y,N,N,N,"7 Creek Lane,Bristol,RI,02809",2026-06-01
415031,Silver Creek Rehab and Healthcare Center,7 Creek Lane,Bristol,RI,02809,2024-08-13,Health,F,"Freedom from Abuse, Neglect, and Exploitation Deficiencies",0610,Respond appropriately to all alleged violations.,J,"Deficient, Provider has date of correction",2024-08-22,2,N,Y,N,N,N,"7 Creek Lane,Bristol,RI,02809",2026-06-01
415031,Silver Creek Rehab and Healthcare Center,7 Creek Lane,Bristol,RI,02809,2024-08-02,Health,F,"Freedom from Abuse, Neglect, and Exploitation Deficiencies",0600,"Protect each resident from all types of abuse such as physical, mental, sexual abuse, physical punishment, and neglect by anybody.",D,"Deficient, Provider has date of correction",2024-08-22,2,N,Y,N,N,N,"7 Creek Lane,Bristol,RI,02809",2026-06-01
415031,Silver Creek Rehab and Healthcare Center,7 Creek Lane,Bristol,RI,02809,2024-08-02,Health,F,Quality of Life and Care Deficiencies,0689,Ensure that a nursing home area is free from accident hazards and provides adequate supervision to prevent accidents.,J,"Deficient, Provider has date of correction",2024-08-22,2,N,Y,N,N,N,"7 Creek Lane,Bristol,RI,02809",2026-06-01
415031,Silver Creek Rehab and Healthcare Center,7 Creek Lane,Bristol,RI,02809,2024-10-31,Health,F,Quality of Life and Care Deficiencies,0686,Provide appropriate pressure ulcer care and prevent new ulcers from developing.,D,"Deficient, Provider has date of correction",2024-11-30,2,Y,N,N,N,N,"7 Creek Lane,Bristol,RI,02809",2026-06-01
415031,Silver Creek Rehab and Healthcare Center,7 Creek Lane,Bristol,RI,02809,2024-10-31,Health,F,Quality of Life and Care Deficiencies,0691,"Provide appropriate colostomy, urostomy, or ileostomy care/services for a resident who requires such services.",H,"Deficient, Provider has date of correction",2024-11-30,2,Y,N,N,N,N,"7 Creek Lane,Bristol,RI,02809",2026-06-01
415031,Silver Creek Rehab and Healthcare Center,7 Creek Lane,Bristol,RI,02809,2024-10-31,Health,F,Infection Control Deficiencies,0880,Provide and implement an infection prevention and control program.,E,"Deficient, Provider has date of correction",2024-11-30,2,Y,N,N,N,N,"7 Creek Lane,Bristol,RI,02809",2026-06-01
415031,Silver Creek Rehab and Healthcare Center,7 Creek Lane,Bristol,RI,02809,2023-12-28,Health,F,Quality of Life and Care Deficiencies,0684,"Provide appropriate treatment and care according to orders, resident’s preferences and goals.",G,"Deficient, Provider has date of correction",2024-01-27,3,N,Y,N,N,N,"7 Creek Lane,Bristol,RI,02809",2026-06-01
415031,Silver Creek Rehab and Healthcare Center,7 Creek Lane,Bristol,RI,02809,2023-12-28,Health,F,Quality of Life and Care Deficiencies,0686,Provide appropriate pressure ulcer care and prevent new ulcers from developing.,G,"Deficient, Provider has date of correction",2024-01-27,3,N,Y,N,N,N,"7 Creek Lane,Bristol,RI,02809",2026-06-01
415031,Silver Creek Rehab and Healthcare Center,7 Creek Lane,Bristol,RI,02809,2023-08-16,Health,F,Quality of Life and Care Deficiencies,0692,Provide enough food/fluids to maintain a resident's health.,G,"Deficient, Provider has date of correction",2023-09-15,3,N,Y,N,N,N,"7 Creek Lane,Bristol,RI,02809",2026-06-01
415031,Silver Creek Rehab and Healthcare Center,7 Creek Lane,Bristol,RI,02809,2023-11-02,Health,F,Resident Assessment and Care Planning Deficiencies,0657,"Develop the complete care plan within 7 days of the comprehensive assessment; and prepared, reviewed, and revised by a team of health professionals.",E,"Deficient, Provider has date of correction",2023-12-02,3,Y,N,N,N,N,"7 Creek Lane,Bristol,RI,02809",2026-06-01
415031,Silver Creek Rehab and Healthcare Center,7 Creek Lane,Bristol,RI,02809,2023-11-02,Health,F,Resident Assessment and Care Planning Deficiencies,0658,Ensure services provided by the nursing facility meet professional standards of quality.,D,"Deficient, Provider has date of correction",2023-12-02,3,Y,N,N,N,N,"7 Creek Lane,Bristol,RI,02809",2026-06-01
415031,Silver Creek Rehab and Healthcare Center,7 Creek Lane,Bristol,RI,02809,2023-11-02,Health,F,Quality of Life and Care Deficiencies,0684,"Provide appropriate treatment and care according to orders, resident’s preferences and goals.",D,"Deficient, Provider has date of correction",2023-12-02,3,Y,N,N,N,N,"7 Creek Lane,Bristol,RI,02809",2026-06-01
415031,Silver Creek Rehab and Healthcare Center,7 Creek Lane,Bristol,RI,02809,2023-11-02,Health,F,Quality of Life and Care Deficiencies,0686,Provide appropriate pressure ulcer care and prevent new ulcers from developing.,D,"Deficient, Provider has date of correction",2023-12-02,3,Y,N,N,N,N,"7 Creek Lane,Bristol,RI,02809",2026-06-01
415031,Silver Creek Rehab and Healthcare Center,7 Creek Lane,Bristol,RI,02809,2023-11-02,Health,F,Pharmacy Service Deficiencies,0761,"Ensure drugs and biologicals used in the facility are labeled in accordance with currently accepted professional principles; and all drugs and biologicals must be stored in locked compartments, separately locked, compartments for controlled drugs.",E,"Deficient, Provider has date of correction",2023-12-02,3,Y,N,N,N,N,"7 Creek Lane,Bristol,RI,02809",2026-06-01
415031,Silver Creek Rehab and Healthcare Center,7 Creek Lane,Bristol,RI,02809,2023-11-02,Health,F,Infection Control Deficiencies,0880,Provide and implement an infection prevention and control program.,E,"Deficient, Provider has date of correction",2023-12-02,3,Y,N,N,N,N,"7 Creek Lane,Bristol,RI,02809",2026-06-01
415031,Silver Creek Rehab and Healthcare Center,7 Creek Lane,Bristol,RI,02809,2023-11-02,Health,F,Environmental Deficiencies,0919,Make sure that a working call system is available in each resident's  bathroom and bathing area.,D,"Deficient, Provider has date of correction",2023-12-02,3,Y,N,N,N,N,"7 Creek Lane,Bristol,RI,02809",2026-06-01
415032,Cedar Crest Nursing Centre Inc,125 Scituate Avenue,Cranston,RI,02920,2025-09-25,Health,F,Resident Assessment and Care Planning Deficiencies,0658,Ensure services provided by the nursing facility meet professional standards of quality.,D,"Deficient, Provider has date of correction",2025-10-21,1,Y,N,N,N,N,"125 Scituate Avenue,Cranston,RI,02920",2026-06-01
415032,Cedar Crest Nursing Centre Inc,125 Scituate Avenue,Cranston,RI,02920,2025-09-25,Health,F,Pharmacy Service Deficiencies,0757,Ensure each resident’s drug regimen must be free from unnecessary drugs.,D,"Deficient, Provider has date of correction",2025-10-21,1,Y,N,N,N,N,"125 Scituate Avenue,Cranston,RI,02920",2026-06-01
415032,Cedar Crest Nursing Centre Inc,125 Scituate Avenue,Cranston,RI,02920,2024-08-05,Health,F,Pharmacy Service Deficiencies,0761,"Ensure drugs and biologicals used in the facility are labeled in accordance with currently accepted professional principles; and all drugs and biologicals must be stored in locked compartments, separately locked, compartments for controlled drugs.",D,Past Non-Compliance,2024-07-18,2,N,Y,N,N,N,"125 Scituate Avenue,Cranston,RI,02920",2026-06-01
415032,Cedar Crest Nursing Centre Inc,125 Scituate Avenue,Cranston,RI,02920,2024-09-20,Health,F,Resident Assessment and Care Planning Deficiencies,0658,Ensure services provided by the nursing facility meet professional standards of quality.,E,"Deficient, Provider has date of correction",2024-10-20,2,Y,N,N,N,N,"125 Scituate Avenue,Cranston,RI,02920",2026-06-01
415032,Cedar Crest Nursing Centre Inc,125 Scituate Avenue,Cranston,RI,02920,2024-09-20,Health,F,Pharmacy Service Deficiencies,0755,Provide pharmaceutical services to meet the needs of each resident and employ or obtain the services of a licensed pharmacist.,D,"Deficient, Provider has date of correction",2024-10-20,2,Y,N,N,N,N,"125 Scituate Avenue,Cranston,RI,02920",2026-06-01
415032,Cedar Crest Nursing Centre Inc,125 Scituate Avenue,Cranston,RI,02920,2024-09-20,Health,F,Nutrition and Dietary Deficiencies,0805,Ensure each resident receives and the facility provides food prepared in a form designed to meet individual needs.,D,"Deficient, Provider has date of correction",2024-10-20,2,Y,N,N,N,N,"125 Scituate Avenue,Cranston,RI,02920",2026-06-01
415032,Cedar Crest Nursing Centre Inc,125 Scituate Avenue,Cranston,RI,02920,2024-09-20,Health,F,Nutrition and Dietary Deficiencies,0812,"Procure food from sources approved or considered satisfactory and store, prepare, distribute and serve food in accordance with professional standards.",F,"Deficient, Provider has date of correction",2024-10-20,2,Y,N,N,N,N,"125 Scituate Avenue,Cranston,RI,02920",2026-06-01
415032,Cedar Crest Nursing Centre Inc,125 Scituate Avenue,Cranston,RI,02920,2024-09-20,Health,F,Infection Control Deficiencies,0880,Provide and implement an infection prevention and control program.,D,"Deficient, Provider has date of correction",2024-10-20,2,Y,N,N,N,N,"125 Scituate Avenue,Cranston,RI,02920",2026-06-01
415032,Cedar Crest Nursing Centre Inc,125 Scituate Avenue,Cranston,RI,02920,2024-09-20,Health,F,Pharmacy Service Deficiencies,0761,"Ensure drugs and biologicals used in the facility are labeled in accordance with currently accepted professional principles; and all drugs and biologicals must be stored in locked compartments, separately locked, compartments for controlled drugs.",D,"Deficient, Provider has date of correction",2024-10-20,2,Y,Y,N,N,N,"125 Scituate Avenue,Cranston,RI,02920",2026-06-01
415032,Cedar Crest Nursing Centre Inc,125 Scituate Avenue,Cranston,RI,02920,2024-03-01,Health,F,Quality of Life and Care Deficiencies,0689,Ensure that a nursing home area is free from accident hazards and provides adequate supervision to prevent accidents.,J,"Deficient, Provider has date of correction",2024-03-26,3,N,Y,N,N,N,"125 Scituate Avenue,Cranston,RI,02920",2026-06-01
415032,Cedar Crest Nursing Centre Inc,125 Scituate Avenue,Cranston,RI,02920,2024-03-01,Health,F,Nursing and Physician Services Deficiencies,0726,Ensure that nurses and nurse aides have the appropriate competencies to care for every resident in a way that maximizes each resident's well being.,D,"Deficient, Provider has date of correction",2024-03-26,3,N,Y,N,N,N,"125 Scituate Avenue,Cranston,RI,02920",2026-06-01
415032,Cedar Crest Nursing Centre Inc,125 Scituate Avenue,Cranston,RI,02920,2023-09-06,Health,F,"Freedom from Abuse, Neglect, and Exploitation Deficiencies",0610,Respond appropriately to all alleged violations.,D,"Deficient, Provider has date of correction",2023-09-22,3,N,Y,N,N,N,"125 Scituate Avenue,Cranston,RI,02920",2026-06-01
415032,Cedar Crest Nursing Centre Inc,125 Scituate Avenue,Cranston,RI,02920,2023-10-05,Health,F,"Freedom from Abuse, Neglect, and Exploitation Deficiencies",0604,"Ensure that each resident is free from the use of physical restraints, unless needed for medical treatment.",D,"Deficient, Provider has date of correction",2023-11-04,3,Y,N,N,N,N,"125 Scituate Avenue,Cranston,RI,02920",2026-06-01
415032,Cedar Crest Nursing Centre Inc,125 Scituate Avenue,Cranston,RI,02920,2023-10-05,Health,F,Resident Assessment and Care Planning Deficiencies,0657,"Develop the complete care plan within 7 days of the comprehensive assessment; and prepared, reviewed, and revised by a team of health professionals.",D,"Deficient, Provider has date of correction",2023-11-04,3,Y,N,N,N,N,"125 Scituate Avenue,Cranston,RI,02920",2026-06-01
415032,Cedar Crest Nursing Centre Inc,125 Scituate Avenue,Cranston,RI,02920,2023-10-05,Health,F,Resident Assessment and Care Planning Deficiencies,0658,Ensure services provided by the nursing facility meet professional standards of quality.,E,"Deficient, Provider has date of correction",2023-11-04,3,Y,N,N,N,N,"125 Scituate Avenue,Cranston,RI,02920",2026-06-01
415032,Cedar Crest Nursing Centre Inc,125 Scituate Avenue,Cranston,RI,02920,2023-10-05,Health,F,Quality of Life and Care Deficiencies,0679,Provide activities to meet all resident's needs.,D,"Deficient, Provider has date of correction",2023-11-04,3,Y,N,N,N,N,"125 Scituate Avenue,Cranston,RI,02920",2026-06-01
415032,Cedar Crest Nursing Centre Inc,125 Scituate Avenue,Cranston,RI,02920,2023-10-05,Health,F,Quality of Life and Care Deficiencies,0684,"Provide appropriate treatment and care according to orders, resident’s preferences and goals.",D,"Deficient, Provider has date of correction",2023-11-04,3,Y,N,N,N,N,"125 Scituate Avenue,Cranston,RI,02920",2026-06-01
415032,Cedar Crest Nursing Centre Inc,125 Scituate Avenue,Cranston,RI,02920,2023-10-05,Health,F,Quality of Life and Care Deficiencies,0689,Ensure that a nursing home area is free from accident hazards and provides adequate supervision to prevent accidents.,D,"Deficient, Provider has date of correction",2023-11-04,3,Y,N,N,N,N,"125 Scituate Avenue,Cranston,RI,02920",2026-06-01
415032,Cedar Crest Nursing Centre Inc,125 Scituate Avenue,Cranston,RI,02920,2023-10-05,Health,F,Quality of Life and Care Deficiencies,0694,"Provide for the safe, appropriate administration of IV fluids for a resident when needed.",D,"Deficient, Provider has date of correction",2023-11-04,3,Y,N,N,N,N,"125 Scituate Avenue,Cranston,RI,02920",2026-06-01
415032,Cedar Crest Nursing Centre Inc,125 Scituate Avenue,Cranston,RI,02920,2023-10-05,Health,F,Nutrition and Dietary Deficiencies,0812,"Procure food from sources approved or considered satisfactory and store, prepare, distribute and serve food in accordance with professional standards.",F,"Deficient, Provider has date of correction",2023-11-04,3,Y,N,N,N,N,"125 Scituate Avenue,Cranston,RI,02920",2026-06-01
415032,Cedar Crest Nursing Centre Inc,125 Scituate Avenue,Cranston,RI,02920,2023-10-05,Health,F,Resident Assessment and Care Planning Deficiencies,0842,Safeguard resident-identifiable information and/or maintain medical records on each resident that are in accordance with accepted professional standards.,E,"Deficient, Provider has date of correction",2023-11-04,3,Y,N,N,N,N,"125 Scituate Avenue,Cranston,RI,02920",2026-06-01
415032,Cedar Crest Nursing Centre Inc,125 Scituate Avenue,Cranston,RI,02920,2023-10-05,Health,F,Infection Control Deficiencies,0880,Provide and implement an infection prevention and control program.,D,"Deficient, Provider has date of correction",2023-11-04,3,Y,N,N,N,N,"125 Scituate Avenue,Cranston,RI,02920",2026-06-01
415033,"AdviniaCare Newport, LLC",398 Bellevue Avenue,Newport,RI,02840,2026-02-26,Health,F,Resident Assessment and Care Planning Deficiencies,0658,Ensure services provided by the nursing facility meet professional standards of quality.,E,"Deficient, Provider has date of correction",2026-03-20,1,N,Y,N,N,N,"398 Bellevue Avenue,Newport,RI,02840",2026-06-01
415033,"AdviniaCare Newport, LLC",398 Bellevue Avenue,Newport,RI,02840,2025-11-19,Health,F,Nutrition and Dietary Deficiencies,0812,"Procure food from sources approved or considered satisfactory and store, prepare, distribute and serve food in accordance with professional standards.",F,"Deficient, Provider has date of correction",2025-12-15,1,N,Y,N,N,N,"398 Bellevue Avenue,Newport,RI,02840",2026-06-01
415033,"AdviniaCare Newport, LLC",398 Bellevue Avenue,Newport,RI,02840,2025-08-18,Health,F,Resident Rights Deficiencies,0555,Honor the resident's right to choose his or her attending physician.,E,Past Non-Compliance,,1,N,Y,N,N,N,"398 Bellevue Avenue,Newport,RI,02840",2026-06-01
415033,"AdviniaCare Newport, LLC",398 Bellevue Avenue,Newport,RI,02840,2025-12-19,Health,F,Resident Rights Deficiencies,0565,Honor the resident's right to organize and participate in resident/family groups in the facility.,E,"Deficient, Provider has date of correction",2026-01-12,1,Y,N,N,N,N,"398 Bellevue Avenue,Newport,RI,02840",2026-06-01
415033,"AdviniaCare Newport, LLC",398 Bellevue Avenue,Newport,RI,02840,2025-12-19,Health,F,Resident Rights Deficiencies,0577,Allow residents to easily view the nursing home's survey results and communicate with advocate agencies.,B,"Deficient, Provider has date of correction",2026-01-12,1,Y,N,N,N,N,"398 Bellevue Avenue,Newport,RI,02840",2026-06-01
415033,"AdviniaCare Newport, LLC",398 Bellevue Avenue,Newport,RI,02840,2025-12-19,Health,F,Resident Assessment and Care Planning Deficiencies,0658,Ensure services provided by the nursing facility meet professional standards of quality.,D,"Deficient, Provider has date of correction",2026-01-12,1,Y,N,N,N,N,"398 Bellevue Avenue,Newport,RI,02840",2026-06-01
415033,"AdviniaCare Newport, LLC",398 Bellevue Avenue,Newport,RI,02840,2025-12-19,Health,F,Quality of Life and Care Deficiencies,0677,Provide care and assistance to perform activities of daily living for any resident who is unable.,D,"Deficient, Provider has date of correction",2026-01-12,1,Y,N,N,N,N,"398 Bellevue Avenue,Newport,RI,02840",2026-06-01
415033,"AdviniaCare Newport, LLC",398 Bellevue Avenue,Newport,RI,02840,2025-12-19,Health,F,Quality of Life and Care Deficiencies,0684,"Provide appropriate treatment and care according to orders, resident’s preferences and goals.",E,"Deficient, Provider has date of correction",2026-01-12,1,Y,N,N,N,N,"398 Bellevue Avenue,Newport,RI,02840",2026-06-01
415033,"AdviniaCare Newport, LLC",398 Bellevue Avenue,Newport,RI,02840,2025-12-19,Health,F,Quality of Life and Care Deficiencies,0689,Ensure that a nursing home area is free from accident hazards and provides adequate supervision to prevent accidents.,E,"Deficient, Provider has date of correction",2026-01-12,1,Y,N,N,N,N,"398 Bellevue Avenue,Newport,RI,02840",2026-06-01
415033,"AdviniaCare Newport, LLC",398 Bellevue Avenue,Newport,RI,02840,2025-12-19,Health,F,Quality of Life and Care Deficiencies,0690,"Provide appropriate care for residents who are continent or incontinent of bowel/bladder, appropriate catheter care,  and appropriate care  to prevent urinary tract infections.",D,"Deficient, Provider has date of correction",2026-01-12,1,Y,N,N,N,N,"398 Bellevue Avenue,Newport,RI,02840",2026-06-01
415033,"AdviniaCare Newport, LLC",398 Bellevue Avenue,Newport,RI,02840,2025-12-19,Health,F,Quality of Life and Care Deficiencies,0693,Ensure that feeding tubes are  not used unless there is a medical reason and the resident agrees; and provide appropriate care for a resident with a feeding tube.,D,"Deficient, Provider has date of correction",2026-01-12,1,Y,N,N,N,N,"398 Bellevue Avenue,Newport,RI,02840",2026-06-01
415033,"AdviniaCare Newport, LLC",398 Bellevue Avenue,Newport,RI,02840,2025-12-19,Health,F,Pharmacy Service Deficiencies,0759,Ensure medication error rates are not 5 percent or greater.,D,"Deficient, Provider has date of correction",2026-01-12,1,Y,N,N,N,N,"398 Bellevue Avenue,Newport,RI,02840",2026-06-01
415033,"AdviniaCare Newport, LLC",398 Bellevue Avenue,Newport,RI,02840,2025-12-19,Health,F,Nutrition and Dietary Deficiencies,0812,"Procure food from sources approved or considered satisfactory and store, prepare, distribute and serve food in accordance with professional standards.",F,"Deficient, Provider has date of correction",2026-01-12,1,Y,N,N,N,N,"398 Bellevue Avenue,Newport,RI,02840",2026-06-01
415033,"AdviniaCare Newport, LLC",398 Bellevue Avenue,Newport,RI,02840,2025-12-19,Health,F,Administration Deficiencies,0865,Have a  plan that describes the process for conducting QAPI and QAA activities.,F,"Deficient, Provider has date of correction",2026-01-12,1,Y,N,N,N,N,"398 Bellevue Avenue,Newport,RI,02840",2026-06-01
415033,"AdviniaCare Newport, LLC",398 Bellevue Avenue,Newport,RI,02840,2025-12-19,Health,F,Infection Control Deficiencies,0880,Provide and implement an infection prevention and control program.,D,"Deficient, Provider has date of correction",2026-01-12,1,Y,N,N,N,N,"398 Bellevue Avenue,Newport,RI,02840",2026-06-01
415033,"AdviniaCare Newport, LLC",398 Bellevue Avenue,Newport,RI,02840,2025-12-19,Health,F,Environmental Deficiencies,0921,"Make sure that the nursing home area is safe, easy to use, clean and comfortable for residents, staff and the public.",E,"Deficient, Provider has date of correction",2026-01-12,1,Y,N,N,N,N,"398 Bellevue Avenue,Newport,RI,02840",2026-06-01
415033,"AdviniaCare Newport, LLC",398 Bellevue Avenue,Newport,RI,02840,2024-06-13,Health,F,Quality of Life and Care Deficiencies,0689,Ensure that a nursing home area is free from accident hazards and provides adequate supervision to prevent accidents.,D,"Deficient, Provider has date of correction",2024-06-25,2,N,Y,N,N,N,"398 Bellevue Avenue,Newport,RI,02840",2026-06-01
415033,"AdviniaCare Newport, LLC",398 Bellevue Avenue,Newport,RI,02840,2024-09-06,Health,F,Resident Assessment and Care Planning Deficiencies,0658,Ensure services provided by the nursing facility meet professional standards of quality.,E,"Deficient, Provider has date of correction",2024-10-01,2,Y,N,N,N,N,"398 Bellevue Avenue,Newport,RI,02840",2026-06-01
415033,"AdviniaCare Newport, LLC",398 Bellevue Avenue,Newport,RI,02840,2024-09-06,Health,F,Quality of Life and Care Deficiencies,0686,Provide appropriate pressure ulcer care and prevent new ulcers from developing.,G,"Deficient, Provider has date of correction",2024-10-01,2,Y,N,N,N,N,"398 Bellevue Avenue,Newport,RI,02840",2026-06-01
415033,"AdviniaCare Newport, LLC",398 Bellevue Avenue,Newport,RI,02840,2024-09-06,Health,F,Quality of Life and Care Deficiencies,0688,"Provide appropriate care for a resident to maintain and/or improve range of motion (ROM), limited ROM and/or mobility, unless a decline is for a medical reason.",E,"Deficient, Provider has date of correction",2024-10-01,2,Y,N,N,N,N,"398 Bellevue Avenue,Newport,RI,02840",2026-06-01
415033,"AdviniaCare Newport, LLC",398 Bellevue Avenue,Newport,RI,02840,2024-09-06,Health,F,Quality of Life and Care Deficiencies,0695,Provide safe and appropriate respiratory care for a resident when needed.,E,"Deficient, Provider has date of correction",2024-10-01,2,Y,N,N,N,N,"398 Bellevue Avenue,Newport,RI,02840",2026-06-01
415033,"AdviniaCare Newport, LLC",398 Bellevue Avenue,Newport,RI,02840,2024-09-06,Health,F,Nursing and Physician Services Deficiencies,0726,Ensure that nurses and nurse aides have the appropriate competencies to care for every resident in a way that maximizes each resident's well being.,F,"Deficient, Provider has date of correction",2024-10-01,2,Y,N,N,N,N,"398 Bellevue Avenue,Newport,RI,02840",2026-06-01
415033,"AdviniaCare Newport, LLC",398 Bellevue Avenue,Newport,RI,02840,2024-09-06,Health,F,Pharmacy Service Deficiencies,0761,"Ensure drugs and biologicals used in the facility are labeled in accordance with currently accepted professional principles; and all drugs and biologicals must be stored in locked compartments, separately locked, compartments for controlled drugs.",E,"Deficient, Provider has date of correction",2024-10-01,2,Y,N,N,N,N,"398 Bellevue Avenue,Newport,RI,02840",2026-06-01
415033,"AdviniaCare Newport, LLC",398 Bellevue Avenue,Newport,RI,02840,2024-09-06,Health,F,Nutrition and Dietary Deficiencies,0803,"Ensure menus must meet the nutritional needs of residents, be prepared in advance, be followed, be updated, be reviewed by dietician, and meet the needs of the resident.",F,"Deficient, Provider has date of correction",2024-10-01,2,Y,N,N,N,N,"398 Bellevue Avenue,Newport,RI,02840",2026-06-01
415033,"AdviniaCare Newport, LLC",398 Bellevue Avenue,Newport,RI,02840,2024-09-06,Health,F,Nutrition and Dietary Deficiencies,0805,Ensure each resident receives and the facility provides food prepared in a form designed to meet individual needs.,D,"Deficient, Provider has date of correction",2024-10-01,2,Y,N,N,N,N,"398 Bellevue Avenue,Newport,RI,02840",2026-06-01
415033,"AdviniaCare Newport, LLC",398 Bellevue Avenue,Newport,RI,02840,2024-09-06,Health,F,Resident Assessment and Care Planning Deficiencies,0842,Safeguard resident-identifiable information and/or maintain medical records on each resident that are in accordance with accepted professional standards.,E,"Deficient, Provider has date of correction",2024-10-01,2,Y,N,N,N,N,"398 Bellevue Avenue,Newport,RI,02840",2026-06-01
415033,"AdviniaCare Newport, LLC",398 Bellevue Avenue,Newport,RI,02840,2024-09-06,Health,F,Environmental Deficiencies,0921,"Make sure that the nursing home area is safe, easy to use, clean and comfortable for residents, staff and the public.",E,"Deficient, Provider has date of correction",2024-10-01,2,Y,N,N,N,N,"398 Bellevue Avenue,Newport,RI,02840",2026-06-01
415033,"AdviniaCare Newport, LLC",398 Bellevue Avenue,Newport,RI,02840,2024-09-06,Health,F,Administration Deficiencies,0940,"Develop, implement, and/or maintain an effective training program for all new and existing staff members.",F,"Deficient, Provider has date of correction",2024-10-01,2,Y,N,N,N,N,"398 Bellevue Avenue,Newport,RI,02840",2026-06-01
415033,"AdviniaCare Newport, LLC",398 Bellevue Avenue,Newport,RI,02840,2024-09-06,Health,F,Quality of Life and Care Deficiencies,0693,Ensure that feeding tubes are  not used unless there is a medical reason and the resident agrees; and provide appropriate care for a resident with a feeding tube.,E,"Deficient, Provider has date of correction",2024-10-01,2,Y,Y,N,N,N,"398 Bellevue Avenue,Newport,RI,02840",2026-06-01
415033,"AdviniaCare Newport, LLC",398 Bellevue Avenue,Newport,RI,02840,2024-09-06,Health,F,Pharmacy Service Deficiencies,0756,"Ensure a licensed pharmacist perform a monthly drug regimen review, including the medical chart, following irregularity reporting guidelines in developed policies and procedures.",E,"Deficient, Provider has date of correction",2024-10-01,2,Y,Y,N,N,N,"398 Bellevue Avenue,Newport,RI,02840",2026-06-01
415033,"AdviniaCare Newport, LLC",398 Bellevue Avenue,Newport,RI,02840,2024-09-06,Health,F,Pharmacy Service Deficiencies,0760,Ensure that residents are free from significant medication errors.,E,"Deficient, Provider has date of correction",2024-10-01,2,Y,Y,N,N,N,"398 Bellevue Avenue,Newport,RI,02840",2026-06-01
415033,"AdviniaCare Newport, LLC",398 Bellevue Avenue,Newport,RI,02840,2024-09-06,Health,F,Nutrition and Dietary Deficiencies,0812,"Procure food from sources approved or considered satisfactory and store, prepare, distribute and serve food in accordance with professional standards.",L,"Deficient, Provider has date of correction",2024-10-01,2,Y,Y,N,N,N,"398 Bellevue Avenue,Newport,RI,02840",2026-06-01
415033,"AdviniaCare Newport, LLC",398 Bellevue Avenue,Newport,RI,02840,2023-08-04,Health,F,Resident Assessment and Care Planning Deficiencies,0658,Ensure services provided by the nursing facility meet professional standards of quality.,E,"Deficient, Provider has date of correction",2023-08-22,3,N,Y,N,N,N,"398 Bellevue Avenue,Newport,RI,02840",2026-06-01
415033,"AdviniaCare Newport, LLC",398 Bellevue Avenue,Newport,RI,02840,2023-09-13,Health,F,"Freedom from Abuse, Neglect, and Exploitation Deficiencies",0610,Respond appropriately to all alleged violations.,D,"Deficient, Provider has date of correction",2023-10-04,3,Y,N,N,N,N,"398 Bellevue Avenue,Newport,RI,02840",2026-06-01
415033,"AdviniaCare Newport, LLC",398 Bellevue Avenue,Newport,RI,02840,2023-09-13,Health,F,Resident Assessment and Care Planning Deficiencies,0658,Ensure services provided by the nursing facility meet professional standards of quality.,E,"Deficient, Provider has date of correction",2023-10-04,3,Y,N,N,N,N,"398 Bellevue Avenue,Newport,RI,02840",2026-06-01
415033,"AdviniaCare Newport, LLC",398 Bellevue Avenue,Newport,RI,02840,2023-09-13,Health,F,Quality of Life and Care Deficiencies,0686,Provide appropriate pressure ulcer care and prevent new ulcers from developing.,E,"Deficient, Provider has date of correction",2023-10-04,3,Y,N,N,N,N,"398 Bellevue Avenue,Newport,RI,02840",2026-06-01
415033,"AdviniaCare Newport, LLC",398 Bellevue Avenue,Newport,RI,02840,2023-09-13,Health,F,Quality of Life and Care Deficiencies,0687,Provide appropriate foot care.,E,"Deficient, Provider has date of correction",2023-10-04,3,Y,N,N,N,N,"398 Bellevue Avenue,Newport,RI,02840",2026-06-01
415033,"AdviniaCare Newport, LLC",398 Bellevue Avenue,Newport,RI,02840,2023-09-13,Health,F,Quality of Life and Care Deficiencies,0695,Provide safe and appropriate respiratory care for a resident when needed.,D,"Deficient, Provider has date of correction",2023-10-04,3,Y,N,N,N,N,"398 Bellevue Avenue,Newport,RI,02840",2026-06-01
415033,"AdviniaCare Newport, LLC",398 Bellevue Avenue,Newport,RI,02840,2023-09-13,Health,F,Pharmacy Service Deficiencies,0761,"Ensure drugs and biologicals used in the facility are labeled in accordance with currently accepted professional principles; and all drugs and biologicals must be stored in locked compartments, separately locked, compartments for controlled drugs.",E,"Deficient, Provider has date of correction",2023-10-04,3,Y,N,N,N,N,"398 Bellevue Avenue,Newport,RI,02840",2026-06-01
415033,"AdviniaCare Newport, LLC",398 Bellevue Avenue,Newport,RI,02840,2023-09-13,Health,F,Quality of Life and Care Deficiencies,0791,Provide or obtain dental services for each resident.,E,"Deficient, Provider has date of correction",2023-10-04,3,Y,N,N,N,N,"398 Bellevue Avenue,Newport,RI,02840",2026-06-01
415033,"AdviniaCare Newport, LLC",398 Bellevue Avenue,Newport,RI,02840,2023-09-13,Health,F,Nutrition and Dietary Deficiencies,0812,"Procure food from sources approved or considered satisfactory and store, prepare, distribute and serve food in accordance with professional standards.",F,"Deficient, Provider has date of correction",2023-10-04,3,Y,N,N,N,N,"398 Bellevue Avenue,Newport,RI,02840",2026-06-01
415034,Grand Islander Center,333 Green End Avenue,Middletown,RI,02842,2025-12-05,Health,F,Resident Assessment and Care Planning Deficiencies,0658,Ensure services provided by the nursing facility meet professional standards of quality.,D,"Deficient, Provider has date of correction",2026-01-06,1,N,Y,N,N,N,"333 Green End Avenue,Middletown,RI,02842",2026-06-01
415034,Grand Islander Center,333 Green End Avenue,Middletown,RI,02842,2025-12-05,Health,F,Quality of Life and Care Deficiencies,0745,Provide medically-related social services to help each resident achieve the highest possible quality of life.,D,"Deficient, Provider has date of correction",2026-01-06,1,N,Y,N,N,N,"333 Green End Avenue,Middletown,RI,02842",2026-06-01
415034,Grand Islander Center,333 Green End Avenue,Middletown,RI,02842,2025-11-25,Health,F,Resident Assessment and Care Planning Deficiencies,0658,Ensure services provided by the nursing facility meet professional standards of quality.,D,"Deficient, Provider has date of correction",2026-01-06,1,N,Y,N,N,N,"333 Green End Avenue,Middletown,RI,02842",2026-06-01
415034,Grand Islander Center,333 Green End Avenue,Middletown,RI,02842,2025-11-25,Health,F,Quality of Life and Care Deficiencies,0689,Ensure that a nursing home area is free from accident hazards and provides adequate supervision to prevent accidents.,G,Past Non-Compliance,2025-11-20,1,N,Y,N,N,N,"333 Green End Avenue,Middletown,RI,02842",2026-06-01
415034,Grand Islander Center,333 Green End Avenue,Middletown,RI,02842,2025-10-24,Health,F,Quality of Life and Care Deficiencies,0689,Ensure that a nursing home area is free from accident hazards and provides adequate supervision to prevent accidents.,G,"Deficient, Provider has date of correction",2025-11-20,1,N,Y,N,N,N,"333 Green End Avenue,Middletown,RI,02842",2026-06-01
415034,Grand Islander Center,333 Green End Avenue,Middletown,RI,02842,2025-08-20,Health,F,Resident Assessment and Care Planning Deficiencies,0656,"Develop and implement a complete care plan that meets all the resident's needs, with timetables and actions that can be measured.",D,"Deficient, Provider has date of correction",2025-09-19,1,N,Y,N,N,N,"333 Green End Avenue,Middletown,RI,02842",2026-06-01
415034,Grand Islander Center,333 Green End Avenue,Middletown,RI,02842,2025-08-20,Health,F,Nursing and Physician Services Deficiencies,0726,Ensure that nurses and nurse aides have the appropriate competencies to care for every resident in a way that maximizes each resident's well being.,D,"Deficient, Provider has date of correction",2025-09-19,1,N,Y,N,N,N,"333 Green End Avenue,Middletown,RI,02842",2026-06-01
415034,Grand Islander Center,333 Green End Avenue,Middletown,RI,02842,2025-05-14,Health,F,Resident Assessment and Care Planning Deficiencies,0656,"Develop and implement a complete care plan that meets all the resident's needs, with timetables and actions that can be measured.",E,"Deficient, Provider has date of correction",2025-06-30,1,Y,N,N,N,N,"333 Green End Avenue,Middletown,RI,02842",2026-06-01
415034,Grand Islander Center,333 Green End Avenue,Middletown,RI,02842,2025-05-14,Health,F,Quality of Life and Care Deficiencies,0679,Provide activities to meet all resident's needs.,D,"Deficient, Provider has date of correction",2025-06-30,1,Y,N,N,N,N,"333 Green End Avenue,Middletown,RI,02842",2026-06-01
415034,Grand Islander Center,333 Green End Avenue,Middletown,RI,02842,2025-05-14,Health,F,Quality of Life and Care Deficiencies,0686,Provide appropriate pressure ulcer care and prevent new ulcers from developing.,D,"Deficient, Provider has date of correction",2025-06-30,1,Y,N,N,N,N,"333 Green End Avenue,Middletown,RI,02842",2026-06-01
415034,Grand Islander Center,333 Green End Avenue,Middletown,RI,02842,2025-05-14,Health,F,Quality of Life and Care Deficiencies,0692,Provide enough food/fluids to maintain a resident's health.,D,"Deficient, Provider has date of correction",2025-06-30,1,Y,N,N,N,N,"333 Green End Avenue,Middletown,RI,02842",2026-06-01
415034,Grand Islander Center,333 Green End Avenue,Middletown,RI,02842,2025-05-14,Health,F,Quality of Life and Care Deficiencies,0694,"Provide for the safe, appropriate administration of IV fluids for a resident when needed.",D,"Deficient, Provider has date of correction",2025-06-30,1,Y,N,N,N,N,"333 Green End Avenue,Middletown,RI,02842",2026-06-01
415034,Grand Islander Center,333 Green End Avenue,Middletown,RI,02842,2025-05-14,Health,F,Quality of Life and Care Deficiencies,0698,"Provide safe, appropriate dialysis care/services for a resident who requires such services.",D,"Deficient, Provider has date of correction",2025-06-30,1,Y,N,N,N,N,"333 Green End Avenue,Middletown,RI,02842",2026-06-01
415034,Grand Islander Center,333 Green End Avenue,Middletown,RI,02842,2025-05-14,Health,F,Nursing and Physician Services Deficiencies,0726,Ensure that nurses and nurse aides have the appropriate competencies to care for every resident in a way that maximizes each resident's well being.,E,"Deficient, Provider has date of correction",2025-06-30,1,Y,N,N,N,N,"333 Green End Avenue,Middletown,RI,02842",2026-06-01
415034,Grand Islander Center,333 Green End Avenue,Middletown,RI,02842,2025-05-14,Health,F,Pharmacy Service Deficiencies,0756,"Ensure a licensed pharmacist perform a monthly drug regimen review, including the medical chart, following irregularity reporting guidelines in developed policies and procedures.",D,"Deficient, Provider has date of correction",2025-06-30,1,Y,N,N,N,N,"333 Green End Avenue,Middletown,RI,02842",2026-06-01
415034,Grand Islander Center,333 Green End Avenue,Middletown,RI,02842,2025-05-14,Health,F,Pharmacy Service Deficiencies,0760,Ensure that residents are free from significant medication errors.,D,"Deficient, Provider has date of correction",2025-06-30,1,Y,N,N,N,N,"333 Green End Avenue,Middletown,RI,02842",2026-06-01
415034,Grand Islander Center,333 Green End Avenue,Middletown,RI,02842,2025-05-14,Health,F,Pharmacy Service Deficiencies,0761,"Ensure drugs and biologicals used in the facility are labeled in accordance with currently accepted professional principles; and all drugs and biologicals must be stored in locked compartments, separately locked, compartments for controlled drugs.",E,"Deficient, Provider has date of correction",2025-06-30,1,Y,N,N,N,N,"333 Green End Avenue,Middletown,RI,02842",2026-06-01
415034,Grand Islander Center,333 Green End Avenue,Middletown,RI,02842,2025-05-14,Health,F,Nutrition and Dietary Deficiencies,0814,Dispose of garbage and refuse properly.,D,"Deficient, Provider has date of correction",2025-06-30,1,Y,N,N,N,N,"333 Green End Avenue,Middletown,RI,02842",2026-06-01
415034,Grand Islander Center,333 Green End Avenue,Middletown,RI,02842,2025-05-14,Health,F,Infection Control Deficiencies,0880,Provide and implement an infection prevention and control program.,E,"Deficient, Provider has date of correction",2025-06-30,1,Y,N,N,N,N,"333 Green End Avenue,Middletown,RI,02842",2026-06-01
415034,Grand Islander Center,333 Green End Avenue,Middletown,RI,02842,2025-05-14,Health,F,Infection Control Deficiencies,0881,Implement a program that monitors antibiotic use.,D,"Deficient, Provider has date of correction",2025-06-30,1,Y,N,N,N,N,"333 Green End Avenue,Middletown,RI,02842",2026-06-01
415034,Grand Islander Center,333 Green End Avenue,Middletown,RI,02842,2025-04-22,Health,F,Resident Rights Deficiencies,0580,"Immediately tell the resident, the resident's doctor, and a family member of situations (injury/decline/room, etc.)  that affect the resident.",D,"Deficient, Provider has date of correction",2025-05-22,2,N,Y,N,N,N,"333 Green End Avenue,Middletown,RI,02842",2026-06-01
415034,Grand Islander Center,333 Green End Avenue,Middletown,RI,02842,2025-04-22,Health,F,Resident Assessment and Care Planning Deficiencies,0658,Ensure services provided by the nursing facility meet professional standards of quality.,D,"Deficient, Provider has date of correction",2025-05-22,2,N,Y,N,N,N,"333 Green End Avenue,Middletown,RI,02842",2026-06-01
415034,Grand Islander Center,333 Green End Avenue,Middletown,RI,02842,2024-11-22,Health,F,Quality of Life and Care Deficiencies,0692,Provide enough food/fluids to maintain a resident's health.,D,"Deficient, Provider has date of correction",2024-12-09,2,N,Y,N,N,N,"333 Green End Avenue,Middletown,RI,02842",2026-06-01
415034,Grand Islander Center,333 Green End Avenue,Middletown,RI,02842,2024-08-27,Health,F,Resident Rights Deficiencies,0578,"Honor the resident's right to request, refuse, and/or discontinue treatment, to participate in or refuse to participate in experimental research, and to formulate an advance directive.",D,"Deficient, Provider has date of correction",2024-09-26,2,N,Y,N,N,N,"333 Green End Avenue,Middletown,RI,02842",2026-06-01
415034,Grand Islander Center,333 Green End Avenue,Middletown,RI,02842,2024-07-31,Health,F,Resident Assessment and Care Planning Deficiencies,0658,Ensure services provided by the nursing facility meet professional standards of quality.,D,"Deficient, Provider has date of correction",2024-08-30,2,N,Y,N,N,N,"333 Green End Avenue,Middletown,RI,02842",2026-06-01
415034,Grand Islander Center,333 Green End Avenue,Middletown,RI,02842,2024-07-31,Health,F,Pharmacy Service Deficiencies,0757,Ensure each resident’s drug regimen must be free from unnecessary drugs.,D,"Deficient, Provider has date of correction",2024-08-30,2,N,Y,N,N,N,"333 Green End Avenue,Middletown,RI,02842",2026-06-01
415034,Grand Islander Center,333 Green End Avenue,Middletown,RI,02842,2024-05-31,Health,F,Resident Assessment and Care Planning Deficiencies,0658,Ensure services provided by the nursing facility meet professional standards of quality.,D,"Deficient, Provider has date of correction",2024-06-30,2,Y,N,N,N,N,"333 Green End Avenue,Middletown,RI,02842",2026-06-01
415034,Grand Islander Center,333 Green End Avenue,Middletown,RI,02842,2024-05-31,Health,F,Quality of Life and Care Deficiencies,0685,Assist a resident in gaining access to vision and hearing services.,D,"Deficient, Provider has date of correction",2024-06-30,2,Y,N,N,N,N,"333 Green End Avenue,Middletown,RI,02842",2026-06-01
415034,Grand Islander Center,333 Green End Avenue,Middletown,RI,02842,2024-05-31,Health,F,Quality of Life and Care Deficiencies,0688,"Provide appropriate care for a resident to maintain and/or improve range of motion (ROM), limited ROM and/or mobility, unless a decline is for a medical reason.",D,"Deficient, Provider has date of correction",2024-06-30,2,Y,N,N,N,N,"333 Green End Avenue,Middletown,RI,02842",2026-06-01
415034,Grand Islander Center,333 Green End Avenue,Middletown,RI,02842,2024-05-31,Health,F,Quality of Life and Care Deficiencies,0690,"Provide appropriate care for residents who are continent or incontinent of bowel/bladder, appropriate catheter care,  and appropriate care  to prevent urinary tract infections.",D,"Deficient, Provider has date of correction",2024-06-30,2,Y,N,N,N,N,"333 Green End Avenue,Middletown,RI,02842",2026-06-01
415034,Grand Islander Center,333 Green End Avenue,Middletown,RI,02842,2024-05-31,Health,F,Quality of Life and Care Deficiencies,0698,"Provide safe, appropriate dialysis care/services for a resident who requires such services.",D,"Deficient, Provider has date of correction",2024-06-30,2,Y,N,N,N,N,"333 Green End Avenue,Middletown,RI,02842",2026-06-01
415034,Grand Islander Center,333 Green End Avenue,Middletown,RI,02842,2024-05-31,Health,F,Quality of Life and Care Deficiencies,0791,Provide or obtain dental services for each resident.,E,"Deficient, Provider has date of correction",2024-06-30,2,Y,N,N,N,N,"333 Green End Avenue,Middletown,RI,02842",2026-06-01
415034,Grand Islander Center,333 Green End Avenue,Middletown,RI,02842,2024-05-31,Health,F,Nutrition and Dietary Deficiencies,0812,"Procure food from sources approved or considered satisfactory and store, prepare, distribute and serve food in accordance with professional standards.",F,"Deficient, Provider has date of correction",2024-06-30,2,Y,N,N,N,N,"333 Green End Avenue,Middletown,RI,02842",2026-06-01
415034,Grand Islander Center,333 Green End Avenue,Middletown,RI,02842,2024-05-31,Health,F,Quality of Life and Care Deficiencies,0825,Provide or get specialized rehabilitative services as required for a resident.,D,"Deficient, Provider has date of correction",2024-06-30,2,Y,N,N,N,N,"333 Green End Avenue,Middletown,RI,02842",2026-06-01
415034,Grand Islander Center,333 Green End Avenue,Middletown,RI,02842,2024-05-31,Health,F,Infection Control Deficiencies,0880,Provide and implement an infection prevention and control program.,E,"Deficient, Provider has date of correction",2024-06-30,2,Y,N,N,N,N,"333 Green End Avenue,Middletown,RI,02842",2026-06-01
415034,Grand Islander Center,333 Green End Avenue,Middletown,RI,02842,2023-04-27,Health,F,Resident Assessment and Care Planning Deficiencies,0656,"Develop and implement a complete care plan that meets all the resident's needs, with timetables and actions that can be measured.",D,"Deficient, Provider has date of correction",2023-05-18,3,Y,N,N,N,N,"333 Green End Avenue,Middletown,RI,02842",2026-06-01
415034,Grand Islander Center,333 Green End Avenue,Middletown,RI,02842,2023-04-27,Health,F,Resident Assessment and Care Planning Deficiencies,0658,Ensure services provided by the nursing facility meet professional standards of quality.,D,"Deficient, Provider has date of correction",2023-05-18,3,Y,N,N,N,N,"333 Green End Avenue,Middletown,RI,02842",2026-06-01
415034,Grand Islander Center,333 Green End Avenue,Middletown,RI,02842,2023-04-27,Health,F,Quality of Life and Care Deficiencies,0689,Ensure that a nursing home area is free from accident hazards and provides adequate supervision to prevent accidents.,E,"Deficient, Provider has date of correction",2023-05-18,3,Y,N,N,N,N,"333 Green End Avenue,Middletown,RI,02842",2026-06-01
415034,Grand Islander Center,333 Green End Avenue,Middletown,RI,02842,2023-04-27,Health,F,Pharmacy Service Deficiencies,0757,Ensure each resident’s drug regimen must be free from unnecessary drugs.,D,"Deficient, Provider has date of correction",2023-05-18,3,Y,N,N,N,N,"333 Green End Avenue,Middletown,RI,02842",2026-06-01
415034,Grand Islander Center,333 Green End Avenue,Middletown,RI,02842,2023-04-27,Health,F,Nutrition and Dietary Deficiencies,0812,"Procure food from sources approved or considered satisfactory and store, prepare, distribute and serve food in accordance with professional standards.",F,"Deficient, Provider has date of correction",2023-05-18,3,Y,N,N,N,N,"333 Green End Avenue,Middletown,RI,02842",2026-06-01
415035,Lincolnwood Rehabilitation and Healthcare Center,610 Smithfield Road,North Providence,RI,02904,2026-04-22,Health,F,"Freedom from Abuse, Neglect, and Exploitation Deficiencies",0609,"Timely report suspected abuse, neglect, or theft and report the results of the investigation to proper authorities.",D,"Deficient, Provider has date of correction",2026-05-08,1,N,Y,N,N,N,"610 Smithfield Road,North Providence,RI,02904",2026-06-01
415035,Lincolnwood Rehabilitation and Healthcare Center,610 Smithfield Road,North Providence,RI,02904,2026-04-22,Health,F,Resident Assessment and Care Planning Deficiencies,0658,Ensure services provided by the nursing facility meet professional standards of quality.,D,"Deficient, Provider has date of correction",2026-05-08,1,N,Y,N,N,N,"610 Smithfield Road,North Providence,RI,02904",2026-06-01
415035,Lincolnwood Rehabilitation and Healthcare Center,610 Smithfield Road,North Providence,RI,02904,2026-02-10,Health,F,Infection Control Deficiencies,0880,Provide and implement an infection prevention and control program.,E,"Deficient, Provider has date of correction",2026-02-13,1,N,Y,N,N,N,"610 Smithfield Road,North Providence,RI,02904",2026-06-01
415035,Lincolnwood Rehabilitation and Healthcare Center,610 Smithfield Road,North Providence,RI,02904,2025-12-30,Health,F,Quality of Life and Care Deficiencies,0689,Ensure that a nursing home area is free from accident hazards and provides adequate supervision to prevent accidents.,D,"Deficient, Provider has date of correction",2026-01-14,1,N,Y,N,N,N,"610 Smithfield Road,North Providence,RI,02904",2026-06-01
415035,Lincolnwood Rehabilitation and Healthcare Center,610 Smithfield Road,North Providence,RI,02904,2025-07-18,Health,F,Resident Assessment and Care Planning Deficiencies,0658,Ensure services provided by the nursing facility meet professional standards of quality.,D,"Deficient, Provider has date of correction",2025-07-31,1,N,Y,N,N,N,"610 Smithfield Road,North Providence,RI,02904",2026-06-01
415035,Lincolnwood Rehabilitation and Healthcare Center,610 Smithfield Road,North Providence,RI,02904,2025-07-18,Health,F,Quality of Life and Care Deficiencies,0698,"Provide safe, appropriate dialysis care/services for a resident who requires such services.",D,"Deficient, Provider has date of correction",2025-07-31,1,N,Y,N,N,N,"610 Smithfield Road,North Providence,RI,02904",2026-06-01
415035,Lincolnwood Rehabilitation and Healthcare Center,610 Smithfield Road,North Providence,RI,02904,2025-07-18,Health,F,Nursing and Physician Services Deficiencies,0710,Obtain a doctor's order to admit a resident and ensure the resident is under a doctor's care.,J,"Deficient, Provider has date of correction",2025-07-31,1,N,Y,N,N,N,"610 Smithfield Road,North Providence,RI,02904",2026-06-01
415035,Lincolnwood Rehabilitation and Healthcare Center,610 Smithfield Road,North Providence,RI,02904,2025-07-18,Health,F,Pharmacy Service Deficiencies,0760,Ensure that residents are free from significant medication errors.,K,Past Non-Compliance,2025-07-15,1,N,Y,N,N,N,"610 Smithfield Road,North Providence,RI,02904",2026-06-01
415035,Lincolnwood Rehabilitation and Healthcare Center,610 Smithfield Road,North Providence,RI,02904,2026-03-19,Health,F,Resident Rights Deficiencies,0557,Honor the resident's right to be treated with respect and dignity and to retain and use personal possessions.,D,"Deficient, Provider has date of correction",2026-04-01,1,Y,N,N,N,N,"610 Smithfield Road,North Providence,RI,02904",2026-06-01
415035,Lincolnwood Rehabilitation and Healthcare Center,610 Smithfield Road,North Providence,RI,02904,2026-03-19,Health,F,Quality of Life and Care Deficiencies,0686,Provide appropriate pressure ulcer care and prevent new ulcers from developing.,D,"Deficient, Provider has date of correction",2026-04-01,1,Y,N,N,N,N,"610 Smithfield Road,North Providence,RI,02904",2026-06-01
415035,Lincolnwood Rehabilitation and Healthcare Center,610 Smithfield Road,North Providence,RI,02904,2026-03-19,Health,F,Quality of Life and Care Deficiencies,0695,Provide safe and appropriate respiratory care for a resident when needed.,D,"Deficient, Provider has date of correction",2026-04-01,1,Y,N,N,N,N,"610 Smithfield Road,North Providence,RI,02904",2026-06-01
415035,Lincolnwood Rehabilitation and Healthcare Center,610 Smithfield Road,North Providence,RI,02904,2026-03-19,Health,F,Environmental Deficiencies,0924,Put firmly secured handrails on each side of hallways.,E,"Deficient, Provider has date of correction",2026-04-01,1,Y,N,N,N,N,"610 Smithfield Road,North Providence,RI,02904",2026-06-01
415035,Lincolnwood Rehabilitation and Healthcare Center,610 Smithfield Road,North Providence,RI,02904,2026-03-19,Health,F,Nutrition and Dietary Deficiencies,0802,Provide sufficient support personnel to safely and effectively carry out the functions of the food and nutrition service.,F,"Deficient, Provider has date of correction",2026-04-01,1,Y,Y,N,N,N,"610 Smithfield Road,North Providence,RI,02904",2026-06-01
415035,Lincolnwood Rehabilitation and Healthcare Center,610 Smithfield Road,North Providence,RI,02904,2025-04-21,Health,F,Quality of Life and Care Deficiencies,0689,Ensure that a nursing home area is free from accident hazards and provides adequate supervision to prevent accidents.,G,Past Non-Compliance,2025-04-17,2,N,Y,N,N,N,"610 Smithfield Road,North Providence,RI,02904",2026-06-01
415035,Lincolnwood Rehabilitation and Healthcare Center,610 Smithfield Road,North Providence,RI,02904,2024-11-25,Health,F,Resident Assessment and Care Planning Deficiencies,0658,Ensure services provided by the nursing facility meet professional standards of quality.,D,"Deficient, Provider has date of correction",2024-11-27,2,N,Y,N,N,N,"610 Smithfield Road,North Providence,RI,02904",2026-06-01
415035,Lincolnwood Rehabilitation and Healthcare Center,610 Smithfield Road,North Providence,RI,02904,2024-11-25,Health,F,Resident Assessment and Care Planning Deficiencies,0661,"Ensure necessary information is communicated to the resident, and receiving health care provider at the time of a planned discharge.",J,"Deficient, Provider has date of correction",2024-11-27,2,N,Y,N,N,N,"610 Smithfield Road,North Providence,RI,02904",2026-06-01
415035,Lincolnwood Rehabilitation and Healthcare Center,610 Smithfield Road,North Providence,RI,02904,2024-10-17,Health,F,Quality of Life and Care Deficiencies,0689,Ensure that a nursing home area is free from accident hazards and provides adequate supervision to prevent accidents.,G,"Deficient, Provider has date of correction",2024-10-29,2,N,Y,N,N,N,"610 Smithfield Road,North Providence,RI,02904",2026-06-01
415035,Lincolnwood Rehabilitation and Healthcare Center,610 Smithfield Road,North Providence,RI,02904,2024-09-18,Health,F,Resident Rights Deficiencies,0580,"Immediately tell the resident, the resident's doctor, and a family member of situations (injury/decline/room, etc.)  that affect the resident.",D,"Deficient, Provider has date of correction",2024-10-02,2,N,Y,N,N,N,"610 Smithfield Road,North Providence,RI,02904",2026-06-01
415035,Lincolnwood Rehabilitation and Healthcare Center,610 Smithfield Road,North Providence,RI,02904,2024-09-18,Health,F,Quality of Life and Care Deficiencies,0684,"Provide appropriate treatment and care according to orders, resident’s preferences and goals.",E,"Deficient, Provider has date of correction",2024-10-02,2,N,Y,N,N,N,"610 Smithfield Road,North Providence,RI,02904",2026-06-01
415035,Lincolnwood Rehabilitation and Healthcare Center,610 Smithfield Road,North Providence,RI,02904,2024-08-29,Health,F,Resident Rights Deficiencies,0625,Notify the resident or the resident’s representative in writing how long the nursing home will hold the resident’s bed in cases of transfer to a hospital or therapeutic leave.,D,"Deficient, Provider has date of correction",2024-09-11,2,N,Y,N,N,N,"610 Smithfield Road,North Providence,RI,02904",2026-06-01
415035,Lincolnwood Rehabilitation and Healthcare Center,610 Smithfield Road,North Providence,RI,02904,2024-08-29,Health,F,Quality of Life and Care Deficiencies,0684,"Provide appropriate treatment and care according to orders, resident’s preferences and goals.",D,"Deficient, Provider has date of correction",2024-09-11,2,N,Y,N,N,N,"610 Smithfield Road,North Providence,RI,02904",2026-06-01
415035,Lincolnwood Rehabilitation and Healthcare Center,610 Smithfield Road,North Providence,RI,02904,2024-08-29,Health,F,Pharmacy Service Deficiencies,0760,Ensure that residents are free from significant medication errors.,G,"Deficient, Provider has date of correction",2024-09-11,2,N,Y,N,N,N,"610 Smithfield Road,North Providence,RI,02904",2026-06-01
415035,Lincolnwood Rehabilitation and Healthcare Center,610 Smithfield Road,North Providence,RI,02904,2024-08-15,Health,F,Pharmacy Service Deficiencies,0755,Provide pharmaceutical services to meet the needs of each resident and employ or obtain the services of a licensed pharmacist.,D,"Deficient, Provider has date of correction",2024-09-13,2,N,Y,N,N,N,"610 Smithfield Road,North Providence,RI,02904",2026-06-01
415035,Lincolnwood Rehabilitation and Healthcare Center,610 Smithfield Road,North Providence,RI,02904,2024-08-15,Health,F,Pharmacy Service Deficiencies,0760,Ensure that residents are free from significant medication errors.,D,"Deficient, Provider has date of correction",2024-09-13,2,N,Y,N,N,N,"610 Smithfield Road,North Providence,RI,02904",2026-06-01
415035,Lincolnwood Rehabilitation and Healthcare Center,610 Smithfield Road,North Providence,RI,02904,2024-06-27,Health,F,"Freedom from Abuse, Neglect, and Exploitation Deficiencies",0600,"Protect each resident from all types of abuse such as physical, mental, sexual abuse, physical punishment, and neglect by anybody.",G,Past Non-Compliance,2024-06-06,2,N,Y,N,N,N,"610 Smithfield Road,North Providence,RI,02904",2026-06-01
415035,Lincolnwood Rehabilitation and Healthcare Center,610 Smithfield Road,North Providence,RI,02904,2025-01-16,Health,F,Resident Assessment and Care Planning Deficiencies,0658,Ensure services provided by the nursing facility meet professional standards of quality.,D,"Deficient, Provider has date of correction",2025-02-04,2,Y,N,N,N,N,"610 Smithfield Road,North Providence,RI,02904",2026-06-01
415035,Lincolnwood Rehabilitation and Healthcare Center,610 Smithfield Road,North Providence,RI,02904,2025-01-16,Health,F,Quality of Life and Care Deficiencies,0684,"Provide appropriate treatment and care according to orders, resident’s preferences and goals.",D,"Deficient, Provider has date of correction",2025-02-04,2,Y,N,N,N,N,"610 Smithfield Road,North Providence,RI,02904",2026-06-01
415035,Lincolnwood Rehabilitation and Healthcare Center,610 Smithfield Road,North Providence,RI,02904,2025-01-16,Health,F,Quality of Life and Care Deficiencies,0686,Provide appropriate pressure ulcer care and prevent new ulcers from developing.,D,"Deficient, Provider has date of correction",2025-02-04,2,Y,N,N,N,N,"610 Smithfield Road,North Providence,RI,02904",2026-06-01
415035,Lincolnwood Rehabilitation and Healthcare Center,610 Smithfield Road,North Providence,RI,02904,2025-01-16,Health,F,Quality of Life and Care Deficiencies,0692,Provide enough food/fluids to maintain a resident's health.,D,"Deficient, Provider has date of correction",2025-02-04,2,Y,N,N,N,N,"610 Smithfield Road,North Providence,RI,02904",2026-06-01
415035,Lincolnwood Rehabilitation and Healthcare Center,610 Smithfield Road,North Providence,RI,02904,2025-01-16,Health,F,Quality of Life and Care Deficiencies,0693,Ensure that feeding tubes are  not used unless there is a medical reason and the resident agrees; and provide appropriate care for a resident with a feeding tube.,D,"Deficient, Provider has date of correction",2025-02-04,2,Y,N,N,N,N,"610 Smithfield Road,North Providence,RI,02904",2026-06-01
415035,Lincolnwood Rehabilitation and Healthcare Center,610 Smithfield Road,North Providence,RI,02904,2025-01-16,Health,F,Resident Assessment and Care Planning Deficiencies,0842,Safeguard resident-identifiable information and/or maintain medical records on each resident that are in accordance with accepted professional standards.,D,"Deficient, Provider has date of correction",2025-02-04,2,Y,N,N,N,N,"610 Smithfield Road,North Providence,RI,02904",2026-06-01
415035,Lincolnwood Rehabilitation and Healthcare Center,610 Smithfield Road,North Providence,RI,02904,2025-01-16,Health,F,Infection Control Deficiencies,0880,Provide and implement an infection prevention and control program.,E,"Deficient, Provider has date of correction",2025-02-04,2,Y,N,N,N,N,"610 Smithfield Road,North Providence,RI,02904",2026-06-01
415035,Lincolnwood Rehabilitation and Healthcare Center,610 Smithfield Road,North Providence,RI,02904,2025-01-16,Health,F,Infection Control Deficiencies,0881,Implement a program that monitors antibiotic use.,E,"Deficient, Provider has date of correction",2025-02-04,2,Y,N,N,N,N,"610 Smithfield Road,North Providence,RI,02904",2026-06-01
415035,Lincolnwood Rehabilitation and Healthcare Center,610 Smithfield Road,North Providence,RI,02904,2024-05-10,Health,F,Resident Rights Deficiencies,0550,"Honor the resident's right to a dignified existence, self-determination, communication, and to exercise his or her rights.",D,"Deficient, Provider has date of correction",2024-05-22,3,N,Y,N,N,N,"610 Smithfield Road,North Providence,RI,02904",2026-06-01
415035,Lincolnwood Rehabilitation and Healthcare Center,610 Smithfield Road,North Providence,RI,02904,2024-01-17,Health,F,Quality of Life and Care Deficiencies,0687,Provide appropriate foot care.,D,Past Non-Compliance,2024-01-03,3,N,Y,N,N,N,"610 Smithfield Road,North Providence,RI,02904",2026-06-01
415035,Lincolnwood Rehabilitation and Healthcare Center,610 Smithfield Road,North Providence,RI,02904,2024-01-17,Health,F,Pharmacy Service Deficiencies,0760,Ensure that residents are free from significant medication errors.,E,"Deficient, Provider has date of correction",2024-02-19,3,N,Y,N,N,N,"610 Smithfield Road,North Providence,RI,02904",2026-06-01
415035,Lincolnwood Rehabilitation and Healthcare Center,610 Smithfield Road,North Providence,RI,02904,2024-01-17,Health,F,Quality of Life and Care Deficiencies,0791,Provide or obtain dental services for each resident.,D,Past Non-Compliance,2023-11-10,3,N,Y,N,N,N,"610 Smithfield Road,North Providence,RI,02904",2026-06-01
415035,Lincolnwood Rehabilitation and Healthcare Center,610 Smithfield Road,North Providence,RI,02904,2023-12-15,Health,F,Resident Rights Deficiencies,0584,"Honor the resident's right to a safe, clean, comfortable and homelike environment, including but not limited to receiving treatment and supports for daily living safely.",F,"Deficient, Provider has date of correction",2023-12-26,3,N,Y,N,N,N,"610 Smithfield Road,North Providence,RI,02904",2026-06-01
415035,Lincolnwood Rehabilitation and Healthcare Center,610 Smithfield Road,North Providence,RI,02904,2023-11-08,Health,F,Quality of Life and Care Deficiencies,0686,Provide appropriate pressure ulcer care and prevent new ulcers from developing.,D,"Deficient, Provider has date of correction",2023-11-24,3,N,Y,N,N,N,"610 Smithfield Road,North Providence,RI,02904",2026-06-01
415035,Lincolnwood Rehabilitation and Healthcare Center,610 Smithfield Road,North Providence,RI,02904,2023-10-26,Health,F,Nutrition and Dietary Deficiencies,0805,Ensure each resident receives and the facility provides food prepared in a form designed to meet individual needs.,D,"Deficient, Provider has date of correction",2023-11-13,3,N,Y,N,N,N,"610 Smithfield Road,North Providence,RI,02904",2026-06-01
415035,Lincolnwood Rehabilitation and Healthcare Center,610 Smithfield Road,North Providence,RI,02904,2023-08-23,Health,F,Resident Assessment and Care Planning Deficiencies,0658,Ensure services provided by the nursing facility meet professional standards of quality.,D,"Deficient, Provider has date of correction",2023-09-18,3,N,Y,N,N,N,"610 Smithfield Road,North Providence,RI,02904",2026-06-01
415035,Lincolnwood Rehabilitation and Healthcare Center,610 Smithfield Road,North Providence,RI,02904,2023-08-23,Health,F,Quality of Life and Care Deficiencies,0692,Provide enough food/fluids to maintain a resident's health.,D,"Deficient, Provider has date of correction",2023-09-18,3,N,Y,N,N,N,"610 Smithfield Road,North Providence,RI,02904",2026-06-01
415035,Lincolnwood Rehabilitation and Healthcare Center,610 Smithfield Road,North Providence,RI,02904,2023-08-23,Health,F,Pharmacy Service Deficiencies,0760,Ensure that residents are free from significant medication errors.,D,"Deficient, Provider has date of correction",2023-09-18,3,N,Y,N,N,N,"610 Smithfield Road,North Providence,RI,02904",2026-06-01
415035,Lincolnwood Rehabilitation and Healthcare Center,610 Smithfield Road,North Providence,RI,02904,2023-07-04,Health,F,Resident Assessment and Care Planning Deficiencies,0656,"Develop and implement a complete care plan that meets all the resident's needs, with timetables and actions that can be measured.",D,"Deficient, Provider has date of correction",2023-07-17,3,N,Y,N,N,N,"610 Smithfield Road,North Providence,RI,02904",2026-06-01
415035,Lincolnwood Rehabilitation and Healthcare Center,610 Smithfield Road,North Providence,RI,02904,2023-07-03,Health,F,Pharmacy Service Deficiencies,0760,Ensure that residents are free from significant medication errors.,G,"Deficient, Provider has date of correction",2023-07-17,3,N,Y,N,N,N,"610 Smithfield Road,North Providence,RI,02904",2026-06-01
415035,Lincolnwood Rehabilitation and Healthcare Center,610 Smithfield Road,North Providence,RI,02904,2023-06-12,Health,F,Quality of Life and Care Deficiencies,0740,Ensure each resident must receive and the facility must provide necessary behavioral health care and services.,F,"Deficient, Provider has date of correction",2023-06-27,3,N,Y,N,N,N,"610 Smithfield Road,North Providence,RI,02904",2026-06-01
415035,Lincolnwood Rehabilitation and Healthcare Center,610 Smithfield Road,North Providence,RI,02904,2023-06-01,Health,F,Quality of Life and Care Deficiencies,0697,"Provide safe, appropriate pain management for a resident who requires such services.",D,"Deficient, Provider has date of correction",2023-06-19,3,N,Y,N,N,N,"610 Smithfield Road,North Providence,RI,02904",2026-06-01
415035,Lincolnwood Rehabilitation and Healthcare Center,610 Smithfield Road,North Providence,RI,02904,2024-02-02,Health,F,Quality of Life and Care Deficiencies,0690,"Provide appropriate care for residents who are continent or incontinent of bowel/bladder, appropriate catheter care,  and appropriate care  to prevent urinary tract infections.",D,"Deficient, Provider has date of correction",2024-02-19,3,Y,N,N,N,N,"610 Smithfield Road,North Providence,RI,02904",2026-06-01
415035,Lincolnwood Rehabilitation and Healthcare Center,610 Smithfield Road,North Providence,RI,02904,2024-02-02,Health,F,Quality of Life and Care Deficiencies,0698,"Provide safe, appropriate dialysis care/services for a resident who requires such services.",E,"Deficient, Provider has date of correction",2024-02-19,3,Y,N,N,N,N,"610 Smithfield Road,North Providence,RI,02904",2026-06-01
415035,Lincolnwood Rehabilitation and Healthcare Center,610 Smithfield Road,North Providence,RI,02904,2024-02-02,Health,F,Nutrition and Dietary Deficiencies,0812,"Procure food from sources approved or considered satisfactory and store, prepare, distribute and serve food in accordance with professional standards.",F,"Deficient, Provider has date of correction",2024-02-19,3,Y,N,N,N,N,"610 Smithfield Road,North Providence,RI,02904",2026-06-01
415035,Lincolnwood Rehabilitation and Healthcare Center,610 Smithfield Road,North Providence,RI,02904,2024-02-02,Health,F,Nutrition and Dietary Deficiencies,0814,Dispose of garbage and refuse properly.,F,"Deficient, Provider has date of correction",2024-02-19,3,Y,N,N,N,N,"610 Smithfield Road,North Providence,RI,02904",2026-06-01
415035,Lincolnwood Rehabilitation and Healthcare Center,610 Smithfield Road,North Providence,RI,02904,2024-02-02,Health,F,Resident Assessment and Care Planning Deficiencies,0842,Safeguard resident-identifiable information and/or maintain medical records on each resident that are in accordance with accepted professional standards.,D,"Deficient, Provider has date of correction",2024-02-19,3,Y,N,N,N,N,"610 Smithfield Road,North Providence,RI,02904",2026-06-01
415035,Lincolnwood Rehabilitation and Healthcare Center,610 Smithfield Road,North Providence,RI,02904,2024-02-02,Health,F,Infection Control Deficiencies,0880,Provide and implement an infection prevention and control program.,E,"Deficient, Provider has date of correction",2024-02-19,3,Y,N,N,N,N,"610 Smithfield Road,North Providence,RI,02904",2026-06-01
415035,Lincolnwood Rehabilitation and Healthcare Center,610 Smithfield Road,North Providence,RI,02904,2024-02-02,Health,F,"Freedom from Abuse, Neglect, and Exploitation Deficiencies",0600,"Protect each resident from all types of abuse such as physical, mental, sexual abuse, physical punishment, and neglect by anybody.",D,"Deficient, Provider has date of correction",2024-02-19,3,Y,Y,N,N,N,"610 Smithfield Road,North Providence,RI,02904",2026-06-01
415038,"Adviniacare Providence Dodge Rehab Center, LLC",135 Dodge Street,Providence,RI,02907,2026-01-23,Health,F,"Freedom from Abuse, Neglect, and Exploitation Deficiencies",0600,"Protect each resident from all types of abuse such as physical, mental, sexual abuse, physical punishment, and neglect by anybody.",D,"Deficient, Provider has date of correction",2026-03-04,1,N,Y,N,N,N,"135 Dodge Street,Providence,RI,02907",2026-06-01
415038,"Adviniacare Providence Dodge Rehab Center, LLC",135 Dodge Street,Providence,RI,02907,2026-01-23,Health,F,Quality of Life and Care Deficiencies,0684,"Provide appropriate treatment and care according to orders, resident’s preferences and goals.",D,"Deficient, Provider has date of correction",2026-03-04,1,N,Y,N,N,N,"135 Dodge Street,Providence,RI,02907",2026-06-01
415038,"Adviniacare Providence Dodge Rehab Center, LLC",135 Dodge Street,Providence,RI,02907,2026-01-23,Health,F,Quality of Life and Care Deficiencies,0698,"Provide safe, appropriate dialysis care/services for a resident who requires such services.",D,"Deficient, Provider has date of correction",2026-03-04,1,N,Y,N,N,N,"135 Dodge Street,Providence,RI,02907",2026-06-01
415038,"Adviniacare Providence Dodge Rehab Center, LLC",135 Dodge Street,Providence,RI,02907,2026-01-23,Health,F,Infection Control Deficiencies,0881,Implement a program that monitors antibiotic use.,D,"Deficient, Provider has date of correction",2026-03-04,1,N,Y,N,N,N,"135 Dodge Street,Providence,RI,02907",2026-06-01
415038,"Adviniacare Providence Dodge Rehab Center, LLC",135 Dodge Street,Providence,RI,02907,2025-08-07,Health,F,Resident Assessment and Care Planning Deficiencies,0657,"Develop the complete care plan within 7 days of the comprehensive assessment; and prepared, reviewed, and revised by a team of health professionals.",D,"Deficient, Provider has date of correction",2025-08-26,1,Y,N,N,N,N,"135 Dodge Street,Providence,RI,02907",2026-06-01
415038,"Adviniacare Providence Dodge Rehab Center, LLC",135 Dodge Street,Providence,RI,02907,2025-08-07,Health,F,Quality of Life and Care Deficiencies,0684,"Provide appropriate treatment and care according to orders, resident’s preferences and goals.",D,"Deficient, Provider has date of correction",2025-08-26,1,Y,N,N,N,N,"135 Dodge Street,Providence,RI,02907",2026-06-01
415038,"Adviniacare Providence Dodge Rehab Center, LLC",135 Dodge Street,Providence,RI,02907,2025-08-07,Health,F,Quality of Life and Care Deficiencies,0695,Provide safe and appropriate respiratory care for a resident when needed.,D,"Deficient, Provider has date of correction",2025-08-26,1,Y,N,N,N,N,"135 Dodge Street,Providence,RI,02907",2026-06-01
415038,"Adviniacare Providence Dodge Rehab Center, LLC",135 Dodge Street,Providence,RI,02907,2025-08-07,Health,F,Pharmacy Service Deficiencies,0760,Ensure that residents are free from significant medication errors.,D,"Deficient, Provider has date of correction",2025-08-26,1,Y,N,N,N,N,"135 Dodge Street,Providence,RI,02907",2026-06-01
415038,"Adviniacare Providence Dodge Rehab Center, LLC",135 Dodge Street,Providence,RI,02907,2025-08-07,Health,F,Nutrition and Dietary Deficiencies,0812,"Procure food from sources approved or considered satisfactory and store, prepare, distribute and serve food in accordance with professional standards.",F,"Deficient, Provider has date of correction",2025-08-26,1,Y,N,N,N,N,"135 Dodge Street,Providence,RI,02907",2026-06-01
415038,"Adviniacare Providence Dodge Rehab Center, LLC",135 Dodge Street,Providence,RI,02907,2025-05-29,Health,F,Pharmacy Service Deficiencies,0760,Ensure that residents are free from significant medication errors.,D,"Deficient, Provider has date of correction",2025-07-09,2,N,Y,N,N,N,"135 Dodge Street,Providence,RI,02907",2026-06-01
415038,"Adviniacare Providence Dodge Rehab Center, LLC",135 Dodge Street,Providence,RI,02907,2025-01-22,Health,F,Resident Assessment and Care Planning Deficiencies,0658,Ensure services provided by the nursing facility meet professional standards of quality.,D,"Deficient, Provider has date of correction",2025-02-25,2,N,Y,N,N,N,"135 Dodge Street,Providence,RI,02907",2026-06-01
415038,"Adviniacare Providence Dodge Rehab Center, LLC",135 Dodge Street,Providence,RI,02907,2025-01-22,Health,F,Resident Assessment and Care Planning Deficiencies,0842,Safeguard resident-identifiable information and/or maintain medical records on each resident that are in accordance with accepted professional standards.,D,"Deficient, Provider has date of correction",2025-02-25,2,N,Y,N,N,N,"135 Dodge Street,Providence,RI,02907",2026-06-01
415038,"Adviniacare Providence Dodge Rehab Center, LLC",135 Dodge Street,Providence,RI,02907,2024-10-21,Health,F,"Freedom from Abuse, Neglect, and Exploitation Deficiencies",0600,"Protect each resident from all types of abuse such as physical, mental, sexual abuse, physical punishment, and neglect by anybody.",G,"Deficient, Provider has date of correction",2024-11-13,2,N,Y,N,N,N,"135 Dodge Street,Providence,RI,02907",2026-06-01
415038,"Adviniacare Providence Dodge Rehab Center, LLC",135 Dodge Street,Providence,RI,02907,2024-08-01,Health,F,Quality of Life and Care Deficiencies,0695,Provide safe and appropriate respiratory care for a resident when needed.,E,"Deficient, Provider has date of correction",2024-08-28,2,Y,N,N,N,N,"135 Dodge Street,Providence,RI,02907",2026-06-01
415038,"Adviniacare Providence Dodge Rehab Center, LLC",135 Dodge Street,Providence,RI,02907,2024-08-01,Health,F,Pharmacy Service Deficiencies,0757,Ensure each resident’s drug regimen must be free from unnecessary drugs.,E,"Deficient, Provider has date of correction",2024-08-28,2,Y,N,N,N,N,"135 Dodge Street,Providence,RI,02907",2026-06-01
415038,"Adviniacare Providence Dodge Rehab Center, LLC",135 Dodge Street,Providence,RI,02907,2024-08-01,Health,F,Infection Control Deficiencies,0880,Provide and implement an infection prevention and control program.,E,"Deficient, Provider has date of correction",2024-08-28,2,Y,N,N,N,N,"135 Dodge Street,Providence,RI,02907",2026-06-01
415038,"Adviniacare Providence Dodge Rehab Center, LLC",135 Dodge Street,Providence,RI,02907,2024-08-01,Health,F,Infection Control Deficiencies,0881,Implement a program that monitors antibiotic use.,D,"Deficient, Provider has date of correction",2024-08-28,2,Y,N,N,N,N,"135 Dodge Street,Providence,RI,02907",2026-06-01
415038,"Adviniacare Providence Dodge Rehab Center, LLC",135 Dodge Street,Providence,RI,02907,2024-08-01,Health,F,Infection Control Deficiencies,0883,Develop and implement policies and procedures for flu and pneumonia vaccinations.,E,"Deficient, Provider has date of correction",2024-08-28,2,Y,N,N,N,N,"135 Dodge Street,Providence,RI,02907",2026-06-01
415038,"Adviniacare Providence Dodge Rehab Center, LLC",135 Dodge Street,Providence,RI,02907,2023-11-22,Health,F,Pharmacy Service Deficiencies,0760,Ensure that residents are free from significant medication errors.,G,"Deficient, Provider has date of correction",2023-12-07,3,N,Y,N,N,N,"135 Dodge Street,Providence,RI,02907",2026-06-01
415038,"Adviniacare Providence Dodge Rehab Center, LLC",135 Dodge Street,Providence,RI,02907,2023-11-02,Health,F,"Freedom from Abuse, Neglect, and Exploitation Deficiencies",0609,"Timely report suspected abuse, neglect, or theft and report the results of the investigation to proper authorities.",D,"Deficient, Provider has date of correction",2023-11-29,3,N,Y,N,N,N,"135 Dodge Street,Providence,RI,02907",2026-06-01
415038,"Adviniacare Providence Dodge Rehab Center, LLC",135 Dodge Street,Providence,RI,02907,2023-11-02,Health,F,"Freedom from Abuse, Neglect, and Exploitation Deficiencies",0610,Respond appropriately to all alleged violations.,D,"Deficient, Provider has date of correction",2023-11-29,3,N,Y,N,N,N,"135 Dodge Street,Providence,RI,02907",2026-06-01
415038,"Adviniacare Providence Dodge Rehab Center, LLC",135 Dodge Street,Providence,RI,02907,2023-06-28,Health,F,Resident Assessment and Care Planning Deficiencies,0658,Ensure services provided by the nursing facility meet professional standards of quality.,F,"Deficient, Provider has date of correction",2023-07-19,3,N,Y,N,N,N,"135 Dodge Street,Providence,RI,02907",2026-06-01
415038,"Adviniacare Providence Dodge Rehab Center, LLC",135 Dodge Street,Providence,RI,02907,2023-06-28,Health,F,Quality of Life and Care Deficiencies,0675,"Honor each resident's preferences, choices, values and beliefs.",J,"Deficient, Provider has date of correction",2023-07-19,3,N,Y,N,N,N,"135 Dodge Street,Providence,RI,02907",2026-06-01
415038,"Adviniacare Providence Dodge Rehab Center, LLC",135 Dodge Street,Providence,RI,02907,2023-06-28,Health,F,Quality of Life and Care Deficiencies,0689,Ensure that a nursing home area is free from accident hazards and provides adequate supervision to prevent accidents.,J,"Deficient, Provider has date of correction",2023-07-19,3,N,Y,N,N,N,"135 Dodge Street,Providence,RI,02907",2026-06-01
415038,"Adviniacare Providence Dodge Rehab Center, LLC",135 Dodge Street,Providence,RI,02907,2023-06-28,Health,F,Administration Deficiencies,0868,Have the Quality Assessment and Assurance group have the required members and meet at least quarterly,D,"Deficient, Provider has date of correction",2023-07-19,3,N,Y,N,N,N,"135 Dodge Street,Providence,RI,02907",2026-06-01
415038,"Adviniacare Providence Dodge Rehab Center, LLC",135 Dodge Street,Providence,RI,02907,2023-07-27,Health,F,Resident Assessment and Care Planning Deficiencies,0641,Ensure each resident receives an accurate assessment.,D,"Deficient, Provider has date of correction",2023-08-23,3,Y,N,N,N,N,"135 Dodge Street,Providence,RI,02907",2026-06-01
415038,"Adviniacare Providence Dodge Rehab Center, LLC",135 Dodge Street,Providence,RI,02907,2023-07-27,Health,F,Resident Assessment and Care Planning Deficiencies,0658,Ensure services provided by the nursing facility meet professional standards of quality.,D,"Deficient, Provider has date of correction",2023-08-23,3,Y,N,N,N,N,"135 Dodge Street,Providence,RI,02907",2026-06-01
415038,"Adviniacare Providence Dodge Rehab Center, LLC",135 Dodge Street,Providence,RI,02907,2023-07-27,Health,F,Quality of Life and Care Deficiencies,0684,"Provide appropriate treatment and care according to orders, resident’s preferences and goals.",D,"Deficient, Provider has date of correction",2023-08-23,3,Y,N,N,N,N,"135 Dodge Street,Providence,RI,02907",2026-06-01
415038,"Adviniacare Providence Dodge Rehab Center, LLC",135 Dodge Street,Providence,RI,02907,2023-07-27,Health,F,Quality of Life and Care Deficiencies,0689,Ensure that a nursing home area is free from accident hazards and provides adequate supervision to prevent accidents.,D,"Deficient, Provider has date of correction",2023-08-23,3,Y,N,N,N,N,"135 Dodge Street,Providence,RI,02907",2026-06-01
415038,"Adviniacare Providence Dodge Rehab Center, LLC",135 Dodge Street,Providence,RI,02907,2023-07-27,Health,F,Pharmacy Service Deficiencies,0760,Ensure that residents are free from significant medication errors.,D,"Deficient, Provider has date of correction",2023-08-23,3,Y,N,N,N,N,"135 Dodge Street,Providence,RI,02907",2026-06-01
415038,"Adviniacare Providence Dodge Rehab Center, LLC",135 Dodge Street,Providence,RI,02907,2023-07-27,Health,F,Nutrition and Dietary Deficiencies,0805,Ensure each resident receives and the facility provides food prepared in a form designed to meet individual needs.,D,"Deficient, Provider has date of correction",2023-08-23,3,Y,N,N,N,N,"135 Dodge Street,Providence,RI,02907",2026-06-01
415038,"Adviniacare Providence Dodge Rehab Center, LLC",135 Dodge Street,Providence,RI,02907,2023-07-27,Health,F,Nutrition and Dietary Deficiencies,0808,"Ensure therapeutic diets are prescribed by the attending physician and may be delegated to a registered or licensed dietitian, to the extent allowed by State law.",E,"Deficient, Provider has date of correction",2023-08-23,3,Y,N,N,N,N,"135 Dodge Street,Providence,RI,02907",2026-06-01
415038,"Adviniacare Providence Dodge Rehab Center, LLC",135 Dodge Street,Providence,RI,02907,2023-07-27,Health,F,Nutrition and Dietary Deficiencies,0810,Provide special eating equipment and utensils for residents who need them and appropriate assistance.,D,"Deficient, Provider has date of correction",2023-08-23,3,Y,N,N,N,N,"135 Dodge Street,Providence,RI,02907",2026-06-01
415038,"Adviniacare Providence Dodge Rehab Center, LLC",135 Dodge Street,Providence,RI,02907,2023-07-27,Health,F,Nutrition and Dietary Deficiencies,0812,"Procure food from sources approved or considered satisfactory and store, prepare, distribute and serve food in accordance with professional standards.",F,"Deficient, Provider has date of correction",2023-08-23,3,Y,N,N,N,N,"135 Dodge Street,Providence,RI,02907",2026-06-01
415038,"Adviniacare Providence Dodge Rehab Center, LLC",135 Dodge Street,Providence,RI,02907,2023-07-27,Health,F,Resident Assessment and Care Planning Deficiencies,0842,Safeguard resident-identifiable information and/or maintain medical records on each resident that are in accordance with accepted professional standards.,D,"Deficient, Provider has date of correction",2023-08-23,3,Y,N,N,N,N,"135 Dodge Street,Providence,RI,02907",2026-06-01
415038,"Adviniacare Providence Dodge Rehab Center, LLC",135 Dodge Street,Providence,RI,02907,2023-07-27,Health,F,Administration Deficiencies,0865,Have a  plan that describes the process for conducting QAPI and QAA activities.,F,"Deficient, Provider has date of correction",2023-08-23,3,Y,N,N,N,N,"135 Dodge Street,Providence,RI,02907",2026-06-01
415038,"Adviniacare Providence Dodge Rehab Center, LLC",135 Dodge Street,Providence,RI,02907,2023-07-27,Health,F,Infection Control Deficiencies,0880,Provide and implement an infection prevention and control program.,D,"Deficient, Provider has date of correction",2023-08-23,3,Y,N,N,N,N,"135 Dodge Street,Providence,RI,02907",2026-06-01
415039,Heritage Hills Nursing & Rehabilitation Center,80 Douglas Pike,Smithfield,RI,02917,2026-02-06,Health,F,Quality of Life and Care Deficiencies,0684,"Provide appropriate treatment and care according to orders, resident’s preferences and goals.",D,"Deficient, Provider has date of correction",2026-02-16,1,N,Y,N,N,N,"80 Douglas Pike,Smithfield,RI,02917",2026-06-01
415039,Heritage Hills Nursing & Rehabilitation Center,80 Douglas Pike,Smithfield,RI,02917,2026-01-14,Health,F,"Freedom from Abuse, Neglect, and Exploitation Deficiencies",0600,"Protect each resident from all types of abuse such as physical, mental, sexual abuse, physical punishment, and neglect by anybody.",D,"Deficient, Provider has date of correction",2026-02-06,1,N,Y,N,N,N,"80 Douglas Pike,Smithfield,RI,02917",2026-06-01
415039,Heritage Hills Nursing & Rehabilitation Center,80 Douglas Pike,Smithfield,RI,02917,2026-01-14,Health,F,Resident Assessment and Care Planning Deficiencies,0658,Ensure services provided by the nursing facility meet professional standards of quality.,D,"Deficient, Provider has date of correction",2026-02-06,1,N,Y,N,N,N,"80 Douglas Pike,Smithfield,RI,02917",2026-06-01
415039,Heritage Hills Nursing & Rehabilitation Center,80 Douglas Pike,Smithfield,RI,02917,2026-01-14,Health,F,Resident Assessment and Care Planning Deficiencies,0842,Safeguard resident-identifiable information and/or maintain medical records on each resident that are in accordance with accepted professional standards.,D,"Deficient, Provider has date of correction",2026-02-06,1,N,Y,N,N,N,"80 Douglas Pike,Smithfield,RI,02917",2026-06-01
415039,Heritage Hills Nursing & Rehabilitation Center,80 Douglas Pike,Smithfield,RI,02917,2025-08-01,Health,F,Quality of Life and Care Deficiencies,0689,Ensure that a nursing home area is free from accident hazards and provides adequate supervision to prevent accidents.,D,"Deficient, Provider has date of correction",2025-08-18,1,N,Y,N,N,N,"80 Douglas Pike,Smithfield,RI,02917",2026-06-01
415039,Heritage Hills Nursing & Rehabilitation Center,80 Douglas Pike,Smithfield,RI,02917,2025-09-18,Health,F,Resident Rights Deficiencies,0550,"Honor the resident's right to a dignified existence, self-determination, communication, and to exercise his or her rights.",E,"Deficient, Provider has date of correction",2025-10-18,1,Y,N,N,N,N,"80 Douglas Pike,Smithfield,RI,02917",2026-06-01
415039,Heritage Hills Nursing & Rehabilitation Center,80 Douglas Pike,Smithfield,RI,02917,2025-09-18,Health,F,Resident Rights Deficiencies,0584,"Honor the resident's right to a safe, clean, comfortable and homelike environment, including but not limited to receiving treatment and supports for daily living safely.",F,"Deficient, Provider has date of correction",2025-10-18,1,Y,N,N,N,N,"80 Douglas Pike,Smithfield,RI,02917",2026-06-01
415039,Heritage Hills Nursing & Rehabilitation Center,80 Douglas Pike,Smithfield,RI,02917,2025-09-18,Health,F,Resident Assessment and Care Planning Deficiencies,0658,Ensure services provided by the nursing facility meet professional standards of quality.,D,"Deficient, Provider has date of correction",2025-10-18,1,Y,N,N,N,N,"80 Douglas Pike,Smithfield,RI,02917",2026-06-01
415039,Heritage Hills Nursing & Rehabilitation Center,80 Douglas Pike,Smithfield,RI,02917,2025-09-18,Health,F,Quality of Life and Care Deficiencies,0677,Provide care and assistance to perform activities of daily living for any resident who is unable.,E,"Deficient, Provider has date of correction",2025-10-18,1,Y,N,N,N,N,"80 Douglas Pike,Smithfield,RI,02917",2026-06-01
415039,Heritage Hills Nursing & Rehabilitation Center,80 Douglas Pike,Smithfield,RI,02917,2025-09-18,Health,F,Quality of Life and Care Deficiencies,0689,Ensure that a nursing home area is free from accident hazards and provides adequate supervision to prevent accidents.,J,"Deficient, Provider has date of correction",2025-10-18,1,Y,N,N,N,N,"80 Douglas Pike,Smithfield,RI,02917",2026-06-01
415039,Heritage Hills Nursing & Rehabilitation Center,80 Douglas Pike,Smithfield,RI,02917,2025-09-18,Health,F,Nursing and Physician Services Deficiencies,0725,Provide enough nursing staff every day to meet the needs of every resident; and have a licensed nurse in charge on each shift.,E,"Deficient, Provider has date of correction",2025-10-18,1,Y,N,N,N,N,"80 Douglas Pike,Smithfield,RI,02917",2026-06-01
415039,Heritage Hills Nursing & Rehabilitation Center,80 Douglas Pike,Smithfield,RI,02917,2025-09-18,Health,F,Nursing and Physician Services Deficiencies,0726,Ensure that nurses and nurse aides have the appropriate competencies to care for every resident in a way that maximizes each resident's well being.,E,"Deficient, Provider has date of correction",2025-10-18,1,Y,N,N,N,N,"80 Douglas Pike,Smithfield,RI,02917",2026-06-01
415039,Heritage Hills Nursing & Rehabilitation Center,80 Douglas Pike,Smithfield,RI,02917,2025-09-18,Health,F,Pharmacy Service Deficiencies,0759,Ensure medication error rates are not 5 percent or greater.,D,"Deficient, Provider has date of correction",2025-10-18,1,Y,N,N,N,N,"80 Douglas Pike,Smithfield,RI,02917",2026-06-01
415039,Heritage Hills Nursing & Rehabilitation Center,80 Douglas Pike,Smithfield,RI,02917,2025-09-18,Health,F,Nutrition and Dietary Deficiencies,0805,Ensure each resident receives and the facility provides food prepared in a form designed to meet individual needs.,J,"Deficient, Provider has date of correction",2025-10-18,1,Y,N,N,N,N,"80 Douglas Pike,Smithfield,RI,02917",2026-06-01
415039,Heritage Hills Nursing & Rehabilitation Center,80 Douglas Pike,Smithfield,RI,02917,2025-09-18,Health,F,Nutrition and Dietary Deficiencies,0811,"Ensure that residents are assessed for appropriateness for a feeding assistant program, receive services as per their plan of care, and feeding assistants are trained and supervised.",D,"Deficient, Provider has date of correction",2025-10-18,1,Y,N,N,N,N,"80 Douglas Pike,Smithfield,RI,02917",2026-06-01
415039,Heritage Hills Nursing & Rehabilitation Center,80 Douglas Pike,Smithfield,RI,02917,2025-09-18,Health,F,Administration Deficiencies,0838,Conduct and document a facility-wide assessment to determine what resources are necessary to care for residents competently during both day-to-day operations (including nights and weekends) and emergencies.,E,"Deficient, Provider has date of correction",2025-10-18,1,Y,N,N,N,N,"80 Douglas Pike,Smithfield,RI,02917",2026-06-01
415039,Heritage Hills Nursing & Rehabilitation Center,80 Douglas Pike,Smithfield,RI,02917,2025-09-18,Health,F,Administration Deficiencies,0847,Inform resident or representatives choice to enter into binding arbitration agreement and right to refuse.,D,"Deficient, Provider has date of correction",2025-10-18,1,Y,N,N,N,N,"80 Douglas Pike,Smithfield,RI,02917",2026-06-01
415039,Heritage Hills Nursing & Rehabilitation Center,80 Douglas Pike,Smithfield,RI,02917,2025-09-18,Health,F,Administration Deficiencies,0865,Have a  plan that describes the process for conducting QAPI and QAA activities.,E,"Deficient, Provider has date of correction",2025-10-18,1,Y,N,N,N,N,"80 Douglas Pike,Smithfield,RI,02917",2026-06-01
415039,Heritage Hills Nursing & Rehabilitation Center,80 Douglas Pike,Smithfield,RI,02917,2025-09-18,Health,F,Infection Control Deficiencies,0880,Provide and implement an infection prevention and control program.,D,"Deficient, Provider has date of correction",2025-10-18,1,Y,N,N,N,N,"80 Douglas Pike,Smithfield,RI,02917",2026-06-01
415039,Heritage Hills Nursing & Rehabilitation Center,80 Douglas Pike,Smithfield,RI,02917,2025-09-18,Health,F,Environmental Deficiencies,0919,Make sure that a working call system is available in each resident's  bathroom and bathing area.,D,"Deficient, Provider has date of correction",2025-10-18,1,Y,N,N,N,N,"80 Douglas Pike,Smithfield,RI,02917",2026-06-01
415039,Heritage Hills Nursing & Rehabilitation Center,80 Douglas Pike,Smithfield,RI,02917,2025-04-02,Health,F,Quality of Life and Care Deficiencies,0686,Provide appropriate pressure ulcer care and prevent new ulcers from developing.,E,"Deficient, Provider has date of correction",2025-04-18,2,N,Y,N,N,N,"80 Douglas Pike,Smithfield,RI,02917",2026-06-01
415039,Heritage Hills Nursing & Rehabilitation Center,80 Douglas Pike,Smithfield,RI,02917,2025-01-23,Health,F,Resident Assessment and Care Planning Deficiencies,0658,Ensure services provided by the nursing facility meet professional standards of quality.,E,"Deficient, Provider has date of correction",2025-01-30,2,N,Y,N,N,N,"80 Douglas Pike,Smithfield,RI,02917",2026-06-01
415039,Heritage Hills Nursing & Rehabilitation Center,80 Douglas Pike,Smithfield,RI,02917,2025-01-10,Health,F,Quality of Life and Care Deficiencies,0684,"Provide appropriate treatment and care according to orders, resident’s preferences and goals.",E,"Deficient, Provider has date of correction",2025-01-30,2,N,Y,N,N,N,"80 Douglas Pike,Smithfield,RI,02917",2026-06-01
415039,Heritage Hills Nursing & Rehabilitation Center,80 Douglas Pike,Smithfield,RI,02917,2025-01-06,Health,F,Resident Rights Deficiencies,0574,The resident has the right to receive notices in a format and a language he or she understands.,D,"Deficient, Provider has date of correction",2025-01-30,2,N,Y,N,N,N,"80 Douglas Pike,Smithfield,RI,02917",2026-06-01
415039,Heritage Hills Nursing & Rehabilitation Center,80 Douglas Pike,Smithfield,RI,02917,2025-01-06,Health,F,Resident Assessment and Care Planning Deficiencies,0658,Ensure services provided by the nursing facility meet professional standards of quality.,D,"Deficient, Provider has date of correction",2025-01-30,2,N,Y,N,N,N,"80 Douglas Pike,Smithfield,RI,02917",2026-06-01
415039,Heritage Hills Nursing & Rehabilitation Center,80 Douglas Pike,Smithfield,RI,02917,2024-08-16,Health,F,Quality of Life and Care Deficiencies,0684,"Provide appropriate treatment and care according to orders, resident’s preferences and goals.",D,"Deficient, Provider has date of correction",2024-08-30,2,N,Y,N,N,N,"80 Douglas Pike,Smithfield,RI,02917",2026-06-01
415039,Heritage Hills Nursing & Rehabilitation Center,80 Douglas Pike,Smithfield,RI,02917,2024-08-16,Health,F,Quality of Life and Care Deficiencies,0689,Ensure that a nursing home area is free from accident hazards and provides adequate supervision to prevent accidents.,D,"Deficient, Provider has date of correction",2024-08-30,2,N,Y,N,N,N,"80 Douglas Pike,Smithfield,RI,02917",2026-06-01
415039,Heritage Hills Nursing & Rehabilitation Center,80 Douglas Pike,Smithfield,RI,02917,2024-08-16,Health,F,Infection Control Deficiencies,0880,Provide and implement an infection prevention and control program.,D,"Deficient, Provider has date of correction",2024-08-30,2,N,Y,N,N,N,"80 Douglas Pike,Smithfield,RI,02917",2026-06-01
415039,Heritage Hills Nursing & Rehabilitation Center,80 Douglas Pike,Smithfield,RI,02917,2024-07-31,Health,F,Resident Assessment and Care Planning Deficiencies,0658,Ensure services provided by the nursing facility meet professional standards of quality.,D,"Deficient, Provider has date of correction",2024-08-30,2,N,Y,N,N,N,"80 Douglas Pike,Smithfield,RI,02917",2026-06-01
415039,Heritage Hills Nursing & Rehabilitation Center,80 Douglas Pike,Smithfield,RI,02917,2024-06-18,Health,F,Pharmacy Service Deficiencies,0761,"Ensure drugs and biologicals used in the facility are labeled in accordance with currently accepted professional principles; and all drugs and biologicals must be stored in locked compartments, separately locked, compartments for controlled drugs.",D,Past Non-Compliance,2024-05-14,2,N,Y,N,N,N,"80 Douglas Pike,Smithfield,RI,02917",2026-06-01
415039,Heritage Hills Nursing & Rehabilitation Center,80 Douglas Pike,Smithfield,RI,02917,2024-09-13,Health,F,Resident Assessment and Care Planning Deficiencies,0658,Ensure services provided by the nursing facility meet professional standards of quality.,E,"Deficient, Provider has date of correction",2024-10-13,2,Y,N,N,N,N,"80 Douglas Pike,Smithfield,RI,02917",2026-06-01
415039,Heritage Hills Nursing & Rehabilitation Center,80 Douglas Pike,Smithfield,RI,02917,2024-09-13,Health,F,Quality of Life and Care Deficiencies,0675,"Honor each resident's preferences, choices, values and beliefs.",D,"Deficient, Provider has date of correction",2024-10-13,2,Y,N,N,N,N,"80 Douglas Pike,Smithfield,RI,02917",2026-06-01
415039,Heritage Hills Nursing & Rehabilitation Center,80 Douglas Pike,Smithfield,RI,02917,2024-09-13,Health,F,Quality of Life and Care Deficiencies,0684,"Provide appropriate treatment and care according to orders, resident’s preferences and goals.",E,"Deficient, Provider has date of correction",2024-10-13,2,Y,N,N,N,N,"80 Douglas Pike,Smithfield,RI,02917",2026-06-01
415039,Heritage Hills Nursing & Rehabilitation Center,80 Douglas Pike,Smithfield,RI,02917,2024-09-13,Health,F,Quality of Life and Care Deficiencies,0686,Provide appropriate pressure ulcer care and prevent new ulcers from developing.,E,"Deficient, Provider has date of correction",2024-10-13,2,Y,N,N,N,N,"80 Douglas Pike,Smithfield,RI,02917",2026-06-01
415039,Heritage Hills Nursing & Rehabilitation Center,80 Douglas Pike,Smithfield,RI,02917,2024-09-13,Health,F,Quality of Life and Care Deficiencies,0695,Provide safe and appropriate respiratory care for a resident when needed.,D,"Deficient, Provider has date of correction",2024-10-13,2,Y,N,N,N,N,"80 Douglas Pike,Smithfield,RI,02917",2026-06-01
415039,Heritage Hills Nursing & Rehabilitation Center,80 Douglas Pike,Smithfield,RI,02917,2024-09-13,Health,F,Quality of Life and Care Deficiencies,0697,"Provide safe, appropriate pain management for a resident who requires such services.",D,"Deficient, Provider has date of correction",2024-10-13,2,Y,N,N,N,N,"80 Douglas Pike,Smithfield,RI,02917",2026-06-01
415039,Heritage Hills Nursing & Rehabilitation Center,80 Douglas Pike,Smithfield,RI,02917,2024-09-13,Health,F,Nursing and Physician Services Deficiencies,0725,Provide enough nursing staff every day to meet the needs of every resident; and have a licensed nurse in charge on each shift.,E,"Deficient, Provider has date of correction",2024-10-13,2,Y,N,N,N,N,"80 Douglas Pike,Smithfield,RI,02917",2026-06-01
415039,Heritage Hills Nursing & Rehabilitation Center,80 Douglas Pike,Smithfield,RI,02917,2024-09-13,Health,F,Nursing and Physician Services Deficiencies,0726,Ensure that nurses and nurse aides have the appropriate competencies to care for every resident in a way that maximizes each resident's well being.,E,"Deficient, Provider has date of correction",2024-10-13,2,Y,N,N,N,N,"80 Douglas Pike,Smithfield,RI,02917",2026-06-01
415039,Heritage Hills Nursing & Rehabilitation Center,80 Douglas Pike,Smithfield,RI,02917,2024-09-13,Health,F,Pharmacy Service Deficiencies,0756,"Ensure a licensed pharmacist perform a monthly drug regimen review, including the medical chart, following irregularity reporting guidelines in developed policies and procedures.",E,"Deficient, Provider has date of correction",2024-10-13,2,Y,N,N,N,N,"80 Douglas Pike,Smithfield,RI,02917",2026-06-01
415039,Heritage Hills Nursing & Rehabilitation Center,80 Douglas Pike,Smithfield,RI,02917,2024-09-13,Health,F,Pharmacy Service Deficiencies,0759,Ensure medication error rates are not 5 percent or greater.,E,"Deficient, Provider has date of correction",2024-10-13,2,Y,N,N,N,N,"80 Douglas Pike,Smithfield,RI,02917",2026-06-01
415039,Heritage Hills Nursing & Rehabilitation Center,80 Douglas Pike,Smithfield,RI,02917,2024-09-13,Health,F,Resident Assessment and Care Planning Deficiencies,0842,Safeguard resident-identifiable information and/or maintain medical records on each resident that are in accordance with accepted professional standards.,D,"Deficient, Provider has date of correction",2024-10-13,2,Y,N,N,N,N,"80 Douglas Pike,Smithfield,RI,02917",2026-06-01
415039,Heritage Hills Nursing & Rehabilitation Center,80 Douglas Pike,Smithfield,RI,02917,2024-09-13,Health,F,Infection Control Deficiencies,0880,Provide and implement an infection prevention and control program.,F,"Deficient, Provider has date of correction",2024-10-13,2,Y,N,N,N,N,"80 Douglas Pike,Smithfield,RI,02917",2026-06-01
415039,Heritage Hills Nursing & Rehabilitation Center,80 Douglas Pike,Smithfield,RI,02917,2024-09-13,Health,F,Infection Control Deficiencies,0881,Implement a program that monitors antibiotic use.,F,"Deficient, Provider has date of correction",2024-10-13,2,Y,N,N,N,N,"80 Douglas Pike,Smithfield,RI,02917",2026-06-01
415039,Heritage Hills Nursing & Rehabilitation Center,80 Douglas Pike,Smithfield,RI,02917,2024-05-09,Health,F,Quality of Life and Care Deficiencies,0689,Ensure that a nursing home area is free from accident hazards and provides adequate supervision to prevent accidents.,J,"Deficient, Provider has date of correction",2024-05-09,3,N,Y,N,N,N,"80 Douglas Pike,Smithfield,RI,02917",2026-06-01
415039,Heritage Hills Nursing & Rehabilitation Center,80 Douglas Pike,Smithfield,RI,02917,2024-04-02,Health,F,Nursing and Physician Services Deficiencies,0726,Ensure that nurses and nurse aides have the appropriate competencies to care for every resident in a way that maximizes each resident's well being.,D,Past Non-Compliance,2024-03-27,3,N,Y,N,N,N,"80 Douglas Pike,Smithfield,RI,02917",2026-06-01
415039,Heritage Hills Nursing & Rehabilitation Center,80 Douglas Pike,Smithfield,RI,02917,2024-04-02,Health,F,Pharmacy Service Deficiencies,0760,Ensure that residents are free from significant medication errors.,D,Past Non-Compliance,2024-03-27,3,N,Y,N,N,N,"80 Douglas Pike,Smithfield,RI,02917",2026-06-01
415039,Heritage Hills Nursing & Rehabilitation Center,80 Douglas Pike,Smithfield,RI,02917,2023-11-02,Health,F,Quality of Life and Care Deficiencies,0684,"Provide appropriate treatment and care according to orders, resident’s preferences and goals.",D,"Deficient, Provider has date of correction",2023-11-03,3,N,Y,N,N,N,"80 Douglas Pike,Smithfield,RI,02917",2026-06-01
415039,Heritage Hills Nursing & Rehabilitation Center,80 Douglas Pike,Smithfield,RI,02917,2023-10-04,Health,F,Resident Assessment and Care Planning Deficiencies,0658,Ensure services provided by the nursing facility meet professional standards of quality.,E,"Deficient, Provider has date of correction",2023-11-03,3,N,Y,N,N,N,"80 Douglas Pike,Smithfield,RI,02917",2026-06-01
415039,Heritage Hills Nursing & Rehabilitation Center,80 Douglas Pike,Smithfield,RI,02917,2023-10-04,Health,F,Quality of Life and Care Deficiencies,0677,Provide care and assistance to perform activities of daily living for any resident who is unable.,D,"Deficient, Provider has date of correction",2023-11-03,3,N,Y,N,N,N,"80 Douglas Pike,Smithfield,RI,02917",2026-06-01
415039,Heritage Hills Nursing & Rehabilitation Center,80 Douglas Pike,Smithfield,RI,02917,2023-09-13,Health,F,Resident Assessment and Care Planning Deficiencies,0658,Ensure services provided by the nursing facility meet professional standards of quality.,E,"Deficient, Provider has date of correction",2023-09-25,3,N,Y,N,N,N,"80 Douglas Pike,Smithfield,RI,02917",2026-06-01
415039,Heritage Hills Nursing & Rehabilitation Center,80 Douglas Pike,Smithfield,RI,02917,2023-09-13,Health,F,Pharmacy Service Deficiencies,0756,"Ensure a licensed pharmacist perform a monthly drug regimen review, including the medical chart, following irregularity reporting guidelines in developed policies and procedures.",D,"Deficient, Provider has date of correction",2023-09-25,3,N,Y,N,N,N,"80 Douglas Pike,Smithfield,RI,02917",2026-06-01
415039,Heritage Hills Nursing & Rehabilitation Center,80 Douglas Pike,Smithfield,RI,02917,2023-08-24,Health,F,Resident Assessment and Care Planning Deficiencies,0658,Ensure services provided by the nursing facility meet professional standards of quality.,D,"Deficient, Provider has date of correction",2023-09-05,3,N,Y,N,N,N,"80 Douglas Pike,Smithfield,RI,02917",2026-06-01
415039,Heritage Hills Nursing & Rehabilitation Center,80 Douglas Pike,Smithfield,RI,02917,2023-08-24,Health,F,Pharmacy Service Deficiencies,0760,Ensure that residents are free from significant medication errors.,D,"Deficient, Provider has date of correction",2023-09-05,3,N,Y,N,N,N,"80 Douglas Pike,Smithfield,RI,02917",2026-06-01
415039,Heritage Hills Nursing & Rehabilitation Center,80 Douglas Pike,Smithfield,RI,02917,2023-07-26,Health,F,Resident Rights Deficiencies,0550,"Honor the resident's right to a dignified existence, self-determination, communication, and to exercise his or her rights.",E,"Deficient, Provider has date of correction",2023-08-11,3,N,Y,N,N,N,"80 Douglas Pike,Smithfield,RI,02917",2026-06-01
415039,Heritage Hills Nursing & Rehabilitation Center,80 Douglas Pike,Smithfield,RI,02917,2023-07-26,Health,F,Resident Assessment and Care Planning Deficiencies,0658,Ensure services provided by the nursing facility meet professional standards of quality.,D,"Deficient, Provider has date of correction",2023-08-11,3,N,Y,N,N,N,"80 Douglas Pike,Smithfield,RI,02917",2026-06-01
415039,Heritage Hills Nursing & Rehabilitation Center,80 Douglas Pike,Smithfield,RI,02917,2023-07-26,Health,F,Quality of Life and Care Deficiencies,0677,Provide care and assistance to perform activities of daily living for any resident who is unable.,D,"Deficient, Provider has date of correction",2023-08-11,3,N,Y,N,N,N,"80 Douglas Pike,Smithfield,RI,02917",2026-06-01
415039,Heritage Hills Nursing & Rehabilitation Center,80 Douglas Pike,Smithfield,RI,02917,2023-07-26,Health,F,Quality of Life and Care Deficiencies,0791,Provide or obtain dental services for each resident.,E,"Deficient, Provider has date of correction",2023-08-11,3,N,Y,N,N,N,"80 Douglas Pike,Smithfield,RI,02917",2026-06-01
415039,Heritage Hills Nursing & Rehabilitation Center,80 Douglas Pike,Smithfield,RI,02917,2023-06-28,Health,F,Resident Assessment and Care Planning Deficiencies,0658,Ensure services provided by the nursing facility meet professional standards of quality.,E,"Deficient, Provider has date of correction",2023-07-26,3,N,Y,N,N,N,"80 Douglas Pike,Smithfield,RI,02917",2026-06-01
415039,Heritage Hills Nursing & Rehabilitation Center,80 Douglas Pike,Smithfield,RI,02917,2023-06-28,Health,F,Pharmacy Service Deficiencies,0755,Provide pharmaceutical services to meet the needs of each resident and employ or obtain the services of a licensed pharmacist.,E,"Deficient, Provider has date of correction",2023-07-13,3,N,Y,N,N,N,"80 Douglas Pike,Smithfield,RI,02917",2026-06-01
415039,Heritage Hills Nursing & Rehabilitation Center,80 Douglas Pike,Smithfield,RI,02917,2023-06-28,Health,F,Pharmacy Service Deficiencies,0760,Ensure that residents are free from significant medication errors.,G,"Deficient, Provider has date of correction",2023-07-26,3,N,Y,N,N,N,"80 Douglas Pike,Smithfield,RI,02917",2026-06-01
415039,Heritage Hills Nursing & Rehabilitation Center,80 Douglas Pike,Smithfield,RI,02917,2023-10-16,Health,F,"Freedom from Abuse, Neglect, and Exploitation Deficiencies",0600,"Protect each resident from all types of abuse such as physical, mental, sexual abuse, physical punishment, and neglect by anybody.",D,"Deficient, Provider has date of correction",2023-11-03,3,Y,N,N,N,N,"80 Douglas Pike,Smithfield,RI,02917",2026-06-01
415039,Heritage Hills Nursing & Rehabilitation Center,80 Douglas Pike,Smithfield,RI,02917,2023-10-16,Health,F,"Freedom from Abuse, Neglect, and Exploitation Deficiencies",0604,"Ensure that each resident is free from the use of physical restraints, unless needed for medical treatment.",D,"Deficient, Provider has date of correction",2023-11-03,3,Y,N,N,N,N,"80 Douglas Pike,Smithfield,RI,02917",2026-06-01
415039,Heritage Hills Nursing & Rehabilitation Center,80 Douglas Pike,Smithfield,RI,02917,2023-10-16,Health,F,Resident Assessment and Care Planning Deficiencies,0655,Create and put into place a plan for meeting the resident's most immediate needs within 48 hours of being admitted,D,"Deficient, Provider has date of correction",2023-11-03,3,Y,N,N,N,N,"80 Douglas Pike,Smithfield,RI,02917",2026-06-01
415039,Heritage Hills Nursing & Rehabilitation Center,80 Douglas Pike,Smithfield,RI,02917,2023-10-16,Health,F,Quality of Life and Care Deficiencies,0684,"Provide appropriate treatment and care according to orders, resident’s preferences and goals.",D,"Deficient, Provider has date of correction",2023-11-03,3,Y,N,N,N,N,"80 Douglas Pike,Smithfield,RI,02917",2026-06-01
415039,Heritage Hills Nursing & Rehabilitation Center,80 Douglas Pike,Smithfield,RI,02917,2023-10-16,Health,F,Quality of Life and Care Deficiencies,0686,Provide appropriate pressure ulcer care and prevent new ulcers from developing.,D,"Deficient, Provider has date of correction",2023-11-03,3,Y,N,N,N,N,"80 Douglas Pike,Smithfield,RI,02917",2026-06-01
415039,Heritage Hills Nursing & Rehabilitation Center,80 Douglas Pike,Smithfield,RI,02917,2023-10-16,Health,F,Quality of Life and Care Deficiencies,0692,Provide enough food/fluids to maintain a resident's health.,D,"Deficient, Provider has date of correction",2023-11-03,3,Y,N,N,N,N,"80 Douglas Pike,Smithfield,RI,02917",2026-06-01
415039,Heritage Hills Nursing & Rehabilitation Center,80 Douglas Pike,Smithfield,RI,02917,2023-10-16,Health,F,Quality of Life and Care Deficiencies,0693,Ensure that feeding tubes are  not used unless there is a medical reason and the resident agrees; and provide appropriate care for a resident with a feeding tube.,D,"Deficient, Provider has date of correction",2023-11-03,3,Y,N,N,N,N,"80 Douglas Pike,Smithfield,RI,02917",2026-06-01
415039,Heritage Hills Nursing & Rehabilitation Center,80 Douglas Pike,Smithfield,RI,02917,2023-10-16,Health,F,Quality of Life and Care Deficiencies,0694,"Provide for the safe, appropriate administration of IV fluids for a resident when needed.",D,"Deficient, Provider has date of correction",2023-11-03,3,Y,N,N,N,N,"80 Douglas Pike,Smithfield,RI,02917",2026-06-01
415039,Heritage Hills Nursing & Rehabilitation Center,80 Douglas Pike,Smithfield,RI,02917,2023-10-16,Health,F,Pharmacy Service Deficiencies,0761,"Ensure drugs and biologicals used in the facility are labeled in accordance with currently accepted professional principles; and all drugs and biologicals must be stored in locked compartments, separately locked, compartments for controlled drugs.",D,"Deficient, Provider has date of correction",2023-11-03,3,Y,N,N,N,N,"80 Douglas Pike,Smithfield,RI,02917",2026-06-01
415039,Heritage Hills Nursing & Rehabilitation Center,80 Douglas Pike,Smithfield,RI,02917,2023-10-16,Health,F,Nutrition and Dietary Deficiencies,0812,"Procure food from sources approved or considered satisfactory and store, prepare, distribute and serve food in accordance with professional standards.",F,"Deficient, Provider has date of correction",2023-11-03,3,Y,N,N,N,N,"80 Douglas Pike,Smithfield,RI,02917",2026-06-01
415039,Heritage Hills Nursing & Rehabilitation Center,80 Douglas Pike,Smithfield,RI,02917,2023-10-16,Health,F,Infection Control Deficiencies,0880,Provide and implement an infection prevention and control program.,D,"Deficient, Provider has date of correction",2023-11-03,3,Y,N,N,N,N,"80 Douglas Pike,Smithfield,RI,02917",2026-06-01
415039,Heritage Hills Nursing & Rehabilitation Center,80 Douglas Pike,Smithfield,RI,02917,2023-10-16,Health,F,Infection Control Deficiencies,0881,Implement a program that monitors antibiotic use.,F,"Deficient, Provider has date of correction",2023-11-03,3,Y,N,N,N,N,"80 Douglas Pike,Smithfield,RI,02917",2026-06-01
415039,Heritage Hills Nursing & Rehabilitation Center,80 Douglas Pike,Smithfield,RI,02917,2023-10-16,Health,F,Infection Control Deficiencies,0883,Develop and implement policies and procedures for flu and pneumonia vaccinations.,E,"Deficient, Provider has date of correction",2023-11-03,3,Y,N,N,N,N,"80 Douglas Pike,Smithfield,RI,02917",2026-06-01
415040,Royal Middletown Nursing Center,193 Forest Avenue,Middletown,RI,02842,2026-04-30,Health,F,"Freedom from Abuse, Neglect, and Exploitation Deficiencies",0600,"Protect each resident from all types of abuse such as physical, mental, sexual abuse, physical punishment, and neglect by anybody.",D,"Deficient, Provider has date of correction",2026-05-15,1,N,Y,N,N,N,"193 Forest Avenue,Middletown,RI,02842",2026-06-01
415040,Royal Middletown Nursing Center,193 Forest Avenue,Middletown,RI,02842,2026-04-30,Health,F,"Freedom from Abuse, Neglect, and Exploitation Deficiencies",0606,"Not hire anyone with a finding of abuse, neglect, exploitation, or theft.",F,"Deficient, Provider has date of correction",2026-05-15,1,N,Y,N,N,N,"193 Forest Avenue,Middletown,RI,02842",2026-06-01
415040,Royal Middletown Nursing Center,193 Forest Avenue,Middletown,RI,02842,2026-02-19,Health,F,Pharmacy Service Deficiencies,0760,Ensure that residents are free from significant medication errors.,D,"Deficient, Provider has date of correction",2026-03-11,1,N,Y,N,N,N,"193 Forest Avenue,Middletown,RI,02842",2026-06-01
415040,Royal Middletown Nursing Center,193 Forest Avenue,Middletown,RI,02842,2026-02-19,Health,F,Administration Deficiencies,0849,Arrange for the provision of hospice services or assist the resident in transferring to a facility that will arrange for the provision of hospice services.,D,"Deficient, Provider has date of correction",2026-03-11,1,N,Y,N,N,N,"193 Forest Avenue,Middletown,RI,02842",2026-06-01
415040,Royal Middletown Nursing Center,193 Forest Avenue,Middletown,RI,02842,2026-01-07,Health,F,Resident Assessment and Care Planning Deficiencies,0658,Ensure services provided by the nursing facility meet professional standards of quality.,D,"Deficient, Provider has date of correction",2026-01-16,1,N,Y,N,N,N,"193 Forest Avenue,Middletown,RI,02842",2026-06-01
415040,Royal Middletown Nursing Center,193 Forest Avenue,Middletown,RI,02842,2026-01-07,Health,F,Infection Control Deficiencies,0880,Provide and implement an infection prevention and control program.,D,"Deficient, Provider has date of correction",2026-01-16,1,N,Y,N,N,N,"193 Forest Avenue,Middletown,RI,02842",2026-06-01
415040,Royal Middletown Nursing Center,193 Forest Avenue,Middletown,RI,02842,2025-12-08,Health,F,Quality of Life and Care Deficiencies,0684,"Provide appropriate treatment and care according to orders, resident’s preferences and goals.",E,"Deficient, Provider has date of correction",2025-12-13,1,N,Y,N,N,N,"193 Forest Avenue,Middletown,RI,02842",2026-06-01
415040,Royal Middletown Nursing Center,193 Forest Avenue,Middletown,RI,02842,2025-11-25,Health,F,Quality of Life and Care Deficiencies,0684,"Provide appropriate treatment and care according to orders, resident’s preferences and goals.",G,"Deficient, Provider has date of correction",2025-12-13,1,N,Y,N,N,N,"193 Forest Avenue,Middletown,RI,02842",2026-06-01
415040,Royal Middletown Nursing Center,193 Forest Avenue,Middletown,RI,02842,2025-11-25,Health,F,Infection Control Deficiencies,0880,Provide and implement an infection prevention and control program.,H,"Deficient, Provider has date of correction",2025-12-13,1,N,Y,N,N,N,"193 Forest Avenue,Middletown,RI,02842",2026-06-01
415040,Royal Middletown Nursing Center,193 Forest Avenue,Middletown,RI,02842,2026-04-30,Health,F,Resident Rights Deficiencies,0557,Honor the resident's right to be treated with respect and dignity and to retain and use personal possessions.,E,"Deficient, Provider has date of correction",2026-05-15,1,Y,N,N,N,N,"193 Forest Avenue,Middletown,RI,02842",2026-06-01
415040,Royal Middletown Nursing Center,193 Forest Avenue,Middletown,RI,02842,2026-04-30,Health,F,"Freedom from Abuse, Neglect, and Exploitation Deficiencies",0610,Respond appropriately to all alleged violations.,D,"Deficient, Provider has date of correction",2026-05-15,1,Y,N,N,N,N,"193 Forest Avenue,Middletown,RI,02842",2026-06-01
415040,Royal Middletown Nursing Center,193 Forest Avenue,Middletown,RI,02842,2026-04-30,Health,F,Quality of Life and Care Deficiencies,0684,"Provide appropriate treatment and care according to orders, resident’s preferences and goals.",D,"Deficient, Provider has date of correction",2026-05-15,1,Y,N,N,N,N,"193 Forest Avenue,Middletown,RI,02842",2026-06-01
415040,Royal Middletown Nursing Center,193 Forest Avenue,Middletown,RI,02842,2026-04-30,Health,F,Quality of Life and Care Deficiencies,0697,"Provide safe, appropriate pain management for a resident who requires such services.",D,"Deficient, Provider has date of correction",2026-05-15,1,Y,N,N,N,N,"193 Forest Avenue,Middletown,RI,02842",2026-06-01
415040,Royal Middletown Nursing Center,193 Forest Avenue,Middletown,RI,02842,2026-04-30,Health,F,Pharmacy Service Deficiencies,0760,Ensure that residents are free from significant medication errors.,D,"Deficient, Provider has date of correction",2026-05-15,1,Y,N,N,N,N,"193 Forest Avenue,Middletown,RI,02842",2026-06-01
415040,Royal Middletown Nursing Center,193 Forest Avenue,Middletown,RI,02842,2026-04-30,Health,F,Administration Deficiencies,0849,Arrange for the provision of hospice services or assist the resident in transferring to a facility that will arrange for the provision of hospice services.,D,"Deficient, Provider has date of correction",2026-05-15,1,Y,N,N,N,N,"193 Forest Avenue,Middletown,RI,02842",2026-06-01
415040,Royal Middletown Nursing Center,193 Forest Avenue,Middletown,RI,02842,2026-04-30,Health,F,Infection Control Deficiencies,0880,Provide and implement an infection prevention and control program.,D,"Deficient, Provider has date of correction",2026-05-15,1,Y,N,N,N,N,"193 Forest Avenue,Middletown,RI,02842",2026-06-01
415040,Royal Middletown Nursing Center,193 Forest Avenue,Middletown,RI,02842,2025-04-02,Health,F,"Freedom from Abuse, Neglect, and Exploitation Deficiencies",0610,Respond appropriately to all alleged violations.,D,"Deficient, Provider has date of correction",2025-05-01,2,N,Y,N,N,N,"193 Forest Avenue,Middletown,RI,02842",2026-06-01
415040,Royal Middletown Nursing Center,193 Forest Avenue,Middletown,RI,02842,2024-11-07,Health,F,Quality of Life and Care Deficiencies,0695,Provide safe and appropriate respiratory care for a resident when needed.,E,"Deficient, Provider has date of correction",2024-11-25,2,N,Y,N,N,N,"193 Forest Avenue,Middletown,RI,02842",2026-06-01
415040,Royal Middletown Nursing Center,193 Forest Avenue,Middletown,RI,02842,2024-10-08,Health,F,Resident Assessment and Care Planning Deficiencies,0658,Ensure services provided by the nursing facility meet professional standards of quality.,D,"Deficient, Provider has date of correction",2024-10-21,2,N,Y,N,N,N,"193 Forest Avenue,Middletown,RI,02842",2026-06-01
415040,Royal Middletown Nursing Center,193 Forest Avenue,Middletown,RI,02842,2025-04-02,Health,F,Resident Assessment and Care Planning Deficiencies,0658,Ensure services provided by the nursing facility meet professional standards of quality.,D,"Deficient, Provider has date of correction",2025-05-01,2,Y,N,N,N,N,"193 Forest Avenue,Middletown,RI,02842",2026-06-01
415040,Royal Middletown Nursing Center,193 Forest Avenue,Middletown,RI,02842,2025-04-02,Health,F,Nursing and Physician Services Deficiencies,0726,Ensure that nurses and nurse aides have the appropriate competencies to care for every resident in a way that maximizes each resident's well being.,D,"Deficient, Provider has date of correction",2025-05-01,2,Y,N,N,N,N,"193 Forest Avenue,Middletown,RI,02842",2026-06-01
415040,Royal Middletown Nursing Center,193 Forest Avenue,Middletown,RI,02842,2025-04-02,Health,F,Resident Assessment and Care Planning Deficiencies,0842,Safeguard resident-identifiable information and/or maintain medical records on each resident that are in accordance with accepted professional standards.,D,"Deficient, Provider has date of correction",2025-05-01,2,Y,N,N,N,N,"193 Forest Avenue,Middletown,RI,02842",2026-06-01
415040,Royal Middletown Nursing Center,193 Forest Avenue,Middletown,RI,02842,2024-02-29,Health,F,Pharmacy Service Deficiencies,0757,Ensure each resident’s drug regimen must be free from unnecessary drugs.,D,"Deficient, Provider has date of correction",2024-03-22,3,N,Y,N,N,N,"193 Forest Avenue,Middletown,RI,02842",2026-06-01
415040,Royal Middletown Nursing Center,193 Forest Avenue,Middletown,RI,02842,2024-04-11,Health,F,Pharmacy Service Deficiencies,0757,Ensure each resident’s drug regimen must be free from unnecessary drugs.,E,"Deficient, Provider has date of correction",2024-04-30,3,Y,Y,N,N,N,"193 Forest Avenue,Middletown,RI,02842",2026-06-01
415040,Royal Middletown Nursing Center,193 Forest Avenue,Middletown,RI,02842,2024-04-11,Health,F,Nutrition and Dietary Deficiencies,0812,"Procure food from sources approved or considered satisfactory and store, prepare, distribute and serve food in accordance with professional standards.",F,"Deficient, Provider has date of correction",2024-04-30,3,Y,Y,N,N,N,"193 Forest Avenue,Middletown,RI,02842",2026-06-01
415040,Royal Middletown Nursing Center,193 Forest Avenue,Middletown,RI,02842,2024-04-11,Health,F,Infection Control Deficiencies,0880,Provide and implement an infection prevention and control program.,F,"Deficient, Provider has date of correction",2024-04-30,3,Y,Y,N,N,N,"193 Forest Avenue,Middletown,RI,02842",2026-06-01
415041,Woonsocket Health Center,262 Poplar Street,Woonsocket,RI,02895,2025-04-03,Health,F,Quality of Life and Care Deficiencies,0686,Provide appropriate pressure ulcer care and prevent new ulcers from developing.,D,"Deficient, Provider has date of correction",2025-05-03,1,Y,N,N,N,N,"262 Poplar Street,Woonsocket,RI,02895",2026-06-01
415041,Woonsocket Health Center,262 Poplar Street,Woonsocket,RI,02895,2025-04-03,Health,F,Quality of Life and Care Deficiencies,0698,"Provide safe, appropriate dialysis care/services for a resident who requires such services.",E,"Deficient, Provider has date of correction",2025-05-03,1,Y,N,N,N,N,"262 Poplar Street,Woonsocket,RI,02895",2026-06-01
415041,Woonsocket Health Center,262 Poplar Street,Woonsocket,RI,02895,2025-04-03,Health,F,Pharmacy Service Deficiencies,0755,Provide pharmaceutical services to meet the needs of each resident and employ or obtain the services of a licensed pharmacist.,D,"Deficient, Provider has date of correction",2025-05-03,1,Y,N,N,N,N,"262 Poplar Street,Woonsocket,RI,02895",2026-06-01
415041,Woonsocket Health Center,262 Poplar Street,Woonsocket,RI,02895,2025-04-03,Health,F,Nutrition and Dietary Deficiencies,0812,"Procure food from sources approved or considered satisfactory and store, prepare, distribute and serve food in accordance with professional standards.",F,"Deficient, Provider has date of correction",2025-05-03,1,Y,N,N,N,N,"262 Poplar Street,Woonsocket,RI,02895",2026-06-01
415041,Woonsocket Health Center,262 Poplar Street,Woonsocket,RI,02895,2025-04-03,Health,F,Infection Control Deficiencies,0881,Implement a program that monitors antibiotic use.,E,"Deficient, Provider has date of correction",2025-05-03,1,Y,N,N,N,N,"262 Poplar Street,Woonsocket,RI,02895",2026-06-01
415041,Woonsocket Health Center,262 Poplar Street,Woonsocket,RI,02895,2025-04-03,Health,F,Infection Control Deficiencies,0883,Develop and implement policies and procedures for flu and pneumonia vaccinations.,E,"Deficient, Provider has date of correction",2025-05-03,1,Y,N,N,N,N,"262 Poplar Street,Woonsocket,RI,02895",2026-06-01
415041,Woonsocket Health Center,262 Poplar Street,Woonsocket,RI,02895,2024-04-30,Health,F,Resident Assessment and Care Planning Deficiencies,0656,"Develop and implement a complete care plan that meets all the resident's needs, with timetables and actions that can be measured.",E,"Deficient, Provider has date of correction",2024-05-30,2,Y,N,N,N,N,"262 Poplar Street,Woonsocket,RI,02895",2026-06-01
415041,Woonsocket Health Center,262 Poplar Street,Woonsocket,RI,02895,2024-04-30,Health,F,Resident Assessment and Care Planning Deficiencies,0658,Ensure services provided by the nursing facility meet professional standards of quality.,E,"Deficient, Provider has date of correction",2024-05-30,2,Y,N,N,N,N,"262 Poplar Street,Woonsocket,RI,02895",2026-06-01
415041,Woonsocket Health Center,262 Poplar Street,Woonsocket,RI,02895,2024-04-30,Health,F,Quality of Life and Care Deficiencies,0684,"Provide appropriate treatment and care according to orders, resident’s preferences and goals.",D,"Deficient, Provider has date of correction",2024-05-30,2,Y,N,N,N,N,"262 Poplar Street,Woonsocket,RI,02895",2026-06-01
415041,Woonsocket Health Center,262 Poplar Street,Woonsocket,RI,02895,2024-04-30,Health,F,Quality of Life and Care Deficiencies,0690,"Provide appropriate care for residents who are continent or incontinent of bowel/bladder, appropriate catheter care,  and appropriate care  to prevent urinary tract infections.",D,"Deficient, Provider has date of correction",2024-05-30,2,Y,N,N,N,N,"262 Poplar Street,Woonsocket,RI,02895",2026-06-01
415041,Woonsocket Health Center,262 Poplar Street,Woonsocket,RI,02895,2024-04-30,Health,F,Quality of Life and Care Deficiencies,0693,Ensure that feeding tubes are  not used unless there is a medical reason and the resident agrees; and provide appropriate care for a resident with a feeding tube.,D,"Deficient, Provider has date of correction",2024-05-30,2,Y,N,N,N,N,"262 Poplar Street,Woonsocket,RI,02895",2026-06-01
415041,Woonsocket Health Center,262 Poplar Street,Woonsocket,RI,02895,2024-04-30,Health,F,Nursing and Physician Services Deficiencies,0726,Ensure that nurses and nurse aides have the appropriate competencies to care for every resident in a way that maximizes each resident's well being.,D,"Deficient, Provider has date of correction",2024-05-30,2,Y,N,N,N,N,"262 Poplar Street,Woonsocket,RI,02895",2026-06-01
415041,Woonsocket Health Center,262 Poplar Street,Woonsocket,RI,02895,2024-04-30,Health,F,Pharmacy Service Deficiencies,0756,"Ensure a licensed pharmacist perform a monthly drug regimen review, including the medical chart, following irregularity reporting guidelines in developed policies and procedures.",E,"Deficient, Provider has date of correction",2024-05-30,2,Y,N,N,N,N,"262 Poplar Street,Woonsocket,RI,02895",2026-06-01
415041,Woonsocket Health Center,262 Poplar Street,Woonsocket,RI,02895,2024-04-30,Health,F,Pharmacy Service Deficiencies,0760,Ensure that residents are free from significant medication errors.,E,"Deficient, Provider has date of correction",2024-05-30,2,Y,N,N,N,N,"262 Poplar Street,Woonsocket,RI,02895",2026-06-01
415041,Woonsocket Health Center,262 Poplar Street,Woonsocket,RI,02895,2024-04-30,Health,F,Nursing and Physician Services Deficiencies,0841,Designate a physician to serve as medical director responsible for implementation of resident care policies and coordination of medical care in the facility.,F,"Deficient, Provider has date of correction",2024-05-30,2,Y,N,N,N,N,"262 Poplar Street,Woonsocket,RI,02895",2026-06-01
415041,Woonsocket Health Center,262 Poplar Street,Woonsocket,RI,02895,2024-04-30,Health,F,Environmental Deficiencies,0921,"Make sure that the nursing home area is safe, easy to use, clean and comfortable for residents, staff and the public.",F,"Deficient, Provider has date of correction",2024-05-30,2,Y,N,N,N,N,"262 Poplar Street,Woonsocket,RI,02895",2026-06-01
415041,Woonsocket Health Center,262 Poplar Street,Woonsocket,RI,02895,2023-12-22,Health,F,"Freedom from Abuse, Neglect, and Exploitation Deficiencies",0602,Protect each resident from the wrongful use of the resident's belongings or money.,E,"Deficient, Provider has date of correction",2024-01-21,3,N,Y,N,N,N,"262 Poplar Street,Woonsocket,RI,02895",2026-06-01
415041,Woonsocket Health Center,262 Poplar Street,Woonsocket,RI,02895,2023-12-22,Health,F,Pharmacy Service Deficiencies,0761,"Ensure drugs and biologicals used in the facility are labeled in accordance with currently accepted professional principles; and all drugs and biologicals must be stored in locked compartments, separately locked, compartments for controlled drugs.",E,"Deficient, Provider has date of correction",2024-01-21,3,N,Y,N,N,N,"262 Poplar Street,Woonsocket,RI,02895",2026-06-01
415041,Woonsocket Health Center,262 Poplar Street,Woonsocket,RI,02895,2023-10-10,Health,F,Resident Assessment and Care Planning Deficiencies,0656,"Develop and implement a complete care plan that meets all the resident's needs, with timetables and actions that can be measured.",E,"Deficient, Provider has date of correction",2023-11-09,3,N,Y,N,N,N,"262 Poplar Street,Woonsocket,RI,02895",2026-06-01
415041,Woonsocket Health Center,262 Poplar Street,Woonsocket,RI,02895,2023-03-27,Health,F,Quality of Life and Care Deficiencies,0689,Ensure that a nursing home area is free from accident hazards and provides adequate supervision to prevent accidents.,J,"Deficient, Provider has date of correction",2023-05-18,3,Y,N,N,N,N,"262 Poplar Street,Woonsocket,RI,02895",2026-06-01
415041,Woonsocket Health Center,262 Poplar Street,Woonsocket,RI,02895,2023-03-27,Health,F,Infection Control Deficiencies,0880,Provide and implement an infection prevention and control program.,L,"Deficient, Provider has date of correction",2023-04-22,3,Y,N,N,N,N,"262 Poplar Street,Woonsocket,RI,02895",2026-06-01
415042,"AdviniaCare Waterview Villas, LLC",1275 South Broadway,East Providence,RI,02914,2026-02-27,Health,F,Pharmacy Service Deficiencies,0755,Provide pharmaceutical services to meet the needs of each resident and employ or obtain the services of a licensed pharmacist.,D,"Deficient, Provider has date of correction",2026-03-25,1,N,Y,N,N,N,"1275 South Broadway,East Providence,RI,02914",2026-06-01
415042,"AdviniaCare Waterview Villas, LLC",1275 South Broadway,East Providence,RI,02914,2025-12-02,Health,F,Quality of Life and Care Deficiencies,0684,"Provide appropriate treatment and care according to orders, resident’s preferences and goals.",G,"Deficient, Provider has date of correction",2025-12-26,1,N,Y,N,N,N,"1275 South Broadway,East Providence,RI,02914",2026-06-01
415042,"AdviniaCare Waterview Villas, LLC",1275 South Broadway,East Providence,RI,02914,2025-11-18,Health,F,Quality of Life and Care Deficiencies,0689,Ensure that a nursing home area is free from accident hazards and provides adequate supervision to prevent accidents.,G,"Deficient, Provider has date of correction",2025-12-12,1,N,Y,N,N,N,"1275 South Broadway,East Providence,RI,02914",2026-06-01
415042,"AdviniaCare Waterview Villas, LLC",1275 South Broadway,East Providence,RI,02914,2025-11-18,Health,F,Nutrition and Dietary Deficiencies,0814,Dispose of garbage and refuse properly.,F,Past Non-Compliance,2025-11-09,1,N,Y,N,N,N,"1275 South Broadway,East Providence,RI,02914",2026-06-01
415042,"AdviniaCare Waterview Villas, LLC",1275 South Broadway,East Providence,RI,02914,2025-07-21,Health,F,Quality of Life and Care Deficiencies,0689,Ensure that a nursing home area is free from accident hazards and provides adequate supervision to prevent accidents.,G,"Deficient, Provider has date of correction",2025-08-15,1,N,Y,N,N,N,"1275 South Broadway,East Providence,RI,02914",2026-06-01
415042,"AdviniaCare Waterview Villas, LLC",1275 South Broadway,East Providence,RI,02914,2026-03-26,Health,F,Quality of Life and Care Deficiencies,0692,Provide enough food/fluids to maintain a resident's health.,D,"Deficient, Provider has date of correction",2026-04-21,1,Y,N,N,N,N,"1275 South Broadway,East Providence,RI,02914",2026-06-01
415042,"AdviniaCare Waterview Villas, LLC",1275 South Broadway,East Providence,RI,02914,2026-03-26,Health,F,Pharmacy Service Deficiencies,0761,"Ensure drugs and biologicals used in the facility are labeled in accordance with currently accepted professional principles; and all drugs and biologicals must be stored in locked compartments, separately locked, compartments for controlled drugs.",E,"Deficient, Provider has date of correction",2026-04-21,1,Y,N,N,N,N,"1275 South Broadway,East Providence,RI,02914",2026-06-01
415042,"AdviniaCare Waterview Villas, LLC",1275 South Broadway,East Providence,RI,02914,2026-03-26,Health,F,Administration Deficiencies,0838,Conduct and document a facility-wide assessment to determine what resources are necessary to care for residents competently during both day-to-day operations (including nights and weekends) and emergencies.,C,"Deficient, Provider has date of correction",2026-04-21,1,Y,N,N,N,N,"1275 South Broadway,East Providence,RI,02914",2026-06-01
415042,"AdviniaCare Waterview Villas, LLC",1275 South Broadway,East Providence,RI,02914,2026-03-26,Health,F,Resident Assessment and Care Planning Deficiencies,0842,Safeguard resident-identifiable information and/or maintain medical records on each resident that are in accordance with accepted professional standards.,E,"Deficient, Provider has date of correction",2026-04-21,1,Y,N,N,N,N,"1275 South Broadway,East Providence,RI,02914",2026-06-01
415042,"AdviniaCare Waterview Villas, LLC",1275 South Broadway,East Providence,RI,02914,2024-08-01,Health,F,Resident Assessment and Care Planning Deficiencies,0658,Ensure services provided by the nursing facility meet professional standards of quality.,D,"Deficient, Provider has date of correction",2024-08-21,2,N,Y,N,N,N,"1275 South Broadway,East Providence,RI,02914",2026-06-01
415042,"AdviniaCare Waterview Villas, LLC",1275 South Broadway,East Providence,RI,02914,2024-08-01,Health,F,Quality of Life and Care Deficiencies,0692,Provide enough food/fluids to maintain a resident's health.,D,"Deficient, Provider has date of correction",2024-08-21,2,N,Y,N,N,N,"1275 South Broadway,East Providence,RI,02914",2026-06-01
415042,"AdviniaCare Waterview Villas, LLC",1275 South Broadway,East Providence,RI,02914,2025-01-31,Health,F,Resident Rights Deficiencies,0569,"Notify each resident of certain balances and convey resident funds upon discharge, eviction, or death.",B,"Deficient, Provider has date of correction",2025-02-11,2,Y,N,N,N,N,"1275 South Broadway,East Providence,RI,02914",2026-06-01
415042,"AdviniaCare Waterview Villas, LLC",1275 South Broadway,East Providence,RI,02914,2025-01-31,Health,F,Resident Assessment and Care Planning Deficiencies,0658,Ensure services provided by the nursing facility meet professional standards of quality.,E,"Deficient, Provider has date of correction",2025-02-11,2,Y,N,N,N,N,"1275 South Broadway,East Providence,RI,02914",2026-06-01
415042,"AdviniaCare Waterview Villas, LLC",1275 South Broadway,East Providence,RI,02914,2025-01-31,Health,F,Quality of Life and Care Deficiencies,0679,Provide activities to meet all resident's needs.,D,"Deficient, Provider has date of correction",2025-02-11,2,Y,N,N,N,N,"1275 South Broadway,East Providence,RI,02914",2026-06-01
415042,"AdviniaCare Waterview Villas, LLC",1275 South Broadway,East Providence,RI,02914,2025-01-31,Health,F,Quality of Life and Care Deficiencies,0686,Provide appropriate pressure ulcer care and prevent new ulcers from developing.,G,"Deficient, Provider has date of correction",2025-02-11,2,Y,N,N,N,N,"1275 South Broadway,East Providence,RI,02914",2026-06-01
415042,"AdviniaCare Waterview Villas, LLC",1275 South Broadway,East Providence,RI,02914,2025-01-31,Health,F,Quality of Life and Care Deficiencies,0688,"Provide appropriate care for a resident to maintain and/or improve range of motion (ROM), limited ROM and/or mobility, unless a decline is for a medical reason.",H,"Deficient, Provider has date of correction",2025-02-11,2,Y,N,N,N,N,"1275 South Broadway,East Providence,RI,02914",2026-06-01
415042,"AdviniaCare Waterview Villas, LLC",1275 South Broadway,East Providence,RI,02914,2025-01-31,Health,F,Quality of Life and Care Deficiencies,0692,Provide enough food/fluids to maintain a resident's health.,D,"Deficient, Provider has date of correction",2025-02-11,2,Y,N,N,N,N,"1275 South Broadway,East Providence,RI,02914",2026-06-01
415042,"AdviniaCare Waterview Villas, LLC",1275 South Broadway,East Providence,RI,02914,2025-01-31,Health,F,Quality of Life and Care Deficiencies,0740,Ensure each resident must receive and the facility must provide necessary behavioral health care and services.,E,"Deficient, Provider has date of correction",2025-02-11,2,Y,N,N,N,N,"1275 South Broadway,East Providence,RI,02914",2026-06-01
415042,"AdviniaCare Waterview Villas, LLC",1275 South Broadway,East Providence,RI,02914,2025-01-31,Health,F,Pharmacy Service Deficiencies,0761,"Ensure drugs and biologicals used in the facility are labeled in accordance with currently accepted professional principles; and all drugs and biologicals must be stored in locked compartments, separately locked, compartments for controlled drugs.",D,"Deficient, Provider has date of correction",2025-02-11,2,Y,N,N,N,N,"1275 South Broadway,East Providence,RI,02914",2026-06-01
415042,"AdviniaCare Waterview Villas, LLC",1275 South Broadway,East Providence,RI,02914,2025-01-31,Health,F,Nutrition and Dietary Deficiencies,0812,"Procure food from sources approved or considered satisfactory and store, prepare, distribute and serve food in accordance with professional standards.",F,"Deficient, Provider has date of correction",2025-02-11,2,Y,N,N,N,N,"1275 South Broadway,East Providence,RI,02914",2026-06-01
415042,"AdviniaCare Waterview Villas, LLC",1275 South Broadway,East Providence,RI,02914,2025-01-31,Health,F,Resident Assessment and Care Planning Deficiencies,0842,Safeguard resident-identifiable information and/or maintain medical records on each resident that are in accordance with accepted professional standards.,D,"Deficient, Provider has date of correction",2025-02-11,2,Y,N,N,N,N,"1275 South Broadway,East Providence,RI,02914",2026-06-01
415042,"AdviniaCare Waterview Villas, LLC",1275 South Broadway,East Providence,RI,02914,2025-01-31,Health,F,Infection Control Deficiencies,0880,Provide and implement an infection prevention and control program.,D,"Deficient, Provider has date of correction",2025-02-11,2,Y,N,N,N,N,"1275 South Broadway,East Providence,RI,02914",2026-06-01
415042,"AdviniaCare Waterview Villas, LLC",1275 South Broadway,East Providence,RI,02914,2023-09-28,Health,F,Nutrition and Dietary Deficiencies,0812,"Procure food from sources approved or considered satisfactory and store, prepare, distribute and serve food in accordance with professional standards.",E,"Deficient, Provider has date of correction",2023-10-18,3,N,Y,N,N,N,"1275 South Broadway,East Providence,RI,02914",2026-06-01
415042,"AdviniaCare Waterview Villas, LLC",1275 South Broadway,East Providence,RI,02914,2024-02-16,Health,F,Nutrition and Dietary Deficiencies,0812,"Procure food from sources approved or considered satisfactory and store, prepare, distribute and serve food in accordance with professional standards.",F,"Deficient, Provider has date of correction",2024-03-05,3,Y,N,N,N,N,"1275 South Broadway,East Providence,RI,02914",2026-06-01
415042,"AdviniaCare Waterview Villas, LLC",1275 South Broadway,East Providence,RI,02914,2024-02-16,Health,F,Infection Control Deficiencies,0880,Provide and implement an infection prevention and control program.,D,"Deficient, Provider has date of correction",2024-03-05,3,Y,N,N,N,N,"1275 South Broadway,East Providence,RI,02914",2026-06-01
415044,The Friendly Home,303 Rhodes Avenue,Woonsocket,RI,02895,2025-08-06,Health,F,Quality of Life and Care Deficiencies,0689,Ensure that a nursing home area is free from accident hazards and provides adequate supervision to prevent accidents.,J,"Deficient, Provider has date of correction",2025-08-22,1,N,Y,N,N,N,"303 Rhodes Avenue,Woonsocket,RI,02895",2026-06-01
415044,The Friendly Home,303 Rhodes Avenue,Woonsocket,RI,02895,2025-12-19,Health,F,Quality of Life and Care Deficiencies,0684,"Provide appropriate treatment and care according to orders, resident’s preferences and goals.",E,"Deficient, Provider has date of correction",2026-01-18,1,Y,N,N,N,N,"303 Rhodes Avenue,Woonsocket,RI,02895",2026-06-01
415044,The Friendly Home,303 Rhodes Avenue,Woonsocket,RI,02895,2025-12-19,Health,F,Quality of Life and Care Deficiencies,0690,"Provide appropriate care for residents who are continent or incontinent of bowel/bladder, appropriate catheter care,  and appropriate care  to prevent urinary tract infections.",D,"Deficient, Provider has date of correction",2026-01-18,1,Y,N,N,N,N,"303 Rhodes Avenue,Woonsocket,RI,02895",2026-06-01
415044,The Friendly Home,303 Rhodes Avenue,Woonsocket,RI,02895,2025-12-19,Health,F,Quality of Life and Care Deficiencies,0692,Provide enough food/fluids to maintain a resident's health.,G,"Deficient, Provider has date of correction",2026-01-18,1,Y,N,N,N,N,"303 Rhodes Avenue,Woonsocket,RI,02895",2026-06-01
415044,The Friendly Home,303 Rhodes Avenue,Woonsocket,RI,02895,2025-12-19,Health,F,Quality of Life and Care Deficiencies,0699,Provide care or services that was trauma informed and/or culturally competent.,E,"Deficient, Provider has date of correction",2026-01-18,1,Y,N,N,N,N,"303 Rhodes Avenue,Woonsocket,RI,02895",2026-06-01
415044,The Friendly Home,303 Rhodes Avenue,Woonsocket,RI,02895,2025-12-19,Health,F,Quality of Life and Care Deficiencies,0740,Ensure each resident must receive and the facility must provide necessary behavioral health care and services.,D,"Deficient, Provider has date of correction",2026-01-18,1,Y,N,N,N,N,"303 Rhodes Avenue,Woonsocket,RI,02895",2026-06-01
415044,The Friendly Home,303 Rhodes Avenue,Woonsocket,RI,02895,2025-12-19,Health,F,Pharmacy Service Deficiencies,0756,"Ensure a licensed pharmacist perform a monthly drug regimen review, including the medical chart, following irregularity reporting guidelines in developed policies and procedures.",E,"Deficient, Provider has date of correction",2026-01-18,1,Y,N,N,N,N,"303 Rhodes Avenue,Woonsocket,RI,02895",2026-06-01
415044,The Friendly Home,303 Rhodes Avenue,Woonsocket,RI,02895,2025-12-19,Health,F,Pharmacy Service Deficiencies,0757,Ensure each resident’s drug regimen must be free from unnecessary drugs.,E,"Deficient, Provider has date of correction",2026-01-18,1,Y,N,N,N,N,"303 Rhodes Avenue,Woonsocket,RI,02895",2026-06-01
415044,The Friendly Home,303 Rhodes Avenue,Woonsocket,RI,02895,2025-12-19,Health,F,Pharmacy Service Deficiencies,0760,Ensure that residents are free from significant medication errors.,E,"Deficient, Provider has date of correction",2026-01-18,1,Y,N,N,N,N,"303 Rhodes Avenue,Woonsocket,RI,02895",2026-06-01
415044,The Friendly Home,303 Rhodes Avenue,Woonsocket,RI,02895,2025-12-19,Health,F,Administration Deficiencies,0773,Provide or obtain laboratory tests/services when ordered and promptly tell the ordering practitioner of the results.,E,"Deficient, Provider has date of correction",2026-01-18,1,Y,N,N,N,N,"303 Rhodes Avenue,Woonsocket,RI,02895",2026-06-01
415044,The Friendly Home,303 Rhodes Avenue,Woonsocket,RI,02895,2025-12-19,Health,F,Resident Assessment and Care Planning Deficiencies,0842,Safeguard resident-identifiable information and/or maintain medical records on each resident that are in accordance with accepted professional standards.,E,"Deficient, Provider has date of correction",2026-01-18,1,Y,N,N,N,N,"303 Rhodes Avenue,Woonsocket,RI,02895",2026-06-01
415044,The Friendly Home,303 Rhodes Avenue,Woonsocket,RI,02895,2025-12-19,Health,F,Infection Control Deficiencies,0881,Implement a program that monitors antibiotic use.,E,"Deficient, Provider has date of correction",2026-01-18,1,Y,N,N,N,N,"303 Rhodes Avenue,Woonsocket,RI,02895",2026-06-01
415044,The Friendly Home,303 Rhodes Avenue,Woonsocket,RI,02895,2025-12-19,Health,F,Resident Assessment and Care Planning Deficiencies,0658,Ensure services provided by the nursing facility meet professional standards of quality.,E,"Deficient, Provider has date of correction",2026-01-18,1,Y,Y,N,N,N,"303 Rhodes Avenue,Woonsocket,RI,02895",2026-06-01
415044,The Friendly Home,303 Rhodes Avenue,Woonsocket,RI,02895,2025-05-22,Health,F,Resident Assessment and Care Planning Deficiencies,0658,Ensure services provided by the nursing facility meet professional standards of quality.,D,"Deficient, Provider has date of correction",2025-06-21,2,N,Y,N,N,N,"303 Rhodes Avenue,Woonsocket,RI,02895",2026-06-01
415044,The Friendly Home,303 Rhodes Avenue,Woonsocket,RI,02895,2025-03-31,Health,F,Pharmacy Service Deficiencies,0761,"Ensure drugs and biologicals used in the facility are labeled in accordance with currently accepted professional principles; and all drugs and biologicals must be stored in locked compartments, separately locked, compartments for controlled drugs.",D,"Deficient, Provider has date of correction",2025-04-15,2,N,Y,N,N,N,"303 Rhodes Avenue,Woonsocket,RI,02895",2026-06-01
415044,The Friendly Home,303 Rhodes Avenue,Woonsocket,RI,02895,2024-12-30,Health,F,Resident Rights Deficiencies,0580,"Immediately tell the resident, the resident's doctor, and a family member of situations (injury/decline/room, etc.)  that affect the resident.",D,"Deficient, Provider has date of correction",2025-01-29,2,N,Y,N,N,N,"303 Rhodes Avenue,Woonsocket,RI,02895",2026-06-01
415044,The Friendly Home,303 Rhodes Avenue,Woonsocket,RI,02895,2024-12-30,Health,F,Quality of Life and Care Deficiencies,0684,"Provide appropriate treatment and care according to orders, resident’s preferences and goals.",E,"Deficient, Provider has date of correction",2025-01-29,2,N,Y,N,N,N,"303 Rhodes Avenue,Woonsocket,RI,02895",2026-06-01
415044,The Friendly Home,303 Rhodes Avenue,Woonsocket,RI,02895,2024-08-22,Health,F,Quality of Life and Care Deficiencies,0684,"Provide appropriate treatment and care according to orders, resident’s preferences and goals.",D,"Deficient, Provider has date of correction",2024-09-20,2,N,Y,N,N,N,"303 Rhodes Avenue,Woonsocket,RI,02895",2026-06-01
415044,The Friendly Home,303 Rhodes Avenue,Woonsocket,RI,02895,2024-10-04,Health,F,Resident Assessment and Care Planning Deficiencies,0658,Ensure services provided by the nursing facility meet professional standards of quality.,D,"Deficient, Provider has date of correction",2024-11-03,2,Y,N,N,N,N,"303 Rhodes Avenue,Woonsocket,RI,02895",2026-06-01
415044,The Friendly Home,303 Rhodes Avenue,Woonsocket,RI,02895,2024-10-04,Health,F,Quality of Life and Care Deficiencies,0684,"Provide appropriate treatment and care according to orders, resident’s preferences and goals.",E,"Deficient, Provider has date of correction",2024-11-03,2,Y,N,N,N,N,"303 Rhodes Avenue,Woonsocket,RI,02895",2026-06-01
415044,The Friendly Home,303 Rhodes Avenue,Woonsocket,RI,02895,2024-10-04,Health,F,Quality of Life and Care Deficiencies,0686,Provide appropriate pressure ulcer care and prevent new ulcers from developing.,D,"Deficient, Provider has date of correction",2024-11-03,2,Y,N,N,N,N,"303 Rhodes Avenue,Woonsocket,RI,02895",2026-06-01
415044,The Friendly Home,303 Rhodes Avenue,Woonsocket,RI,02895,2024-10-04,Health,F,Quality of Life and Care Deficiencies,0694,"Provide for the safe, appropriate administration of IV fluids for a resident when needed.",D,"Deficient, Provider has date of correction",2024-11-03,2,Y,N,N,N,N,"303 Rhodes Avenue,Woonsocket,RI,02895",2026-06-01
415044,The Friendly Home,303 Rhodes Avenue,Woonsocket,RI,02895,2024-10-04,Health,F,Nursing and Physician Services Deficiencies,0726,Ensure that nurses and nurse aides have the appropriate competencies to care for every resident in a way that maximizes each resident's well being.,F,"Deficient, Provider has date of correction",2024-11-03,2,Y,N,N,N,N,"303 Rhodes Avenue,Woonsocket,RI,02895",2026-06-01
415044,The Friendly Home,303 Rhodes Avenue,Woonsocket,RI,02895,2024-10-04,Health,F,Nutrition and Dietary Deficiencies,0812,"Procure food from sources approved or considered satisfactory and store, prepare, distribute and serve food in accordance with professional standards.",F,"Deficient, Provider has date of correction",2024-11-03,2,Y,N,N,N,N,"303 Rhodes Avenue,Woonsocket,RI,02895",2026-06-01
415044,The Friendly Home,303 Rhodes Avenue,Woonsocket,RI,02895,2024-10-04,Health,F,Administration Deficiencies,0838,Conduct and document a facility-wide assessment to determine what resources are necessary to care for residents competently during both day-to-day operations (including nights and weekends) and emergencies.,F,"Deficient, Provider has date of correction",2024-11-03,2,Y,N,N,N,N,"303 Rhodes Avenue,Woonsocket,RI,02895",2026-06-01
415044,The Friendly Home,303 Rhodes Avenue,Woonsocket,RI,02895,2024-10-04,Health,F,Infection Control Deficiencies,0880,Provide and implement an infection prevention and control program.,D,"Deficient, Provider has date of correction",2024-11-03,2,Y,N,N,N,N,"303 Rhodes Avenue,Woonsocket,RI,02895",2026-06-01
415044,The Friendly Home,303 Rhodes Avenue,Woonsocket,RI,02895,2023-12-11,Health,F,Resident Rights Deficiencies,0573,Let each resident or the resident's legal representative access or purchase copies of all the resident's records.,B,"Deficient, Provider has date of correction",2023-12-27,3,N,Y,N,N,N,"303 Rhodes Avenue,Woonsocket,RI,02895",2026-06-01
415044,The Friendly Home,303 Rhodes Avenue,Woonsocket,RI,02895,2023-12-11,Health,F,Resident Assessment and Care Planning Deficiencies,0655,Create and put into place a plan for meeting the resident's most immediate needs within 48 hours of being admitted,E,"Deficient, Provider has date of correction",2023-12-27,3,N,Y,N,N,N,"303 Rhodes Avenue,Woonsocket,RI,02895",2026-06-01
415044,The Friendly Home,303 Rhodes Avenue,Woonsocket,RI,02895,2023-12-11,Health,F,Quality of Life and Care Deficiencies,0689,Ensure that a nursing home area is free from accident hazards and provides adequate supervision to prevent accidents.,J,"Deficient, Provider has date of correction",2023-12-27,3,N,Y,N,N,N,"303 Rhodes Avenue,Woonsocket,RI,02895",2026-06-01
415044,The Friendly Home,303 Rhodes Avenue,Woonsocket,RI,02895,2023-12-11,Health,F,Administration Deficiencies,0835,Administer the facility in a manner that enables it to use its resources effectively and efficiently.,J,"Deficient, Provider has date of correction",2023-12-27,3,N,Y,N,N,N,"303 Rhodes Avenue,Woonsocket,RI,02895",2026-06-01
415044,The Friendly Home,303 Rhodes Avenue,Woonsocket,RI,02895,2023-10-30,Health,F,Quality of Life and Care Deficiencies,0684,"Provide appropriate treatment and care according to orders, resident’s preferences and goals.",J,"Deficient, Provider has date of correction",2023-11-28,3,Y,N,N,N,N,"303 Rhodes Avenue,Woonsocket,RI,02895",2026-06-01
415044,The Friendly Home,303 Rhodes Avenue,Woonsocket,RI,02895,2023-10-30,Health,F,Quality of Life and Care Deficiencies,0686,Provide appropriate pressure ulcer care and prevent new ulcers from developing.,D,"Deficient, Provider has date of correction",2023-11-28,3,Y,N,N,N,N,"303 Rhodes Avenue,Woonsocket,RI,02895",2026-06-01
415044,The Friendly Home,303 Rhodes Avenue,Woonsocket,RI,02895,2023-10-30,Health,F,Quality of Life and Care Deficiencies,0690,"Provide appropriate care for residents who are continent or incontinent of bowel/bladder, appropriate catheter care,  and appropriate care  to prevent urinary tract infections.",G,"Deficient, Provider has date of correction",2023-11-28,3,Y,N,N,N,N,"303 Rhodes Avenue,Woonsocket,RI,02895",2026-06-01
415044,The Friendly Home,303 Rhodes Avenue,Woonsocket,RI,02895,2023-10-30,Health,F,Nursing and Physician Services Deficiencies,0711,"Ensure the resident's doctor reviews the resident's care, writes, signs and dates progress notes and orders, at each required visit.",E,"Deficient, Provider has date of correction",2023-11-28,3,Y,N,N,N,N,"303 Rhodes Avenue,Woonsocket,RI,02895",2026-06-01
415044,The Friendly Home,303 Rhodes Avenue,Woonsocket,RI,02895,2023-10-30,Health,F,Pharmacy Service Deficiencies,0757,Ensure each resident’s drug regimen must be free from unnecessary drugs.,D,"Deficient, Provider has date of correction",2023-11-28,3,Y,N,N,N,N,"303 Rhodes Avenue,Woonsocket,RI,02895",2026-06-01
415044,The Friendly Home,303 Rhodes Avenue,Woonsocket,RI,02895,2023-10-30,Health,F,Administration Deficiencies,0777,Provide or obtain x-rays/tests when ordered and promptly tell the ordering practitioner of the results.,D,"Deficient, Provider has date of correction",2023-11-28,3,Y,N,N,N,N,"303 Rhodes Avenue,Woonsocket,RI,02895",2026-06-01
415044,The Friendly Home,303 Rhodes Avenue,Woonsocket,RI,02895,2023-10-30,Health,F,Infection Control Deficiencies,0880,Provide and implement an infection prevention and control program.,E,"Deficient, Provider has date of correction",2023-11-28,3,Y,N,N,N,N,"303 Rhodes Avenue,Woonsocket,RI,02895",2026-06-01
415044,The Friendly Home,303 Rhodes Avenue,Woonsocket,RI,02895,2023-10-30,Health,F,Environmental Deficiencies,0921,"Make sure that the nursing home area is safe, easy to use, clean and comfortable for residents, staff and the public.",F,"Deficient, Provider has date of correction",2023-11-28,3,Y,N,N,N,N,"303 Rhodes Avenue,Woonsocket,RI,02895",2026-06-01
415045,Overlook Nursing and Rehabilitation Center,14 Rock Avenue,Pascoag,RI,02859,2025-05-06,Health,F,Resident Rights Deficiencies,0552,"Ensure that residents are fully informed and understand their health status, care and treatments.",D,"Deficient, Provider has date of correction",2025-06-05,1,Y,N,N,N,N,"14 Rock Avenue,Pascoag,RI,02859",2026-06-01
415045,Overlook Nursing and Rehabilitation Center,14 Rock Avenue,Pascoag,RI,02859,2025-05-06,Health,F,"Freedom from Abuse, Neglect, and Exploitation Deficiencies",0610,Respond appropriately to all alleged violations.,D,"Deficient, Provider has date of correction",2025-06-05,1,Y,N,N,N,N,"14 Rock Avenue,Pascoag,RI,02859",2026-06-01
415045,Overlook Nursing and Rehabilitation Center,14 Rock Avenue,Pascoag,RI,02859,2025-05-06,Health,F,Resident Assessment and Care Planning Deficiencies,0658,Ensure services provided by the nursing facility meet professional standards of quality.,D,"Deficient, Provider has date of correction",2025-06-05,1,Y,N,N,N,N,"14 Rock Avenue,Pascoag,RI,02859",2026-06-01
415045,Overlook Nursing and Rehabilitation Center,14 Rock Avenue,Pascoag,RI,02859,2025-05-06,Health,F,Quality of Life and Care Deficiencies,0684,"Provide appropriate treatment and care according to orders, resident’s preferences and goals.",D,"Deficient, Provider has date of correction",2025-06-05,1,Y,N,N,N,N,"14 Rock Avenue,Pascoag,RI,02859",2026-06-01
415045,Overlook Nursing and Rehabilitation Center,14 Rock Avenue,Pascoag,RI,02859,2025-05-06,Health,F,Quality of Life and Care Deficiencies,0686,Provide appropriate pressure ulcer care and prevent new ulcers from developing.,D,"Deficient, Provider has date of correction",2025-06-05,1,Y,N,N,N,N,"14 Rock Avenue,Pascoag,RI,02859",2026-06-01
415045,Overlook Nursing and Rehabilitation Center,14 Rock Avenue,Pascoag,RI,02859,2025-05-06,Health,F,Quality of Life and Care Deficiencies,0689,Ensure that a nursing home area is free from accident hazards and provides adequate supervision to prevent accidents.,G,"Deficient, Provider has date of correction",2025-06-05,1,Y,N,N,N,N,"14 Rock Avenue,Pascoag,RI,02859",2026-06-01
415045,Overlook Nursing and Rehabilitation Center,14 Rock Avenue,Pascoag,RI,02859,2025-05-06,Health,F,Quality of Life and Care Deficiencies,0690,"Provide appropriate care for residents who are continent or incontinent of bowel/bladder, appropriate catheter care,  and appropriate care  to prevent urinary tract infections.",D,"Deficient, Provider has date of correction",2025-06-05,1,Y,N,N,N,N,"14 Rock Avenue,Pascoag,RI,02859",2026-06-01
415045,Overlook Nursing and Rehabilitation Center,14 Rock Avenue,Pascoag,RI,02859,2025-05-06,Health,F,Quality of Life and Care Deficiencies,0695,Provide safe and appropriate respiratory care for a resident when needed.,D,"Deficient, Provider has date of correction",2025-06-05,1,Y,N,N,N,N,"14 Rock Avenue,Pascoag,RI,02859",2026-06-01
415045,Overlook Nursing and Rehabilitation Center,14 Rock Avenue,Pascoag,RI,02859,2025-05-06,Health,F,Pharmacy Service Deficiencies,0757,Ensure each resident’s drug regimen must be free from unnecessary drugs.,D,"Deficient, Provider has date of correction",2025-06-05,1,Y,N,N,N,N,"14 Rock Avenue,Pascoag,RI,02859",2026-06-01
415045,Overlook Nursing and Rehabilitation Center,14 Rock Avenue,Pascoag,RI,02859,2025-05-06,Health,F,Nutrition and Dietary Deficiencies,0812,"Procure food from sources approved or considered satisfactory and store, prepare, distribute and serve food in accordance with professional standards.",F,"Deficient, Provider has date of correction",2025-06-05,1,Y,N,N,N,N,"14 Rock Avenue,Pascoag,RI,02859",2026-06-01
415045,Overlook Nursing and Rehabilitation Center,14 Rock Avenue,Pascoag,RI,02859,2025-05-06,Health,F,Resident Assessment and Care Planning Deficiencies,0842,Safeguard resident-identifiable information and/or maintain medical records on each resident that are in accordance with accepted professional standards.,D,"Deficient, Provider has date of correction",2025-06-05,1,Y,N,N,N,N,"14 Rock Avenue,Pascoag,RI,02859",2026-06-01
415045,Overlook Nursing and Rehabilitation Center,14 Rock Avenue,Pascoag,RI,02859,2025-05-06,Health,F,Infection Control Deficiencies,0881,Implement a program that monitors antibiotic use.,E,"Deficient, Provider has date of correction",2025-06-05,1,Y,N,N,N,N,"14 Rock Avenue,Pascoag,RI,02859",2026-06-01
415045,Overlook Nursing and Rehabilitation Center,14 Rock Avenue,Pascoag,RI,02859,2025-05-06,Health,F,Infection Control Deficiencies,0883,Develop and implement policies and procedures for flu and pneumonia vaccinations.,E,"Deficient, Provider has date of correction",2025-06-05,1,Y,N,N,N,N,"14 Rock Avenue,Pascoag,RI,02859",2026-06-01
415045,Overlook Nursing and Rehabilitation Center,14 Rock Avenue,Pascoag,RI,02859,2025-03-31,Health,F,Resident Assessment and Care Planning Deficiencies,0658,Ensure services provided by the nursing facility meet professional standards of quality.,D,"Deficient, Provider has date of correction",2025-04-30,2,N,Y,N,N,N,"14 Rock Avenue,Pascoag,RI,02859",2026-06-01
415045,Overlook Nursing and Rehabilitation Center,14 Rock Avenue,Pascoag,RI,02859,2024-06-14,Health,F,Resident Rights Deficiencies,0578,"Honor the resident's right to request, refuse, and/or discontinue treatment, to participate in or refuse to participate in experimental research, and to formulate an advance directive.",D,"Deficient, Provider has date of correction",2024-07-14,2,Y,N,N,N,N,"14 Rock Avenue,Pascoag,RI,02859",2026-06-01
415045,Overlook Nursing and Rehabilitation Center,14 Rock Avenue,Pascoag,RI,02859,2024-06-14,Health,F,Resident Assessment and Care Planning Deficiencies,0658,Ensure services provided by the nursing facility meet professional standards of quality.,E,"Deficient, Provider has date of correction",2024-07-14,2,Y,N,N,N,N,"14 Rock Avenue,Pascoag,RI,02859",2026-06-01
415045,Overlook Nursing and Rehabilitation Center,14 Rock Avenue,Pascoag,RI,02859,2024-06-14,Health,F,Nutrition and Dietary Deficiencies,0806,"Ensure each resident receives and the facility provides food that accommodates resident allergies, intolerances, and preferences, as well as appealing options.",D,"Deficient, Provider has date of correction",2024-07-14,2,Y,N,N,N,N,"14 Rock Avenue,Pascoag,RI,02859",2026-06-01
415045,Overlook Nursing and Rehabilitation Center,14 Rock Avenue,Pascoag,RI,02859,2023-09-14,Health,F,Resident Assessment and Care Planning Deficiencies,0657,"Develop the complete care plan within 7 days of the comprehensive assessment; and prepared, reviewed, and revised by a team of health professionals.",D,"Deficient, Provider has date of correction",2023-10-06,3,N,Y,N,N,N,"14 Rock Avenue,Pascoag,RI,02859",2026-06-01
415045,Overlook Nursing and Rehabilitation Center,14 Rock Avenue,Pascoag,RI,02859,2023-05-25,Health,F,Resident Assessment and Care Planning Deficiencies,0656,"Develop and implement a complete care plan that meets all the resident's needs, with timetables and actions that can be measured.",D,"Deficient, Provider has date of correction",2023-06-24,3,Y,N,N,N,N,"14 Rock Avenue,Pascoag,RI,02859",2026-06-01
415045,Overlook Nursing and Rehabilitation Center,14 Rock Avenue,Pascoag,RI,02859,2023-05-25,Health,F,Resident Assessment and Care Planning Deficiencies,0658,Ensure services provided by the nursing facility meet professional standards of quality.,E,"Deficient, Provider has date of correction",2023-06-24,3,Y,N,N,N,N,"14 Rock Avenue,Pascoag,RI,02859",2026-06-01
415045,Overlook Nursing and Rehabilitation Center,14 Rock Avenue,Pascoag,RI,02859,2023-05-25,Health,F,Pharmacy Service Deficiencies,0758,"Implement gradual dose reductions(GDR) and non-pharmacological interventions, unless contraindicated, prior to initiating or instead of continuing psychotropic medication; and PRN orders for psychotropic medications are only used when the medication is necessary and PRN use is limited.",D,"Deficient, Provider has date of correction",2023-06-24,3,Y,N,N,N,N,"14 Rock Avenue,Pascoag,RI,02859",2026-06-01
415045,Overlook Nursing and Rehabilitation Center,14 Rock Avenue,Pascoag,RI,02859,2023-05-25,Health,F,Resident Assessment and Care Planning Deficiencies,0842,Safeguard resident-identifiable information and/or maintain medical records on each resident that are in accordance with accepted professional standards.,D,"Deficient, Provider has date of correction",2023-06-24,3,Y,N,N,N,N,"14 Rock Avenue,Pascoag,RI,02859",2026-06-01
415045,Overlook Nursing and Rehabilitation Center,14 Rock Avenue,Pascoag,RI,02859,2023-05-25,Health,F,Infection Control Deficiencies,0880,Provide and implement an infection prevention and control program.,D,"Deficient, Provider has date of correction",2023-06-24,3,Y,N,N,N,N,"14 Rock Avenue,Pascoag,RI,02859",2026-06-01
415049,Cedar Haven Operations LLC DBA Lake Forrest Health,180 Log Road,Smithfield,RI,02917,2026-03-25,Health,F,Resident Assessment and Care Planning Deficiencies,0658,Ensure services provided by the nursing facility meet professional standards of quality.,D,"Deficient, Provider has date of correction",2026-04-10,1,N,Y,N,N,N,"180 Log Road,Smithfield,RI,02917",2026-06-01
415049,Cedar Haven Operations LLC DBA Lake Forrest Health,180 Log Road,Smithfield,RI,02917,2025-12-01,Health,F,Resident Rights Deficiencies,0550,"Honor the resident's right to a dignified existence, self-determination, communication, and to exercise his or her rights.",D,"Deficient, Provider has date of correction",2025-12-23,1,N,Y,N,N,N,"180 Log Road,Smithfield,RI,02917",2026-06-01
415049,Cedar Haven Operations LLC DBA Lake Forrest Health,180 Log Road,Smithfield,RI,02917,2025-12-01,Health,F,Infection Control Deficiencies,0880,Provide and implement an infection prevention and control program.,D,"Deficient, Provider has date of correction",2025-12-23,1,N,Y,N,N,N,"180 Log Road,Smithfield,RI,02917",2026-06-01
415049,Cedar Haven Operations LLC DBA Lake Forrest Health,180 Log Road,Smithfield,RI,02917,2025-11-25,Health,F,"Freedom from Abuse, Neglect, and Exploitation Deficiencies",0600,"Protect each resident from all types of abuse such as physical, mental, sexual abuse, physical punishment, and neglect by anybody.",D,"Deficient, Provider has date of correction",2025-12-23,1,N,Y,N,N,N,"180 Log Road,Smithfield,RI,02917",2026-06-01
415049,Cedar Haven Operations LLC DBA Lake Forrest Health,180 Log Road,Smithfield,RI,02917,2025-11-25,Health,F,Nursing and Physician Services Deficiencies,0726,Ensure that nurses and nurse aides have the appropriate competencies to care for every resident in a way that maximizes each resident's well being.,J,"Deficient, Provider has date of correction",2025-12-23,1,N,Y,N,N,N,"180 Log Road,Smithfield,RI,02917",2026-06-01
415049,Cedar Haven Operations LLC DBA Lake Forrest Health,180 Log Road,Smithfield,RI,02917,2025-11-25,Health,F,Pharmacy Service Deficiencies,0760,Ensure that residents are free from significant medication errors.,J,"Deficient, Provider has date of correction",2025-12-23,1,N,Y,N,N,N,"180 Log Road,Smithfield,RI,02917",2026-06-01
415049,Cedar Haven Operations LLC DBA Lake Forrest Health,180 Log Road,Smithfield,RI,02917,2026-01-02,Health,F,Resident Assessment and Care Planning Deficiencies,0658,Ensure services provided by the nursing facility meet professional standards of quality.,D,"Deficient, Provider has date of correction",2026-02-01,1,Y,N,N,N,N,"180 Log Road,Smithfield,RI,02917",2026-06-01
415049,Cedar Haven Operations LLC DBA Lake Forrest Health,180 Log Road,Smithfield,RI,02917,2026-01-02,Health,F,Quality of Life and Care Deficiencies,0684,"Provide appropriate treatment and care according to orders, resident’s preferences and goals.",E,"Deficient, Provider has date of correction",2026-02-01,1,Y,N,N,N,N,"180 Log Road,Smithfield,RI,02917",2026-06-01
415049,Cedar Haven Operations LLC DBA Lake Forrest Health,180 Log Road,Smithfield,RI,02917,2026-01-02,Health,F,Quality of Life and Care Deficiencies,0689,Ensure that a nursing home area is free from accident hazards and provides adequate supervision to prevent accidents.,D,"Deficient, Provider has date of correction",2026-02-01,1,Y,N,N,N,N,"180 Log Road,Smithfield,RI,02917",2026-06-01
415049,Cedar Haven Operations LLC DBA Lake Forrest Health,180 Log Road,Smithfield,RI,02917,2026-01-02,Health,F,Quality of Life and Care Deficiencies,0695,Provide safe and appropriate respiratory care for a resident when needed.,D,"Deficient, Provider has date of correction",2026-02-01,1,Y,N,N,N,N,"180 Log Road,Smithfield,RI,02917",2026-06-01
415049,Cedar Haven Operations LLC DBA Lake Forrest Health,180 Log Road,Smithfield,RI,02917,2026-01-02,Health,F,Quality of Life and Care Deficiencies,0697,"Provide safe, appropriate pain management for a resident who requires such services.",D,"Deficient, Provider has date of correction",2026-02-01,1,Y,N,N,N,N,"180 Log Road,Smithfield,RI,02917",2026-06-01
415049,Cedar Haven Operations LLC DBA Lake Forrest Health,180 Log Road,Smithfield,RI,02917,2026-01-02,Health,F,Pharmacy Service Deficiencies,0760,Ensure that residents are free from significant medication errors.,D,"Deficient, Provider has date of correction",2026-02-01,1,Y,N,N,N,N,"180 Log Road,Smithfield,RI,02917",2026-06-01
415049,Cedar Haven Operations LLC DBA Lake Forrest Health,180 Log Road,Smithfield,RI,02917,2026-01-02,Health,F,Resident Assessment and Care Planning Deficiencies,0842,Safeguard resident-identifiable information and/or maintain medical records on each resident that are in accordance with accepted professional standards.,D,"Deficient, Provider has date of correction",2026-02-01,1,Y,N,N,N,N,"180 Log Road,Smithfield,RI,02917",2026-06-01
415049,Cedar Haven Operations LLC DBA Lake Forrest Health,180 Log Road,Smithfield,RI,02917,2026-01-02,Health,F,Infection Control Deficiencies,0880,Provide and implement an infection prevention and control program.,F,"Deficient, Provider has date of correction",2026-02-01,1,Y,N,N,N,N,"180 Log Road,Smithfield,RI,02917",2026-06-01
415049,Cedar Haven Operations LLC DBA Lake Forrest Health,180 Log Road,Smithfield,RI,02917,2026-01-02,Health,F,Administration Deficiencies,0940,"Develop, implement, and/or maintain an effective training program for all new and existing staff members.",E,"Deficient, Provider has date of correction",2026-02-01,1,Y,N,N,N,N,"180 Log Road,Smithfield,RI,02917",2026-06-01
415049,Cedar Haven Operations LLC DBA Lake Forrest Health,180 Log Road,Smithfield,RI,02917,2025-03-25,Health,F,Resident Assessment and Care Planning Deficiencies,0658,Ensure services provided by the nursing facility meet professional standards of quality.,D,"Deficient, Provider has date of correction",2025-04-24,2,N,Y,N,N,N,"180 Log Road,Smithfield,RI,02917",2026-06-01
415049,Cedar Haven Operations LLC DBA Lake Forrest Health,180 Log Road,Smithfield,RI,02917,2025-03-11,Health,F,Pharmacy Service Deficiencies,0760,Ensure that residents are free from significant medication errors.,D,"Deficient, Provider has date of correction",2025-04-10,2,N,Y,N,N,N,"180 Log Road,Smithfield,RI,02917",2026-06-01
415049,Cedar Haven Operations LLC DBA Lake Forrest Health,180 Log Road,Smithfield,RI,02917,2024-12-31,Health,F,Resident Assessment and Care Planning Deficiencies,0658,Ensure services provided by the nursing facility meet professional standards of quality.,D,"Deficient, Provider has date of correction",2025-01-17,2,N,Y,N,N,N,"180 Log Road,Smithfield,RI,02917",2026-06-01
415049,Cedar Haven Operations LLC DBA Lake Forrest Health,180 Log Road,Smithfield,RI,02917,2024-12-31,Health,F,Resident Assessment and Care Planning Deficiencies,0842,Safeguard resident-identifiable information and/or maintain medical records on each resident that are in accordance with accepted professional standards.,D,"Deficient, Provider has date of correction",2025-01-17,2,N,Y,N,N,N,"180 Log Road,Smithfield,RI,02917",2026-06-01
415049,Cedar Haven Operations LLC DBA Lake Forrest Health,180 Log Road,Smithfield,RI,02917,2024-08-14,Health,F,"Freedom from Abuse, Neglect, and Exploitation Deficiencies",0600,"Protect each resident from all types of abuse such as physical, mental, sexual abuse, physical punishment, and neglect by anybody.",D,"Deficient, Provider has date of correction",2024-09-06,2,N,Y,N,N,N,"180 Log Road,Smithfield,RI,02917",2026-06-01
415049,Cedar Haven Operations LLC DBA Lake Forrest Health,180 Log Road,Smithfield,RI,02917,2024-07-22,Health,F,Resident Rights Deficiencies,0550,"Honor the resident's right to a dignified existence, self-determination, communication, and to exercise his or her rights.",D,"Deficient, Provider has date of correction",2024-08-09,2,N,Y,N,N,N,"180 Log Road,Smithfield,RI,02917",2026-06-01
415049,Cedar Haven Operations LLC DBA Lake Forrest Health,180 Log Road,Smithfield,RI,02917,2024-07-22,Health,F,Resident Rights Deficiencies,0561,Honor the resident's right to and the facility must promote and facilitate resident self-determination through support of resident choice.,D,"Deficient, Provider has date of correction",2024-08-09,2,N,Y,N,N,N,"180 Log Road,Smithfield,RI,02917",2026-06-01
415049,Cedar Haven Operations LLC DBA Lake Forrest Health,180 Log Road,Smithfield,RI,02917,2024-07-17,Health,F,Quality of Life and Care Deficiencies,0689,Ensure that a nursing home area is free from accident hazards and provides adequate supervision to prevent accidents.,J,"Deficient, Provider has date of correction",2024-07-24,2,N,Y,N,N,N,"180 Log Road,Smithfield,RI,02917",2026-06-01
415049,Cedar Haven Operations LLC DBA Lake Forrest Health,180 Log Road,Smithfield,RI,02917,2024-06-24,Health,F,"Freedom from Abuse, Neglect, and Exploitation Deficiencies",0600,"Protect each resident from all types of abuse such as physical, mental, sexual abuse, physical punishment, and neglect by anybody.",J,"Deficient, Provider has date of correction",2024-07-24,2,N,Y,N,N,N,"180 Log Road,Smithfield,RI,02917",2026-06-01
415049,Cedar Haven Operations LLC DBA Lake Forrest Health,180 Log Road,Smithfield,RI,02917,2024-06-24,Health,F,Quality of Life and Care Deficiencies,0679,Provide activities to meet all resident's needs.,E,"Deficient, Provider has date of correction",2024-07-24,2,N,Y,N,N,N,"180 Log Road,Smithfield,RI,02917",2026-06-01
415049,Cedar Haven Operations LLC DBA Lake Forrest Health,180 Log Road,Smithfield,RI,02917,2024-06-04,Health,F,Quality of Life and Care Deficiencies,0684,"Provide appropriate treatment and care according to orders, resident’s preferences and goals.",H,"Deficient, Provider has date of correction",2024-07-04,2,N,Y,N,N,N,"180 Log Road,Smithfield,RI,02917",2026-06-01
415049,Cedar Haven Operations LLC DBA Lake Forrest Health,180 Log Road,Smithfield,RI,02917,2024-10-10,Health,F,Quality of Life and Care Deficiencies,0684,"Provide appropriate treatment and care according to orders, resident’s preferences and goals.",E,"Deficient, Provider has date of correction",2024-11-09,2,Y,N,N,N,N,"180 Log Road,Smithfield,RI,02917",2026-06-01
415049,Cedar Haven Operations LLC DBA Lake Forrest Health,180 Log Road,Smithfield,RI,02917,2024-10-10,Health,F,Pharmacy Service Deficiencies,0760,Ensure that residents are free from significant medication errors.,D,"Deficient, Provider has date of correction",2024-11-09,2,Y,N,N,N,N,"180 Log Road,Smithfield,RI,02917",2026-06-01
415049,Cedar Haven Operations LLC DBA Lake Forrest Health,180 Log Road,Smithfield,RI,02917,2024-10-10,Health,F,Infection Control Deficiencies,0880,Provide and implement an infection prevention and control program.,E,"Deficient, Provider has date of correction",2024-11-09,2,Y,N,N,N,N,"180 Log Road,Smithfield,RI,02917",2026-06-01
415049,Cedar Haven Operations LLC DBA Lake Forrest Health,180 Log Road,Smithfield,RI,02917,2024-10-10,Health,F,Resident Assessment and Care Planning Deficiencies,0658,Ensure services provided by the nursing facility meet professional standards of quality.,E,"Deficient, Provider has date of correction",2024-11-09,2,Y,Y,N,N,N,"180 Log Road,Smithfield,RI,02917",2026-06-01
415049,Cedar Haven Operations LLC DBA Lake Forrest Health,180 Log Road,Smithfield,RI,02917,2024-10-10,Health,F,Quality of Life and Care Deficiencies,0689,Ensure that a nursing home area is free from accident hazards and provides adequate supervision to prevent accidents.,D,"Deficient, Provider has date of correction",2024-11-09,2,Y,Y,N,N,N,"180 Log Road,Smithfield,RI,02917",2026-06-01
415049,Cedar Haven Operations LLC DBA Lake Forrest Health,180 Log Road,Smithfield,RI,02917,2024-05-01,Health,F,Environmental Deficiencies,0921,"Make sure that the nursing home area is safe, easy to use, clean and comfortable for residents, staff and the public.",F,"Deficient, Provider has date of correction",2024-07-24,3,N,Y,N,N,N,"180 Log Road,Smithfield,RI,02917",2026-06-01
415049,Cedar Haven Operations LLC DBA Lake Forrest Health,180 Log Road,Smithfield,RI,02917,2023-09-07,Health,F,Quality of Life and Care Deficiencies,0689,Ensure that a nursing home area is free from accident hazards and provides adequate supervision to prevent accidents.,F,"Deficient, Provider has date of correction",2023-09-19,3,N,Y,N,N,N,"180 Log Road,Smithfield,RI,02917",2026-06-01
415049,Cedar Haven Operations LLC DBA Lake Forrest Health,180 Log Road,Smithfield,RI,02917,2023-08-23,Health,F,Resident Rights Deficiencies,0584,"Honor the resident's right to a safe, clean, comfortable and homelike environment, including but not limited to receiving treatment and supports for daily living safely.",D,"Deficient, Provider has date of correction",2023-11-09,3,N,Y,N,N,N,"180 Log Road,Smithfield,RI,02917",2026-06-01
415049,Cedar Haven Operations LLC DBA Lake Forrest Health,180 Log Road,Smithfield,RI,02917,2023-07-05,Health,F,Quality of Life and Care Deficiencies,0689,Ensure that a nursing home area is free from accident hazards and provides adequate supervision to prevent accidents.,J,"Deficient, Provider has date of correction",2023-08-04,3,N,Y,N,N,N,"180 Log Road,Smithfield,RI,02917",2026-06-01
415049,Cedar Haven Operations LLC DBA Lake Forrest Health,180 Log Road,Smithfield,RI,02917,2023-07-05,Health,F,Resident Assessment and Care Planning Deficiencies,0842,Safeguard resident-identifiable information and/or maintain medical records on each resident that are in accordance with accepted professional standards.,E,"Deficient, Provider has date of correction",2023-08-04,3,N,Y,N,N,N,"180 Log Road,Smithfield,RI,02917",2026-06-01
415049,Cedar Haven Operations LLC DBA Lake Forrest Health,180 Log Road,Smithfield,RI,02917,2023-06-29,Health,F,Resident Rights Deficiencies,0584,"Honor the resident's right to a safe, clean, comfortable and homelike environment, including but not limited to receiving treatment and supports for daily living safely.",D,"Deficient, Provider has date of correction",2023-07-21,3,N,Y,N,N,N,"180 Log Road,Smithfield,RI,02917",2026-06-01
415049,Cedar Haven Operations LLC DBA Lake Forrest Health,180 Log Road,Smithfield,RI,02917,2023-10-19,Health,F,Resident Assessment and Care Planning Deficiencies,0658,Ensure services provided by the nursing facility meet professional standards of quality.,D,"Deficient, Provider has date of correction",2023-11-18,3,Y,N,N,N,N,"180 Log Road,Smithfield,RI,02917",2026-06-01
415049,Cedar Haven Operations LLC DBA Lake Forrest Health,180 Log Road,Smithfield,RI,02917,2023-10-19,Health,F,Quality of Life and Care Deficiencies,0679,Provide activities to meet all resident's needs.,E,"Deficient, Provider has date of correction",2023-11-18,3,Y,N,N,N,N,"180 Log Road,Smithfield,RI,02917",2026-06-01
415049,Cedar Haven Operations LLC DBA Lake Forrest Health,180 Log Road,Smithfield,RI,02917,2023-10-19,Health,F,Quality of Life and Care Deficiencies,0695,Provide safe and appropriate respiratory care for a resident when needed.,E,"Deficient, Provider has date of correction",2023-11-18,3,Y,N,N,N,N,"180 Log Road,Smithfield,RI,02917",2026-06-01
415049,Cedar Haven Operations LLC DBA Lake Forrest Health,180 Log Road,Smithfield,RI,02917,2023-10-19,Health,F,Pharmacy Service Deficiencies,0757,Ensure each resident’s drug regimen must be free from unnecessary drugs.,D,"Deficient, Provider has date of correction",2023-11-18,3,Y,N,N,N,N,"180 Log Road,Smithfield,RI,02917",2026-06-01
415049,Cedar Haven Operations LLC DBA Lake Forrest Health,180 Log Road,Smithfield,RI,02917,2023-10-19,Health,F,Administration Deficiencies,0773,Provide or obtain laboratory tests/services when ordered and promptly tell the ordering practitioner of the results.,D,"Deficient, Provider has date of correction",2023-11-18,3,Y,N,N,N,N,"180 Log Road,Smithfield,RI,02917",2026-06-01
415049,Cedar Haven Operations LLC DBA Lake Forrest Health,180 Log Road,Smithfield,RI,02917,2023-10-19,Health,F,Infection Control Deficiencies,0880,Provide and implement an infection prevention and control program.,E,"Deficient, Provider has date of correction",2023-11-18,3,Y,N,N,N,N,"180 Log Road,Smithfield,RI,02917",2026-06-01
415049,Cedar Haven Operations LLC DBA Lake Forrest Health,180 Log Road,Smithfield,RI,02917,2023-10-19,Health,F,Infection Control Deficiencies,0883,Develop and implement policies and procedures for flu and pneumonia vaccinations.,E,"Deficient, Provider has date of correction",2023-11-18,3,Y,N,N,N,N,"180 Log Road,Smithfield,RI,02917",2026-06-01
415049,Cedar Haven Operations LLC DBA Lake Forrest Health,180 Log Road,Smithfield,RI,02917,2023-10-19,Health,F,Environmental Deficiencies,0921,"Make sure that the nursing home area is safe, easy to use, clean and comfortable for residents, staff and the public.",E,"Deficient, Provider has date of correction",2023-11-18,3,Y,N,N,N,N,"180 Log Road,Smithfield,RI,02917",2026-06-01
415050,The Dawn Hill Home for Rehab and Healthcare,One Dawn Hill Road,Bristol,RI,02809,2026-03-24,Health,F,Resident Rights Deficiencies,0580,"Immediately tell the resident, the resident's doctor, and a family member of situations (injury/decline/room, etc.)  that affect the resident.",D,"Deficient, Provider has date of correction",2026-04-17,1,N,Y,N,N,N,"One Dawn Hill Road,Bristol,RI,02809",2026-06-01
415050,The Dawn Hill Home for Rehab and Healthcare,One Dawn Hill Road,Bristol,RI,02809,2026-03-24,Health,F,"Freedom from Abuse, Neglect, and Exploitation Deficiencies",0609,"Timely report suspected abuse, neglect, or theft and report the results of the investigation to proper authorities.",D,"Deficient, Provider has date of correction",2026-04-17,1,N,Y,N,N,N,"One Dawn Hill Road,Bristol,RI,02809",2026-06-01
415050,The Dawn Hill Home for Rehab and Healthcare,One Dawn Hill Road,Bristol,RI,02809,2026-03-24,Health,F,"Freedom from Abuse, Neglect, and Exploitation Deficiencies",0610,Respond appropriately to all alleged violations.,D,"Deficient, Provider has date of correction",2026-04-17,1,N,Y,N,N,N,"One Dawn Hill Road,Bristol,RI,02809",2026-06-01
415050,The Dawn Hill Home for Rehab and Healthcare,One Dawn Hill Road,Bristol,RI,02809,2026-02-05,Health,F,Resident Assessment and Care Planning Deficiencies,0658,Ensure services provided by the nursing facility meet professional standards of quality.,D,"Deficient, Provider has date of correction",2026-03-07,1,N,Y,N,N,N,"One Dawn Hill Road,Bristol,RI,02809",2026-06-01
415050,The Dawn Hill Home for Rehab and Healthcare,One Dawn Hill Road,Bristol,RI,02809,2026-02-05,Health,F,Nutrition and Dietary Deficiencies,0806,"Ensure each resident receives and the facility provides food that accommodates resident allergies, intolerances, and preferences, as well as appealing options.",D,"Deficient, Provider has date of correction",2026-03-07,1,N,Y,N,N,N,"One Dawn Hill Road,Bristol,RI,02809",2026-06-01
415050,The Dawn Hill Home for Rehab and Healthcare,One Dawn Hill Road,Bristol,RI,02809,2025-06-05,Health,F,Pharmacy Service Deficiencies,0757,Ensure each resident’s drug regimen must be free from unnecessary drugs.,E,"Deficient, Provider has date of correction",2025-07-05,1,N,Y,N,N,N,"One Dawn Hill Road,Bristol,RI,02809",2026-06-01
415050,The Dawn Hill Home for Rehab and Healthcare,One Dawn Hill Road,Bristol,RI,02809,2024-12-19,Health,F,Resident Assessment and Care Planning Deficiencies,0658,Ensure services provided by the nursing facility meet professional standards of quality.,D,"Deficient, Provider has date of correction",2025-01-18,1,Y,N,N,N,N,"One Dawn Hill Road,Bristol,RI,02809",2026-06-01
415050,The Dawn Hill Home for Rehab and Healthcare,One Dawn Hill Road,Bristol,RI,02809,2024-12-19,Health,F,Quality of Life and Care Deficiencies,0690,"Provide appropriate care for residents who are continent or incontinent of bowel/bladder, appropriate catheter care,  and appropriate care  to prevent urinary tract infections.",D,"Deficient, Provider has date of correction",2025-01-18,1,Y,N,N,N,N,"One Dawn Hill Road,Bristol,RI,02809",2026-06-01
415050,The Dawn Hill Home for Rehab and Healthcare,One Dawn Hill Road,Bristol,RI,02809,2024-12-19,Health,F,Pharmacy Service Deficiencies,0761,"Ensure drugs and biologicals used in the facility are labeled in accordance with currently accepted professional principles; and all drugs and biologicals must be stored in locked compartments, separately locked, compartments for controlled drugs.",E,"Deficient, Provider has date of correction",2025-01-18,1,Y,N,N,N,N,"One Dawn Hill Road,Bristol,RI,02809",2026-06-01
415050,The Dawn Hill Home for Rehab and Healthcare,One Dawn Hill Road,Bristol,RI,02809,2024-12-19,Health,F,Resident Assessment and Care Planning Deficiencies,0842,Safeguard resident-identifiable information and/or maintain medical records on each resident that are in accordance with accepted professional standards.,D,"Deficient, Provider has date of correction",2025-01-18,1,Y,N,N,N,N,"One Dawn Hill Road,Bristol,RI,02809",2026-06-01
415050,The Dawn Hill Home for Rehab and Healthcare,One Dawn Hill Road,Bristol,RI,02809,2024-12-19,Health,F,Environmental Deficiencies,0919,Make sure that a working call system is available in each resident's  bathroom and bathing area.,D,"Deficient, Provider has date of correction",2025-01-18,1,Y,N,N,N,N,"One Dawn Hill Road,Bristol,RI,02809",2026-06-01
415050,The Dawn Hill Home for Rehab and Healthcare,One Dawn Hill Road,Bristol,RI,02809,2025-03-13,Health,F,Quality of Life and Care Deficiencies,0697,"Provide safe, appropriate pain management for a resident who requires such services.",D,"Deficient, Provider has date of correction",2025-04-12,2,N,Y,N,N,N,"One Dawn Hill Road,Bristol,RI,02809",2026-06-01
415050,The Dawn Hill Home for Rehab and Healthcare,One Dawn Hill Road,Bristol,RI,02809,2025-03-13,Health,F,Pharmacy Service Deficiencies,0760,Ensure that residents are free from significant medication errors.,D,"Deficient, Provider has date of correction",2025-04-12,2,N,Y,N,N,N,"One Dawn Hill Road,Bristol,RI,02809",2026-06-01
415050,The Dawn Hill Home for Rehab and Healthcare,One Dawn Hill Road,Bristol,RI,02809,2025-03-13,Health,F,Resident Assessment and Care Planning Deficiencies,0842,Safeguard resident-identifiable information and/or maintain medical records on each resident that are in accordance with accepted professional standards.,D,"Deficient, Provider has date of correction",2025-04-12,2,N,Y,N,N,N,"One Dawn Hill Road,Bristol,RI,02809",2026-06-01
415050,The Dawn Hill Home for Rehab and Healthcare,One Dawn Hill Road,Bristol,RI,02809,2025-01-28,Health,F,Resident Assessment and Care Planning Deficiencies,0658,Ensure services provided by the nursing facility meet professional standards of quality.,D,"Deficient, Provider has date of correction",2025-02-27,2,N,Y,N,N,N,"One Dawn Hill Road,Bristol,RI,02809",2026-06-01
415050,The Dawn Hill Home for Rehab and Healthcare,One Dawn Hill Road,Bristol,RI,02809,2024-12-10,Health,F,Resident Assessment and Care Planning Deficiencies,0658,Ensure services provided by the nursing facility meet professional standards of quality.,E,"Deficient, Provider has date of correction",2025-01-09,2,N,Y,N,N,N,"One Dawn Hill Road,Bristol,RI,02809",2026-06-01
415050,The Dawn Hill Home for Rehab and Healthcare,One Dawn Hill Road,Bristol,RI,02809,2024-10-31,Health,F,Resident Assessment and Care Planning Deficiencies,0635,Provide doctor's orders for the resident's immediate care at the time the resident was admitted.,G,"Deficient, Provider has date of correction",2024-11-30,2,N,Y,N,N,N,"One Dawn Hill Road,Bristol,RI,02809",2026-06-01
415050,The Dawn Hill Home for Rehab and Healthcare,One Dawn Hill Road,Bristol,RI,02809,2024-10-15,Health,F,Resident Rights Deficiencies,0550,"Honor the resident's right to a dignified existence, self-determination, communication, and to exercise his or her rights.",D,"Deficient, Provider has date of correction",2024-11-14,2,N,Y,N,N,N,"One Dawn Hill Road,Bristol,RI,02809",2026-06-01
415050,The Dawn Hill Home for Rehab and Healthcare,One Dawn Hill Road,Bristol,RI,02809,2024-10-15,Health,F,Pharmacy Service Deficiencies,0760,Ensure that residents are free from significant medication errors.,D,"Deficient, Provider has date of correction",2024-11-14,2,N,Y,N,N,N,"One Dawn Hill Road,Bristol,RI,02809",2026-06-01
415050,The Dawn Hill Home for Rehab and Healthcare,One Dawn Hill Road,Bristol,RI,02809,2024-10-15,Health,F,Resident Assessment and Care Planning Deficiencies,0842,Safeguard resident-identifiable information and/or maintain medical records on each resident that are in accordance with accepted professional standards.,D,"Deficient, Provider has date of correction",2024-11-14,2,N,Y,N,N,N,"One Dawn Hill Road,Bristol,RI,02809",2026-06-01
415050,The Dawn Hill Home for Rehab and Healthcare,One Dawn Hill Road,Bristol,RI,02809,2024-10-15,Health,F,Administration Deficiencies,0849,Arrange for the provision of hospice services or assist the resident in transferring to a facility that will arrange for the provision of hospice services.,D,"Deficient, Provider has date of correction",2024-11-14,2,N,Y,N,N,N,"One Dawn Hill Road,Bristol,RI,02809",2026-06-01
415050,The Dawn Hill Home for Rehab and Healthcare,One Dawn Hill Road,Bristol,RI,02809,2024-07-19,Health,F,"Freedom from Abuse, Neglect, and Exploitation Deficiencies",0600,"Protect each resident from all types of abuse such as physical, mental, sexual abuse, physical punishment, and neglect by anybody.",D,"Deficient, Provider has date of correction",2024-08-18,2,N,Y,N,N,N,"One Dawn Hill Road,Bristol,RI,02809",2026-06-01
415050,The Dawn Hill Home for Rehab and Healthcare,One Dawn Hill Road,Bristol,RI,02809,2024-01-22,Health,F,Resident Assessment and Care Planning Deficiencies,0658,Ensure services provided by the nursing facility meet professional standards of quality.,D,"Deficient, Provider has date of correction",2024-02-13,2,Y,N,N,N,N,"One Dawn Hill Road,Bristol,RI,02809",2026-06-01
415050,The Dawn Hill Home for Rehab and Healthcare,One Dawn Hill Road,Bristol,RI,02809,2024-01-22,Health,F,Nutrition and Dietary Deficiencies,0805,Ensure each resident receives and the facility provides food prepared in a form designed to meet individual needs.,D,"Deficient, Provider has date of correction",2024-02-13,2,Y,N,N,N,N,"One Dawn Hill Road,Bristol,RI,02809",2026-06-01
415050,The Dawn Hill Home for Rehab and Healthcare,One Dawn Hill Road,Bristol,RI,02809,2024-01-22,Health,F,Nutrition and Dietary Deficiencies,0810,Provide special eating equipment and utensils for residents who need them and appropriate assistance.,D,"Deficient, Provider has date of correction",2024-02-13,2,Y,N,N,N,N,"One Dawn Hill Road,Bristol,RI,02809",2026-06-01
415050,The Dawn Hill Home for Rehab and Healthcare,One Dawn Hill Road,Bristol,RI,02809,2024-01-22,Health,F,Nutrition and Dietary Deficiencies,0812,"Procure food from sources approved or considered satisfactory and store, prepare, distribute and serve food in accordance with professional standards.",F,"Deficient, Provider has date of correction",2024-02-13,2,Y,N,N,N,N,"One Dawn Hill Road,Bristol,RI,02809",2026-06-01
415050,The Dawn Hill Home for Rehab and Healthcare,One Dawn Hill Road,Bristol,RI,02809,2024-01-22,Health,F,Resident Assessment and Care Planning Deficiencies,0842,Safeguard resident-identifiable information and/or maintain medical records on each resident that are in accordance with accepted professional standards.,D,"Deficient, Provider has date of correction",2024-02-13,2,Y,N,N,N,N,"One Dawn Hill Road,Bristol,RI,02809",2026-06-01
415050,The Dawn Hill Home for Rehab and Healthcare,One Dawn Hill Road,Bristol,RI,02809,2024-01-22,Health,F,Infection Control Deficiencies,0880,Provide and implement an infection prevention and control program.,J,"Deficient, Provider has date of correction",2024-02-13,2,Y,N,N,N,N,"One Dawn Hill Road,Bristol,RI,02809",2026-06-01
415050,The Dawn Hill Home for Rehab and Healthcare,One Dawn Hill Road,Bristol,RI,02809,2023-12-27,Health,F,"Freedom from Abuse, Neglect, and Exploitation Deficiencies",0600,"Protect each resident from all types of abuse such as physical, mental, sexual abuse, physical punishment, and neglect by anybody.",D,"Deficient, Provider has date of correction",2024-01-18,3,N,Y,N,N,N,"One Dawn Hill Road,Bristol,RI,02809",2026-06-01
415050,The Dawn Hill Home for Rehab and Healthcare,One Dawn Hill Road,Bristol,RI,02809,2023-08-08,Health,F,Quality of Life and Care Deficiencies,0686,Provide appropriate pressure ulcer care and prevent new ulcers from developing.,D,"Deficient, Provider has date of correction",2023-09-07,3,N,Y,N,N,N,"One Dawn Hill Road,Bristol,RI,02809",2026-06-01
415050,The Dawn Hill Home for Rehab and Healthcare,One Dawn Hill Road,Bristol,RI,02809,2022-11-17,Health,F,Quality of Life and Care Deficiencies,0686,Provide appropriate pressure ulcer care and prevent new ulcers from developing.,E,"Deficient, Provider has date of correction",2022-12-16,3,Y,N,N,N,N,"One Dawn Hill Road,Bristol,RI,02809",2026-06-01
415050,The Dawn Hill Home for Rehab and Healthcare,One Dawn Hill Road,Bristol,RI,02809,2022-11-17,Health,F,Quality of Life and Care Deficiencies,0695,Provide safe and appropriate respiratory care for a resident when needed.,E,"Deficient, Provider has date of correction",2022-12-16,3,Y,N,N,N,N,"One Dawn Hill Road,Bristol,RI,02809",2026-06-01
415051,SCANDINAVIAN HOME INC,1811 BROAD STREET,CRANSTON,RI,02905,2024-11-07,Health,F,Resident Assessment and Care Planning Deficiencies,0661,"Ensure necessary information is communicated to the resident, and receiving health care provider at the time of a planned discharge.",D,"Deficient, Provider has date of correction",2024-11-14,1,Y,N,N,N,N,"1811 BROAD STREET,CRANSTON,RI,02905",2026-06-01
415051,SCANDINAVIAN HOME INC,1811 BROAD STREET,CRANSTON,RI,02905,2024-11-07,Health,F,Quality of Life and Care Deficiencies,0684,"Provide appropriate treatment and care according to orders, resident’s preferences and goals.",D,"Deficient, Provider has date of correction",2024-11-14,1,Y,N,N,N,N,"1811 BROAD STREET,CRANSTON,RI,02905",2026-06-01
415051,SCANDINAVIAN HOME INC,1811 BROAD STREET,CRANSTON,RI,02905,2023-11-24,Health,F,Resident Assessment and Care Planning Deficiencies,0655,Create and put into place a plan for meeting the resident's most immediate needs within 48 hours of being admitted,D,"Deficient, Provider has date of correction",2023-12-11,2,Y,N,N,N,N,"1811 BROAD STREET,CRANSTON,RI,02905",2026-06-01
415051,SCANDINAVIAN HOME INC,1811 BROAD STREET,CRANSTON,RI,02905,2023-11-24,Health,F,Resident Assessment and Care Planning Deficiencies,0658,Ensure services provided by the nursing facility meet professional standards of quality.,D,"Deficient, Provider has date of correction",2023-12-11,2,Y,N,N,N,N,"1811 BROAD STREET,CRANSTON,RI,02905",2026-06-01
415051,SCANDINAVIAN HOME INC,1811 BROAD STREET,CRANSTON,RI,02905,2023-11-24,Health,F,Quality of Life and Care Deficiencies,0700,"Try different approaches before using a bed rail.  If a bed rail is needed, the facility must (1) assess a resident for safety risk; (2) review these risks and benefits with the resident/representative; (3) get informed consent; and (4) Correctly install and maintain the bed rail.",D,"Deficient, Provider has date of correction",2023-12-11,2,Y,N,N,N,N,"1811 BROAD STREET,CRANSTON,RI,02905",2026-06-01
415051,SCANDINAVIAN HOME INC,1811 BROAD STREET,CRANSTON,RI,02905,2023-11-24,Health,F,Pharmacy Service Deficiencies,0760,Ensure that residents are free from significant medication errors.,D,"Deficient, Provider has date of correction",2023-12-11,2,Y,N,N,N,N,"1811 BROAD STREET,CRANSTON,RI,02905",2026-06-01
415051,SCANDINAVIAN HOME INC,1811 BROAD STREET,CRANSTON,RI,02905,2023-11-24,Health,F,Environmental Deficiencies,0909,"Regularly inspect all bed frames, mattresses, and bed rails (if any) for safety; and all bed rails and mattresses must attach safely to the bed frame.",F,"Deficient, Provider has date of correction",2023-12-11,2,Y,N,N,N,N,"1811 BROAD STREET,CRANSTON,RI,02905",2026-06-01
415051,SCANDINAVIAN HOME INC,1811 BROAD STREET,CRANSTON,RI,02905,2022-09-12,Health,F,Resident Assessment and Care Planning Deficiencies,0656,"Develop and implement a complete care plan that meets all the resident's needs, with timetables and actions that can be measured.",E,"Deficient, Provider has date of correction",2022-10-03,3,Y,N,N,N,N,"1811 BROAD STREET,CRANSTON,RI,02905",2026-06-01
415051,SCANDINAVIAN HOME INC,1811 BROAD STREET,CRANSTON,RI,02905,2022-09-12,Health,F,Quality of Life and Care Deficiencies,0684,"Provide appropriate treatment and care according to orders, resident’s preferences and goals.",D,"Deficient, Provider has date of correction",2022-09-27,3,Y,N,N,N,N,"1811 BROAD STREET,CRANSTON,RI,02905",2026-06-01
415051,SCANDINAVIAN HOME INC,1811 BROAD STREET,CRANSTON,RI,02905,2022-09-12,Health,F,Quality of Life and Care Deficiencies,0692,Provide enough food/fluids to maintain a resident's health.,D,"Deficient, Provider has date of correction",2022-09-27,3,Y,N,N,N,N,"1811 BROAD STREET,CRANSTON,RI,02905",2026-06-01
415051,SCANDINAVIAN HOME INC,1811 BROAD STREET,CRANSTON,RI,02905,2022-09-12,Health,F,Quality of Life and Care Deficiencies,0695,Provide safe and appropriate respiratory care for a resident when needed.,D,"Deficient, Provider has date of correction",2022-09-27,3,Y,N,N,N,N,"1811 BROAD STREET,CRANSTON,RI,02905",2026-06-01
415051,SCANDINAVIAN HOME INC,1811 BROAD STREET,CRANSTON,RI,02905,2022-09-12,Health,F,Pharmacy Service Deficiencies,0756,"Ensure a licensed pharmacist perform a monthly drug regimen review, including the medical chart, following irregularity reporting guidelines in developed policies and procedures.",D,"Deficient, Provider has date of correction",2022-09-28,3,Y,N,N,N,N,"1811 BROAD STREET,CRANSTON,RI,02905",2026-06-01
415051,SCANDINAVIAN HOME INC,1811 BROAD STREET,CRANSTON,RI,02905,2022-09-12,Health,F,Nutrition and Dietary Deficiencies,0805,Ensure each resident receives and the facility provides food prepared in a form designed to meet individual needs.,D,"Deficient, Provider has date of correction",2022-09-20,3,Y,N,N,N,N,"1811 BROAD STREET,CRANSTON,RI,02905",2026-06-01
415053,Cherry Hill Manor,2 Cherry Hill Road,Johnston,RI,02919,2026-04-20,Health,F,Quality of Life and Care Deficiencies,0684,"Provide appropriate treatment and care according to orders, resident’s preferences and goals.",G,"Deficient, Provider has plan of correction",2026-05-05,1,N,Y,N,Y,N,"2 Cherry Hill Road,Johnston,RI,02919",2026-06-01
415053,Cherry Hill Manor,2 Cherry Hill Road,Johnston,RI,02919,2026-01-08,Health,F,Resident Rights Deficiencies,0569,"Notify each resident of certain balances and convey resident funds upon discharge, eviction, or death.",E,"Deficient, Provider has date of correction",2026-01-26,1,Y,N,N,N,N,"2 Cherry Hill Road,Johnston,RI,02919",2026-06-01
415053,Cherry Hill Manor,2 Cherry Hill Road,Johnston,RI,02919,2026-01-08,Health,F,Resident Rights Deficiencies,0577,Allow residents to easily view the nursing home's survey results and communicate with advocate agencies.,D,"Deficient, Provider has date of correction",2026-01-26,1,Y,N,N,N,N,"2 Cherry Hill Road,Johnston,RI,02919",2026-06-01
415053,Cherry Hill Manor,2 Cherry Hill Road,Johnston,RI,02919,2026-01-08,Health,F,Quality of Life and Care Deficiencies,0684,"Provide appropriate treatment and care according to orders, resident’s preferences and goals.",D,"Deficient, Provider has date of correction",2026-01-26,1,Y,N,N,N,N,"2 Cherry Hill Road,Johnston,RI,02919",2026-06-01
415053,Cherry Hill Manor,2 Cherry Hill Road,Johnston,RI,02919,2026-01-08,Health,F,Quality of Life and Care Deficiencies,0686,Provide appropriate pressure ulcer care and prevent new ulcers from developing.,D,"Deficient, Provider has date of correction",2026-01-26,1,Y,N,N,N,N,"2 Cherry Hill Road,Johnston,RI,02919",2026-06-01
415053,Cherry Hill Manor,2 Cherry Hill Road,Johnston,RI,02919,2026-01-08,Health,F,Pharmacy Service Deficiencies,0760,Ensure that residents are free from significant medication errors.,D,"Deficient, Provider has date of correction",2026-01-26,1,Y,N,N,N,N,"2 Cherry Hill Road,Johnston,RI,02919",2026-06-01
415053,Cherry Hill Manor,2 Cherry Hill Road,Johnston,RI,02919,2026-01-08,Health,F,Resident Assessment and Care Planning Deficiencies,0842,Safeguard resident-identifiable information and/or maintain medical records on each resident that are in accordance with accepted professional standards.,D,"Deficient, Provider has date of correction",2026-01-26,1,Y,N,N,N,N,"2 Cherry Hill Road,Johnston,RI,02919",2026-06-01
415053,Cherry Hill Manor,2 Cherry Hill Road,Johnston,RI,02919,2025-04-24,Health,F,Resident Assessment and Care Planning Deficiencies,0655,Create and put into place a plan for meeting the resident's most immediate needs within 48 hours of being admitted,D,"Deficient, Provider has date of correction",2025-05-12,2,N,Y,N,N,N,"2 Cherry Hill Road,Johnston,RI,02919",2026-06-01
415053,Cherry Hill Manor,2 Cherry Hill Road,Johnston,RI,02919,2025-04-24,Health,F,Resident Assessment and Care Planning Deficiencies,0658,Ensure services provided by the nursing facility meet professional standards of quality.,D,"Deficient, Provider has date of correction",2025-05-12,2,N,Y,N,N,N,"2 Cherry Hill Road,Johnston,RI,02919",2026-06-01
415053,Cherry Hill Manor,2 Cherry Hill Road,Johnston,RI,02919,2025-04-24,Health,F,Nursing and Physician Services Deficiencies,0726,Ensure that nurses and nurse aides have the appropriate competencies to care for every resident in a way that maximizes each resident's well being.,D,"Deficient, Provider has date of correction",2025-05-12,2,N,Y,N,N,N,"2 Cherry Hill Road,Johnston,RI,02919",2026-06-01
415053,Cherry Hill Manor,2 Cherry Hill Road,Johnston,RI,02919,2024-12-10,Health,F,Infection Control Deficiencies,0880,Provide and implement an infection prevention and control program.,E,"Deficient, Provider has date of correction",2024-12-19,2,N,Y,N,N,N,"2 Cherry Hill Road,Johnston,RI,02919",2026-06-01
415053,Cherry Hill Manor,2 Cherry Hill Road,Johnston,RI,02919,2023-12-07,Health,F,Quality of Life and Care Deficiencies,0689,Ensure that a nursing home area is free from accident hazards and provides adequate supervision to prevent accidents.,F,"Deficient, Provider has date of correction",2023-12-19,3,Y,N,N,N,N,"2 Cherry Hill Road,Johnston,RI,02919",2026-06-01
415053,Cherry Hill Manor,2 Cherry Hill Road,Johnston,RI,02919,2023-12-07,Health,F,Infection Control Deficiencies,0880,Provide and implement an infection prevention and control program.,D,"Deficient, Provider has date of correction",2023-12-19,3,Y,N,N,N,N,"2 Cherry Hill Road,Johnston,RI,02919",2026-06-01
415054,South Kingstown Nurs. & Rehab Ctr,2115 South County Trail,West Kingston,RI,02892,2026-02-18,Health,F,Pharmacy Service Deficiencies,0760,Ensure that residents are free from significant medication errors.,J,"Deficient, Provider has date of correction",2026-02-18,1,N,Y,N,N,N,"2115 South County Trail,West Kingston,RI,02892",2026-06-01
415054,South Kingstown Nurs. & Rehab Ctr,2115 South County Trail,West Kingston,RI,02892,2025-02-12,Health,F,Pharmacy Service Deficiencies,0761,"Ensure drugs and biologicals used in the facility are labeled in accordance with currently accepted professional principles; and all drugs and biologicals must be stored in locked compartments, separately locked, compartments for controlled drugs.",E,"Deficient, Provider has date of correction",2025-03-03,1,Y,N,N,N,N,"2115 South County Trail,West Kingston,RI,02892",2026-06-01
415054,South Kingstown Nurs. & Rehab Ctr,2115 South County Trail,West Kingston,RI,02892,2025-02-12,Health,F,Nutrition and Dietary Deficiencies,0812,"Procure food from sources approved or considered satisfactory and store, prepare, distribute and serve food in accordance with professional standards.",E,"Deficient, Provider has date of correction",2025-03-03,1,Y,N,N,N,N,"2115 South County Trail,West Kingston,RI,02892",2026-06-01
415054,South Kingstown Nurs. & Rehab Ctr,2115 South County Trail,West Kingston,RI,02892,2025-04-18,Health,F,Quality of Life and Care Deficiencies,0690,"Provide appropriate care for residents who are continent or incontinent of bowel/bladder, appropriate catheter care,  and appropriate care  to prevent urinary tract infections.",D,"Deficient, Provider has date of correction",2025-05-17,2,N,Y,N,N,N,"2115 South County Trail,West Kingston,RI,02892",2026-06-01
415054,South Kingstown Nurs. & Rehab Ctr,2115 South County Trail,West Kingston,RI,02892,2025-04-18,Health,F,Resident Assessment and Care Planning Deficiencies,0842,Safeguard resident-identifiable information and/or maintain medical records on each resident that are in accordance with accepted professional standards.,D,"Deficient, Provider has date of correction",2025-05-17,2,N,Y,N,N,N,"2115 South County Trail,West Kingston,RI,02892",2026-06-01
415054,South Kingstown Nurs. & Rehab Ctr,2115 South County Trail,West Kingston,RI,02892,2024-09-20,Health,F,"Freedom from Abuse, Neglect, and Exploitation Deficiencies",0600,"Protect each resident from all types of abuse such as physical, mental, sexual abuse, physical punishment, and neglect by anybody.",D,"Deficient, Provider has date of correction",2024-10-20,2,N,Y,N,N,N,"2115 South County Trail,West Kingston,RI,02892",2026-06-01
415054,South Kingstown Nurs. & Rehab Ctr,2115 South County Trail,West Kingston,RI,02892,2024-02-28,Health,F,Quality of Life and Care Deficiencies,0692,Provide enough food/fluids to maintain a resident's health.,D,"Deficient, Provider has date of correction",2024-03-15,2,Y,N,N,N,N,"2115 South County Trail,West Kingston,RI,02892",2026-06-01
415054,South Kingstown Nurs. & Rehab Ctr,2115 South County Trail,West Kingston,RI,02892,2024-02-28,Health,F,Infection Control Deficiencies,0880,Provide and implement an infection prevention and control program.,D,"Deficient, Provider has date of correction",2024-03-15,2,Y,N,N,N,N,"2115 South County Trail,West Kingston,RI,02892",2026-06-01
415054,South Kingstown Nurs. & Rehab Ctr,2115 South County Trail,West Kingston,RI,02892,2022-12-08,Health,F,Resident Assessment and Care Planning Deficiencies,0657,"Develop the complete care plan within 7 days of the comprehensive assessment; and prepared, reviewed, and revised by a team of health professionals.",D,"Deficient, Provider has date of correction",2023-01-07,3,Y,N,N,N,N,"2115 South County Trail,West Kingston,RI,02892",2026-06-01
415054,South Kingstown Nurs. & Rehab Ctr,2115 South County Trail,West Kingston,RI,02892,2022-12-08,Health,F,Nursing and Physician Services Deficiencies,0711,"Ensure the resident's doctor reviews the resident's care, writes, signs and dates progress notes and orders, at each required visit.",D,"Deficient, Provider has no plan of correction",,3,Y,N,N,N,N,"2115 South County Trail,West Kingston,RI,02892",2026-06-01
415054,South Kingstown Nurs. & Rehab Ctr,2115 South County Trail,West Kingston,RI,02892,2022-12-08,Health,F,Infection Control Deficiencies,0880,Provide and implement an infection prevention and control program.,D,"Deficient, Provider has date of correction",2023-01-07,3,Y,N,N,N,N,"2115 South County Trail,West Kingston,RI,02892",2026-06-01
415056,Evergreen House Health Center,1 Evergreen Drive,East Providence,RI,02914,2026-04-23,Health,F,Resident Rights Deficiencies,0550,"Honor the resident's right to a dignified existence, self-determination, communication, and to exercise his or her rights.",D,"Deficient, Provider has no plan of correction",,1,N,Y,N,Y,N,"1 Evergreen Drive,East Providence,RI,02914",2026-06-01
415056,Evergreen House Health Center,1 Evergreen Drive,East Providence,RI,02914,2026-04-23,Health,F,Quality of Life and Care Deficiencies,0684,"Provide appropriate treatment and care according to orders, resident’s preferences and goals.",D,"Deficient, Provider has no plan of correction",,1,N,Y,N,N,N,"1 Evergreen Drive,East Providence,RI,02914",2026-06-01
415056,Evergreen House Health Center,1 Evergreen Drive,East Providence,RI,02914,2025-11-26,Health,F,"Freedom from Abuse, Neglect, and Exploitation Deficiencies",0609,"Timely report suspected abuse, neglect, or theft and report the results of the investigation to proper authorities.",D,"Deficient, Provider has date of correction",2025-11-27,1,N,Y,N,N,N,"1 Evergreen Drive,East Providence,RI,02914",2026-06-01
415056,Evergreen House Health Center,1 Evergreen Drive,East Providence,RI,02914,2025-11-26,Health,F,Quality of Life and Care Deficiencies,0689,Ensure that a nursing home area is free from accident hazards and provides adequate supervision to prevent accidents.,D,"Deficient, Provider has date of correction",2025-11-27,1,N,Y,N,N,N,"1 Evergreen Drive,East Providence,RI,02914",2026-06-01
415056,Evergreen House Health Center,1 Evergreen Drive,East Providence,RI,02914,2025-07-03,Health,F,Pharmacy Service Deficiencies,0761,"Ensure drugs and biologicals used in the facility are labeled in accordance with currently accepted professional principles; and all drugs and biologicals must be stored in locked compartments, separately locked, compartments for controlled drugs.",D,"Deficient, Provider has date of correction",2025-07-23,1,Y,Y,N,N,N,"1 Evergreen Drive,East Providence,RI,02914",2026-06-01
415056,Evergreen House Health Center,1 Evergreen Drive,East Providence,RI,02914,2025-07-03,Health,F,Nutrition and Dietary Deficiencies,0803,"Ensure menus must meet the nutritional needs of residents, be prepared in advance, be followed, be updated, be reviewed by dietician, and meet the needs of the resident.",D,"Deficient, Provider has date of correction",2025-07-23,1,Y,Y,N,N,N,"1 Evergreen Drive,East Providence,RI,02914",2026-06-01
415056,Evergreen House Health Center,1 Evergreen Drive,East Providence,RI,02914,2025-07-03,Health,F,Nutrition and Dietary Deficiencies,0812,"Procure food from sources approved or considered satisfactory and store, prepare, distribute and serve food in accordance with professional standards.",E,"Deficient, Provider has date of correction",2025-07-23,1,Y,Y,N,N,N,"1 Evergreen Drive,East Providence,RI,02914",2026-06-01
415056,Evergreen House Health Center,1 Evergreen Drive,East Providence,RI,02914,2025-04-22,Health,F,"Freedom from Abuse, Neglect, and Exploitation Deficiencies",0600,"Protect each resident from all types of abuse such as physical, mental, sexual abuse, physical punishment, and neglect by anybody.",D,"Deficient, Provider has date of correction",2025-04-29,2,N,Y,N,N,N,"1 Evergreen Drive,East Providence,RI,02914",2026-06-01
415056,Evergreen House Health Center,1 Evergreen Drive,East Providence,RI,02914,2024-06-24,Health,F,Resident Assessment and Care Planning Deficiencies,0658,Ensure services provided by the nursing facility meet professional standards of quality.,D,"Deficient, Provider has date of correction",2024-07-19,2,Y,N,N,N,N,"1 Evergreen Drive,East Providence,RI,02914",2026-06-01
415056,Evergreen House Health Center,1 Evergreen Drive,East Providence,RI,02914,2024-06-24,Health,F,Quality of Life and Care Deficiencies,0692,Provide enough food/fluids to maintain a resident's health.,D,"Deficient, Provider has date of correction",2024-07-19,2,Y,N,N,N,N,"1 Evergreen Drive,East Providence,RI,02914",2026-06-01
415056,Evergreen House Health Center,1 Evergreen Drive,East Providence,RI,02914,2024-06-24,Health,F,Nutrition and Dietary Deficiencies,0812,"Procure food from sources approved or considered satisfactory and store, prepare, distribute and serve food in accordance with professional standards.",F,"Deficient, Provider has date of correction",2024-07-19,2,Y,N,N,N,N,"1 Evergreen Drive,East Providence,RI,02914",2026-06-01
415056,Evergreen House Health Center,1 Evergreen Drive,East Providence,RI,02914,2024-06-24,Health,F,Resident Assessment and Care Planning Deficiencies,0842,Safeguard resident-identifiable information and/or maintain medical records on each resident that are in accordance with accepted professional standards.,D,"Deficient, Provider has date of correction",2024-07-19,2,Y,N,N,N,N,"1 Evergreen Drive,East Providence,RI,02914",2026-06-01
415056,Evergreen House Health Center,1 Evergreen Drive,East Providence,RI,02914,2024-06-24,Health,F,Infection Control Deficiencies,0880,Provide and implement an infection prevention and control program.,D,"Deficient, Provider has date of correction",2024-07-19,2,Y,N,N,N,N,"1 Evergreen Drive,East Providence,RI,02914",2026-06-01
415056,Evergreen House Health Center,1 Evergreen Drive,East Providence,RI,02914,2023-09-18,Health,F,Quality of Life and Care Deficiencies,0740,Ensure each resident must receive and the facility must provide necessary behavioral health care and services.,D,"Deficient, Provider has date of correction",2023-09-25,3,N,Y,N,N,N,"1 Evergreen Drive,East Providence,RI,02914",2026-06-01
415056,Evergreen House Health Center,1 Evergreen Drive,East Providence,RI,02914,2023-06-28,Health,F,Resident Assessment and Care Planning Deficiencies,0657,"Develop the complete care plan within 7 days of the comprehensive assessment; and prepared, reviewed, and revised by a team of health professionals.",D,"Deficient, Provider has date of correction",2023-06-28,3,N,Y,N,N,N,"1 Evergreen Drive,East Providence,RI,02914",2026-06-01
415056,Evergreen House Health Center,1 Evergreen Drive,East Providence,RI,02914,2023-06-28,Health,F,Quality of Life and Care Deficiencies,0684,"Provide appropriate treatment and care according to orders, resident’s preferences and goals.",J,"Deficient, Provider has date of correction",2023-06-28,3,N,Y,N,N,N,"1 Evergreen Drive,East Providence,RI,02914",2026-06-01
415056,Evergreen House Health Center,1 Evergreen Drive,East Providence,RI,02914,2023-06-28,Health,F,Quality of Life and Care Deficiencies,0689,Ensure that a nursing home area is free from accident hazards and provides adequate supervision to prevent accidents.,D,"Deficient, Provider has date of correction",2023-06-28,3,N,Y,N,N,N,"1 Evergreen Drive,East Providence,RI,02914",2026-06-01
415056,Evergreen House Health Center,1 Evergreen Drive,East Providence,RI,02914,2023-06-28,Health,F,Quality of Life and Care Deficiencies,0693,Ensure that feeding tubes are  not used unless there is a medical reason and the resident agrees; and provide appropriate care for a resident with a feeding tube.,D,"Deficient, Provider has date of correction",2023-06-28,3,N,Y,N,N,N,"1 Evergreen Drive,East Providence,RI,02914",2026-06-01
415056,Evergreen House Health Center,1 Evergreen Drive,East Providence,RI,02914,2023-06-28,Health,F,Nursing and Physician Services Deficiencies,0726,Ensure that nurses and nurse aides have the appropriate competencies to care for every resident in a way that maximizes each resident's well being.,J,"Deficient, Provider has date of correction",2023-06-28,3,N,Y,N,N,N,"1 Evergreen Drive,East Providence,RI,02914",2026-06-01
415056,Evergreen House Health Center,1 Evergreen Drive,East Providence,RI,02914,2023-06-28,Health,F,Administration Deficiencies,0838,Conduct and document a facility-wide assessment to determine what resources are necessary to care for residents competently during both day-to-day operations (including nights and weekends) and emergencies.,E,"Deficient, Provider has date of correction",2023-06-28,3,N,Y,N,N,N,"1 Evergreen Drive,East Providence,RI,02914",2026-06-01
415056,Evergreen House Health Center,1 Evergreen Drive,East Providence,RI,02914,2023-06-28,Health,F,Administration Deficiencies,0944,"Conduct mandatory training, for all staff, on the facility’s Quality Assurance and Performance Improvement Program.",D,"Deficient, Provider has date of correction",2023-06-28,3,N,Y,N,N,N,"1 Evergreen Drive,East Providence,RI,02914",2026-06-01
415056,Evergreen House Health Center,1 Evergreen Drive,East Providence,RI,02914,2023-06-05,Health,F,Resident Assessment and Care Planning Deficiencies,0658,Ensure services provided by the nursing facility meet professional standards of quality.,E,"Deficient, Provider has date of correction",2023-06-15,3,Y,N,N,N,N,"1 Evergreen Drive,East Providence,RI,02914",2026-06-01
415056,Evergreen House Health Center,1 Evergreen Drive,East Providence,RI,02914,2023-06-05,Health,F,Quality of Life and Care Deficiencies,0686,Provide appropriate pressure ulcer care and prevent new ulcers from developing.,D,"Deficient, Provider has date of correction",2023-06-15,3,Y,N,N,N,N,"1 Evergreen Drive,East Providence,RI,02914",2026-06-01
415056,Evergreen House Health Center,1 Evergreen Drive,East Providence,RI,02914,2023-06-05,Health,F,Quality of Life and Care Deficiencies,0688,"Provide appropriate care for a resident to maintain and/or improve range of motion (ROM), limited ROM and/or mobility, unless a decline is for a medical reason.",D,"Deficient, Provider has date of correction",2023-06-15,3,Y,N,N,N,N,"1 Evergreen Drive,East Providence,RI,02914",2026-06-01
415056,Evergreen House Health Center,1 Evergreen Drive,East Providence,RI,02914,2023-06-05,Health,F,Nutrition and Dietary Deficiencies,0812,"Procure food from sources approved or considered satisfactory and store, prepare, distribute and serve food in accordance with professional standards.",F,"Deficient, Provider has date of correction",2023-06-15,3,Y,N,N,N,N,"1 Evergreen Drive,East Providence,RI,02914",2026-06-01
415056,Evergreen House Health Center,1 Evergreen Drive,East Providence,RI,02914,2023-06-05,Health,F,Resident Assessment and Care Planning Deficiencies,0842,Safeguard resident-identifiable information and/or maintain medical records on each resident that are in accordance with accepted professional standards.,D,"Deficient, Provider has date of correction",2023-06-15,3,Y,N,N,N,N,"1 Evergreen Drive,East Providence,RI,02914",2026-06-01
415056,Evergreen House Health Center,1 Evergreen Drive,East Providence,RI,02914,2023-06-05,Health,F,Infection Control Deficiencies,0880,Provide and implement an infection prevention and control program.,D,"Deficient, Provider has date of correction",2023-06-15,3,Y,N,N,N,N,"1 Evergreen Drive,East Providence,RI,02914",2026-06-01
415056,Evergreen House Health Center,1 Evergreen Drive,East Providence,RI,02914,2023-06-05,Health,F,Environmental Deficiencies,0919,Make sure that a working call system is available in each resident's  bathroom and bathing area.,D,"Deficient, Provider has date of correction",2023-06-15,3,Y,N,N,N,N,"1 Evergreen Drive,East Providence,RI,02914",2026-06-01
415057,Elderwood Of Scallop Shell at Wakefield,55 Scallop Shell Way,South Kingstown,RI,02883,2025-11-20,Health,F,Resident Rights Deficiencies,0582,Give residents notice of Medicaid/Medicare coverage and potential liability for services not covered.,C,"Deficient, Provider has date of correction",2025-12-09,1,Y,N,N,N,N,"55 Scallop Shell Way,South Kingstown,RI,02883",2026-06-01
415057,Elderwood Of Scallop Shell at Wakefield,55 Scallop Shell Way,South Kingstown,RI,02883,2025-11-20,Health,F,Quality of Life and Care Deficiencies,0684,"Provide appropriate treatment and care according to orders, resident’s preferences and goals.",G,"Deficient, Provider has date of correction",2025-12-09,1,Y,N,N,N,N,"55 Scallop Shell Way,South Kingstown,RI,02883",2026-06-01
415057,Elderwood Of Scallop Shell at Wakefield,55 Scallop Shell Way,South Kingstown,RI,02883,2025-11-20,Health,F,Quality of Life and Care Deficiencies,0689,Ensure that a nursing home area is free from accident hazards and provides adequate supervision to prevent accidents.,J,"Deficient, Provider has date of correction",2025-12-09,1,Y,N,N,N,N,"55 Scallop Shell Way,South Kingstown,RI,02883",2026-06-01
415057,Elderwood Of Scallop Shell at Wakefield,55 Scallop Shell Way,South Kingstown,RI,02883,2025-11-20,Health,F,Nursing and Physician Services Deficiencies,0726,Ensure that nurses and nurse aides have the appropriate competencies to care for every resident in a way that maximizes each resident's well being.,G,"Deficient, Provider has date of correction",2025-12-09,1,Y,N,N,N,N,"55 Scallop Shell Way,South Kingstown,RI,02883",2026-06-01
415057,Elderwood Of Scallop Shell at Wakefield,55 Scallop Shell Way,South Kingstown,RI,02883,2025-11-20,Health,F,Pharmacy Service Deficiencies,0757,Ensure each resident’s drug regimen must be free from unnecessary drugs.,E,"Deficient, Provider has date of correction",2025-12-09,1,Y,N,N,N,N,"55 Scallop Shell Way,South Kingstown,RI,02883",2026-06-01
415057,Elderwood Of Scallop Shell at Wakefield,55 Scallop Shell Way,South Kingstown,RI,02883,2024-09-13,Health,F,Resident Assessment and Care Planning Deficiencies,0658,Ensure services provided by the nursing facility meet professional standards of quality.,D,"Deficient, Provider has date of correction",2024-10-13,2,N,Y,N,N,N,"55 Scallop Shell Way,South Kingstown,RI,02883",2026-06-01
415057,Elderwood Of Scallop Shell at Wakefield,55 Scallop Shell Way,South Kingstown,RI,02883,2024-09-06,Health,F,Quality of Life and Care Deficiencies,0684,"Provide appropriate treatment and care according to orders, resident’s preferences and goals.",E,"Deficient, Provider has date of correction",2024-10-06,2,Y,N,N,N,N,"55 Scallop Shell Way,South Kingstown,RI,02883",2026-06-01
415057,Elderwood Of Scallop Shell at Wakefield,55 Scallop Shell Way,South Kingstown,RI,02883,2024-09-06,Health,F,Quality of Life and Care Deficiencies,0686,Provide appropriate pressure ulcer care and prevent new ulcers from developing.,D,"Deficient, Provider has date of correction",2024-10-06,2,Y,N,N,N,N,"55 Scallop Shell Way,South Kingstown,RI,02883",2026-06-01
415057,Elderwood Of Scallop Shell at Wakefield,55 Scallop Shell Way,South Kingstown,RI,02883,2024-09-06,Health,F,Pharmacy Service Deficiencies,0760,Ensure that residents are free from significant medication errors.,E,"Deficient, Provider has date of correction",2024-10-06,2,Y,N,N,N,N,"55 Scallop Shell Way,South Kingstown,RI,02883",2026-06-01
415057,Elderwood Of Scallop Shell at Wakefield,55 Scallop Shell Way,South Kingstown,RI,02883,2024-09-06,Health,F,Administration Deficiencies,0849,Arrange for the provision of hospice services or assist the resident in transferring to a facility that will arrange for the provision of hospice services.,E,"Deficient, Provider has date of correction",2024-10-06,2,Y,N,N,N,N,"55 Scallop Shell Way,South Kingstown,RI,02883",2026-06-01
415057,Elderwood Of Scallop Shell at Wakefield,55 Scallop Shell Way,South Kingstown,RI,02883,2024-09-06,Health,F,Infection Control Deficiencies,0880,Provide and implement an infection prevention and control program.,E,"Deficient, Provider has date of correction",2024-10-06,2,Y,N,N,N,N,"55 Scallop Shell Way,South Kingstown,RI,02883",2026-06-01
415057,Elderwood Of Scallop Shell at Wakefield,55 Scallop Shell Way,South Kingstown,RI,02883,2024-01-03,Health,F,Infection Control Deficiencies,0883,Develop and implement policies and procedures for flu and pneumonia vaccinations.,E,"Deficient, Provider has date of correction",2024-01-22,3,N,Y,N,N,N,"55 Scallop Shell Way,South Kingstown,RI,02883",2026-06-01
415057,Elderwood Of Scallop Shell at Wakefield,55 Scallop Shell Way,South Kingstown,RI,02883,2023-08-24,Health,F,Resident Assessment and Care Planning Deficiencies,0842,Safeguard resident-identifiable information and/or maintain medical records on each resident that are in accordance with accepted professional standards.,D,"Deficient, Provider has date of correction",2023-09-23,3,N,Y,N,N,N,"55 Scallop Shell Way,South Kingstown,RI,02883",2026-06-01
415057,Elderwood Of Scallop Shell at Wakefield,55 Scallop Shell Way,South Kingstown,RI,02883,2023-09-22,Health,F,Resident Assessment and Care Planning Deficiencies,0656,"Develop and implement a complete care plan that meets all the resident's needs, with timetables and actions that can be measured.",D,"Deficient, Provider has date of correction",2023-10-22,3,Y,N,N,N,N,"55 Scallop Shell Way,South Kingstown,RI,02883",2026-06-01
415057,Elderwood Of Scallop Shell at Wakefield,55 Scallop Shell Way,South Kingstown,RI,02883,2023-09-22,Health,F,Resident Assessment and Care Planning Deficiencies,0658,Ensure services provided by the nursing facility meet professional standards of quality.,E,"Deficient, Provider has date of correction",2023-10-22,3,Y,N,N,N,N,"55 Scallop Shell Way,South Kingstown,RI,02883",2026-06-01
415057,Elderwood Of Scallop Shell at Wakefield,55 Scallop Shell Way,South Kingstown,RI,02883,2023-09-22,Health,F,Quality of Life and Care Deficiencies,0684,"Provide appropriate treatment and care according to orders, resident’s preferences and goals.",H,"Deficient, Provider has date of correction",2023-10-22,3,Y,N,N,N,N,"55 Scallop Shell Way,South Kingstown,RI,02883",2026-06-01
415057,Elderwood Of Scallop Shell at Wakefield,55 Scallop Shell Way,South Kingstown,RI,02883,2023-09-22,Health,F,Quality of Life and Care Deficiencies,0695,Provide safe and appropriate respiratory care for a resident when needed.,D,"Deficient, Provider has date of correction",2023-10-22,3,Y,N,N,N,N,"55 Scallop Shell Way,South Kingstown,RI,02883",2026-06-01
415057,Elderwood Of Scallop Shell at Wakefield,55 Scallop Shell Way,South Kingstown,RI,02883,2023-09-22,Health,F,Quality of Life and Care Deficiencies,0697,"Provide safe, appropriate pain management for a resident who requires such services.",H,"Deficient, Provider has date of correction",2023-10-22,3,Y,N,N,N,N,"55 Scallop Shell Way,South Kingstown,RI,02883",2026-06-01
415057,Elderwood Of Scallop Shell at Wakefield,55 Scallop Shell Way,South Kingstown,RI,02883,2023-09-22,Health,F,Pharmacy Service Deficiencies,0757,Ensure each resident’s drug regimen must be free from unnecessary drugs.,G,"Deficient, Provider has date of correction",2023-10-22,3,Y,N,N,N,N,"55 Scallop Shell Way,South Kingstown,RI,02883",2026-06-01
415057,Elderwood Of Scallop Shell at Wakefield,55 Scallop Shell Way,South Kingstown,RI,02883,2023-09-22,Health,F,Nutrition and Dietary Deficiencies,0811,"Ensure that residents are assessed for appropriateness for a feeding assistant program, receive services as per their plan of care, and feeding assistants are trained and supervised.",D,"Deficient, Provider has date of correction",2023-10-22,3,Y,N,N,N,N,"55 Scallop Shell Way,South Kingstown,RI,02883",2026-06-01
415057,Elderwood Of Scallop Shell at Wakefield,55 Scallop Shell Way,South Kingstown,RI,02883,2023-09-22,Health,F,Resident Assessment and Care Planning Deficiencies,0842,Safeguard resident-identifiable information and/or maintain medical records on each resident that are in accordance with accepted professional standards.,D,"Deficient, Provider has date of correction",2023-10-22,3,Y,N,N,N,N,"55 Scallop Shell Way,South Kingstown,RI,02883",2026-06-01
415057,Elderwood Of Scallop Shell at Wakefield,55 Scallop Shell Way,South Kingstown,RI,02883,2023-09-22,Health,F,Infection Control Deficiencies,0880,Provide and implement an infection prevention and control program.,D,"Deficient, Provider has date of correction",2023-10-22,3,Y,N,N,N,N,"55 Scallop Shell Way,South Kingstown,RI,02883",2026-06-01
415057,Elderwood Of Scallop Shell at Wakefield,55 Scallop Shell Way,South Kingstown,RI,02883,2023-09-22,Health,F,Infection Control Deficiencies,0881,Implement a program that monitors antibiotic use.,E,"Deficient, Provider has date of correction",2023-10-22,3,Y,N,N,N,N,"55 Scallop Shell Way,South Kingstown,RI,02883",2026-06-01
415057,Elderwood Of Scallop Shell at Wakefield,55 Scallop Shell Way,South Kingstown,RI,02883,2023-09-22,Health,F,Infection Control Deficiencies,0883,Develop and implement policies and procedures for flu and pneumonia vaccinations.,E,"Deficient, Provider has date of correction",2023-10-22,3,Y,N,N,N,N,"55 Scallop Shell Way,South Kingstown,RI,02883",2026-06-01
415057,Elderwood Of Scallop Shell at Wakefield,55 Scallop Shell Way,South Kingstown,RI,02883,2023-09-22,Health,F,Nursing and Physician Services Deficiencies,0726,Ensure that nurses and nurse aides have the appropriate competencies to care for every resident in a way that maximizes each resident's well being.,E,"Deficient, Provider has date of correction",2023-10-22,3,Y,Y,N,N,N,"55 Scallop Shell Way,South Kingstown,RI,02883",2026-06-01
415059,"AdviniaCare Orchard, LLC",135 Tripps Lane,East Providence,RI,02915,2026-01-23,Health,F,Environmental Deficiencies,0921,"Make sure that the nursing home area is safe, easy to use, clean and comfortable for residents, staff and the public.",L,"Deficient, Provider has plan of correction",2026-05-29,1,N,Y,N,N,N,"135 Tripps Lane,East Providence,RI,02915",2026-06-01
415059,"AdviniaCare Orchard, LLC",135 Tripps Lane,East Providence,RI,02915,2026-01-12,Health,F,Quality of Life and Care Deficiencies,0689,Ensure that a nursing home area is free from accident hazards and provides adequate supervision to prevent accidents.,L,"Deficient, Provider has date of correction",2026-01-19,1,N,Y,N,N,N,"135 Tripps Lane,East Providence,RI,02915",2026-06-01
415059,"AdviniaCare Orchard, LLC",135 Tripps Lane,East Providence,RI,02915,2026-01-12,Health,F,Nutrition and Dietary Deficiencies,0814,Dispose of garbage and refuse properly.,F,Past Non-Compliance,2026-01-07,1,N,Y,N,N,N,"135 Tripps Lane,East Providence,RI,02915",2026-06-01
415059,"AdviniaCare Orchard, LLC",135 Tripps Lane,East Providence,RI,02915,2026-01-12,Health,F,Administration Deficiencies,0837,Establish a governing body that is legally responsible for establishing and implementing policies for managing and operating the facility and appoints a properly licensed administrator responsible for managing the facility.,E,"Deficient, Provider has date of correction",2026-01-19,1,N,Y,N,N,N,"135 Tripps Lane,East Providence,RI,02915",2026-06-01
415059,"AdviniaCare Orchard, LLC",135 Tripps Lane,East Providence,RI,02915,2026-01-12,Health,F,Infection Control Deficiencies,0880,Provide and implement an infection prevention and control program.,L,"Deficient, Provider has date of correction",2026-01-19,1,N,Y,N,N,N,"135 Tripps Lane,East Providence,RI,02915",2026-06-01
415059,"AdviniaCare Orchard, LLC",135 Tripps Lane,East Providence,RI,02915,2025-09-24,Health,F,Quality of Life and Care Deficiencies,0684,"Provide appropriate treatment and care according to orders, resident’s preferences and goals.",D,"Deficient, Provider has date of correction",2025-10-14,1,N,Y,N,N,N,"135 Tripps Lane,East Providence,RI,02915",2026-06-01
415059,"AdviniaCare Orchard, LLC",135 Tripps Lane,East Providence,RI,02915,2025-09-17,Health,F,Quality of Life and Care Deficiencies,0698,"Provide safe, appropriate dialysis care/services for a resident who requires such services.",E,"Deficient, Provider has date of correction",2025-10-06,1,N,Y,N,N,N,"135 Tripps Lane,East Providence,RI,02915",2026-06-01
415059,"AdviniaCare Orchard, LLC",135 Tripps Lane,East Providence,RI,02915,2025-08-13,Health,F,Administration Deficiencies,0776,"Provide timely, approved x-ray services, or have an agreement with an approved provider to obtain them.",D,"Deficient, Provider has date of correction",2025-08-29,1,N,Y,N,N,N,"135 Tripps Lane,East Providence,RI,02915",2026-06-01
415059,"AdviniaCare Orchard, LLC",135 Tripps Lane,East Providence,RI,02915,2025-06-26,Health,F,Quality of Life and Care Deficiencies,0689,Ensure that a nursing home area is free from accident hazards and provides adequate supervision to prevent accidents.,E,"Deficient, Provider has date of correction",2025-07-26,1,Y,N,N,N,N,"135 Tripps Lane,East Providence,RI,02915",2026-06-01
415059,"AdviniaCare Orchard, LLC",135 Tripps Lane,East Providence,RI,02915,2025-06-26,Health,F,Quality of Life and Care Deficiencies,0697,"Provide safe, appropriate pain management for a resident who requires such services.",D,"Deficient, Provider has date of correction",2025-07-26,1,Y,N,N,N,N,"135 Tripps Lane,East Providence,RI,02915",2026-06-01
415059,"AdviniaCare Orchard, LLC",135 Tripps Lane,East Providence,RI,02915,2025-06-26,Health,F,Nutrition and Dietary Deficiencies,0812,"Procure food from sources approved or considered satisfactory and store, prepare, distribute and serve food in accordance with professional standards.",F,"Deficient, Provider has date of correction",2025-07-26,1,Y,N,N,N,N,"135 Tripps Lane,East Providence,RI,02915",2026-06-01
415059,"AdviniaCare Orchard, LLC",135 Tripps Lane,East Providence,RI,02915,2025-06-26,Health,F,Administration Deficiencies,0835,Administer the facility in a manner that enables it to use its resources effectively and efficiently.,D,"Deficient, Provider has date of correction",2025-07-26,1,Y,N,N,N,N,"135 Tripps Lane,East Providence,RI,02915",2026-06-01
415059,"AdviniaCare Orchard, LLC",135 Tripps Lane,East Providence,RI,02915,2025-06-26,Health,F,Infection Control Deficiencies,0880,Provide and implement an infection prevention and control program.,E,"Deficient, Provider has date of correction",2025-07-26,1,Y,N,N,N,N,"135 Tripps Lane,East Providence,RI,02915",2026-06-01
415059,"AdviniaCare Orchard, LLC",135 Tripps Lane,East Providence,RI,02915,2025-06-26,Health,F,Environmental Deficiencies,0908,Keep all essential equipment working safely.,E,"Deficient, Provider has date of correction",2025-07-26,1,Y,N,N,N,N,"135 Tripps Lane,East Providence,RI,02915",2026-06-01
415059,"AdviniaCare Orchard, LLC",135 Tripps Lane,East Providence,RI,02915,2025-06-26,Health,F,Environmental Deficiencies,0924,Put firmly secured handrails on each side of hallways.,E,"Deficient, Provider has date of correction",2025-07-26,1,Y,N,N,N,N,"135 Tripps Lane,East Providence,RI,02915",2026-06-01
415059,"AdviniaCare Orchard, LLC",135 Tripps Lane,East Providence,RI,02915,2025-06-26,Health,F,Environmental Deficiencies,0925,"Make sure there is a pest control program to prevent/deal with mice, insects, or other pests.",F,"Deficient, Provider has date of correction",2025-07-26,1,Y,N,N,N,N,"135 Tripps Lane,East Providence,RI,02915",2026-06-01
415059,"AdviniaCare Orchard, LLC",135 Tripps Lane,East Providence,RI,02915,2025-06-26,Health,F,Pharmacy Service Deficiencies,0760,Ensure that residents are free from significant medication errors.,G,"Deficient, Provider has date of correction",2025-07-26,1,Y,Y,N,N,N,"135 Tripps Lane,East Providence,RI,02915",2026-06-01
415059,"AdviniaCare Orchard, LLC",135 Tripps Lane,East Providence,RI,02915,2025-04-02,Health,F,Resident Assessment and Care Planning Deficiencies,0658,Ensure services provided by the nursing facility meet professional standards of quality.,D,"Deficient, Provider has date of correction",2025-05-09,2,N,Y,N,N,N,"135 Tripps Lane,East Providence,RI,02915",2026-06-01
415059,"AdviniaCare Orchard, LLC",135 Tripps Lane,East Providence,RI,02915,2025-04-02,Health,F,Nutrition and Dietary Deficiencies,0808,"Ensure therapeutic diets are prescribed by the attending physician and may be delegated to a registered or licensed dietitian, to the extent allowed by State law.",D,"Deficient, Provider has date of correction",2025-05-09,2,N,Y,N,N,N,"135 Tripps Lane,East Providence,RI,02915",2026-06-01
415059,"AdviniaCare Orchard, LLC",135 Tripps Lane,East Providence,RI,02915,2025-04-02,Health,F,Resident Assessment and Care Planning Deficiencies,0842,Safeguard resident-identifiable information and/or maintain medical records on each resident that are in accordance with accepted professional standards.,D,"Deficient, Provider has date of correction",2025-05-09,2,N,Y,N,N,N,"135 Tripps Lane,East Providence,RI,02915",2026-06-01
415059,"AdviniaCare Orchard, LLC",135 Tripps Lane,East Providence,RI,02915,2025-04-02,Health,F,Environmental Deficiencies,0921,"Make sure that the nursing home area is safe, easy to use, clean and comfortable for residents, staff and the public.",D,"Deficient, Provider has date of correction",2025-05-09,2,N,Y,N,N,N,"135 Tripps Lane,East Providence,RI,02915",2026-06-01
415059,"AdviniaCare Orchard, LLC",135 Tripps Lane,East Providence,RI,02915,2025-03-27,Health,F,Environmental Deficiencies,0919,Make sure that a working call system is available in each resident's  bathroom and bathing area.,E,"Deficient, Provider has date of correction",2025-05-09,2,N,Y,N,N,N,"135 Tripps Lane,East Providence,RI,02915",2026-06-01
415059,"AdviniaCare Orchard, LLC",135 Tripps Lane,East Providence,RI,02915,2024-12-03,Health,F,Resident Assessment and Care Planning Deficiencies,0658,Ensure services provided by the nursing facility meet professional standards of quality.,D,"Deficient, Provider has date of correction",2024-12-17,2,N,Y,N,N,N,"135 Tripps Lane,East Providence,RI,02915",2026-06-01
415059,"AdviniaCare Orchard, LLC",135 Tripps Lane,East Providence,RI,02915,2024-10-24,Health,F,Resident Assessment and Care Planning Deficiencies,0658,Ensure services provided by the nursing facility meet professional standards of quality.,D,"Deficient, Provider has date of correction",2024-11-06,2,N,Y,N,N,N,"135 Tripps Lane,East Providence,RI,02915",2026-06-01
415059,"AdviniaCare Orchard, LLC",135 Tripps Lane,East Providence,RI,02915,2024-09-12,Health,F,"Freedom from Abuse, Neglect, and Exploitation Deficiencies",0600,"Protect each resident from all types of abuse such as physical, mental, sexual abuse, physical punishment, and neglect by anybody.",J,"Deficient, Provider has date of correction",2024-09-12,2,N,Y,N,N,N,"135 Tripps Lane,East Providence,RI,02915",2026-06-01
415059,"AdviniaCare Orchard, LLC",135 Tripps Lane,East Providence,RI,02915,2024-09-12,Health,F,Quality of Life and Care Deficiencies,0689,Ensure that a nursing home area is free from accident hazards and provides adequate supervision to prevent accidents.,J,"Deficient, Provider has date of correction",2024-09-12,2,N,Y,N,N,N,"135 Tripps Lane,East Providence,RI,02915",2026-06-01
415059,"AdviniaCare Orchard, LLC",135 Tripps Lane,East Providence,RI,02915,2024-07-02,Health,F,Quality of Life and Care Deficiencies,0686,Provide appropriate pressure ulcer care and prevent new ulcers from developing.,D,"Deficient, Provider has date of correction",2024-07-22,2,N,Y,N,N,N,"135 Tripps Lane,East Providence,RI,02915",2026-06-01
415059,"AdviniaCare Orchard, LLC",135 Tripps Lane,East Providence,RI,02915,2024-06-26,Health,F,Resident Rights Deficiencies,0577,Allow residents to easily view the nursing home's survey results and communicate with advocate agencies.,C,"Deficient, Provider has date of correction",2024-07-22,2,Y,N,N,N,N,"135 Tripps Lane,East Providence,RI,02915",2026-06-01
415059,"AdviniaCare Orchard, LLC",135 Tripps Lane,East Providence,RI,02915,2024-06-26,Health,F,Resident Assessment and Care Planning Deficiencies,0658,Ensure services provided by the nursing facility meet professional standards of quality.,D,"Deficient, Provider has date of correction",2024-07-22,2,Y,N,N,N,N,"135 Tripps Lane,East Providence,RI,02915",2026-06-01
415059,"AdviniaCare Orchard, LLC",135 Tripps Lane,East Providence,RI,02915,2024-06-26,Health,F,Quality of Life and Care Deficiencies,0684,"Provide appropriate treatment and care according to orders, resident’s preferences and goals.",D,"Deficient, Provider has date of correction",2024-07-22,2,Y,N,N,N,N,"135 Tripps Lane,East Providence,RI,02915",2026-06-01
415059,"AdviniaCare Orchard, LLC",135 Tripps Lane,East Providence,RI,02915,2024-06-26,Health,F,Quality of Life and Care Deficiencies,0686,Provide appropriate pressure ulcer care and prevent new ulcers from developing.,D,"Deficient, Provider has date of correction",2024-07-22,2,Y,N,N,N,N,"135 Tripps Lane,East Providence,RI,02915",2026-06-01
415059,"AdviniaCare Orchard, LLC",135 Tripps Lane,East Providence,RI,02915,2024-06-26,Health,F,Quality of Life and Care Deficiencies,0698,"Provide safe, appropriate dialysis care/services for a resident who requires such services.",D,"Deficient, Provider has date of correction",2024-07-22,2,Y,N,N,N,N,"135 Tripps Lane,East Providence,RI,02915",2026-06-01
415059,"AdviniaCare Orchard, LLC",135 Tripps Lane,East Providence,RI,02915,2024-06-26,Health,F,Nursing and Physician Services Deficiencies,0730,Observe each nurse aide's job performance and give regular training.,D,"Deficient, Provider has date of correction",2024-07-22,2,Y,N,N,N,N,"135 Tripps Lane,East Providence,RI,02915",2026-06-01
415059,"AdviniaCare Orchard, LLC",135 Tripps Lane,East Providence,RI,02915,2024-06-26,Health,F,Pharmacy Service Deficiencies,0756,"Ensure a licensed pharmacist perform a monthly drug regimen review, including the medical chart, following irregularity reporting guidelines in developed policies and procedures.",D,"Deficient, Provider has date of correction",2024-07-22,2,Y,N,N,N,N,"135 Tripps Lane,East Providence,RI,02915",2026-06-01
415059,"AdviniaCare Orchard, LLC",135 Tripps Lane,East Providence,RI,02915,2024-06-26,Health,F,Nutrition and Dietary Deficiencies,0812,"Procure food from sources approved or considered satisfactory and store, prepare, distribute and serve food in accordance with professional standards.",F,"Deficient, Provider has date of correction",2024-07-22,2,Y,N,N,N,N,"135 Tripps Lane,East Providence,RI,02915",2026-06-01
415059,"AdviniaCare Orchard, LLC",135 Tripps Lane,East Providence,RI,02915,2024-06-26,Health,F,Infection Control Deficiencies,0880,Provide and implement an infection prevention and control program.,E,"Deficient, Provider has date of correction",2024-07-22,2,Y,N,N,N,N,"135 Tripps Lane,East Providence,RI,02915",2026-06-01
415059,"AdviniaCare Orchard, LLC",135 Tripps Lane,East Providence,RI,02915,2024-06-26,Health,F,"Freedom from Abuse, Neglect, and Exploitation Deficiencies",0600,"Protect each resident from all types of abuse such as physical, mental, sexual abuse, physical punishment, and neglect by anybody.",D,"Deficient, Provider has date of correction",2024-07-22,2,Y,Y,N,N,N,"135 Tripps Lane,East Providence,RI,02915",2026-06-01
415059,"AdviniaCare Orchard, LLC",135 Tripps Lane,East Providence,RI,02915,2024-04-23,Health,F,Quality of Life and Care Deficiencies,0689,Ensure that a nursing home area is free from accident hazards and provides adequate supervision to prevent accidents.,J,"Deficient, Provider has date of correction",2024-05-16,3,N,Y,N,N,N,"135 Tripps Lane,East Providence,RI,02915",2026-06-01
415059,"AdviniaCare Orchard, LLC",135 Tripps Lane,East Providence,RI,02915,2024-02-15,Health,F,Resident Assessment and Care Planning Deficiencies,0655,Create and put into place a plan for meeting the resident's most immediate needs within 48 hours of being admitted,F,"Deficient, Provider has date of correction",2024-03-05,3,N,Y,N,N,N,"135 Tripps Lane,East Providence,RI,02915",2026-06-01
415059,"AdviniaCare Orchard, LLC",135 Tripps Lane,East Providence,RI,02915,2024-02-15,Health,F,Quality of Life and Care Deficiencies,0684,"Provide appropriate treatment and care according to orders, resident’s preferences and goals.",G,"Deficient, Provider has date of correction",2024-03-05,3,N,Y,N,N,N,"135 Tripps Lane,East Providence,RI,02915",2026-06-01
415059,"AdviniaCare Orchard, LLC",135 Tripps Lane,East Providence,RI,02915,2024-01-03,Health,F,Resident Rights Deficiencies,0550,"Honor the resident's right to a dignified existence, self-determination, communication, and to exercise his or her rights.",D,"Deficient, Provider has date of correction",2024-01-24,3,N,Y,N,N,N,"135 Tripps Lane,East Providence,RI,02915",2026-06-01
415059,"AdviniaCare Orchard, LLC",135 Tripps Lane,East Providence,RI,02915,2024-01-03,Health,F,Resident Assessment and Care Planning Deficiencies,0842,Safeguard resident-identifiable information and/or maintain medical records on each resident that are in accordance with accepted professional standards.,D,"Deficient, Provider has date of correction",2024-01-24,3,N,Y,N,N,N,"135 Tripps Lane,East Providence,RI,02915",2026-06-01
415059,"AdviniaCare Orchard, LLC",135 Tripps Lane,East Providence,RI,02915,2023-12-05,Health,F,Quality of Life and Care Deficiencies,0689,Ensure that a nursing home area is free from accident hazards and provides adequate supervision to prevent accidents.,D,"Deficient, Provider has date of correction",2023-12-21,3,N,Y,N,N,N,"135 Tripps Lane,East Providence,RI,02915",2026-06-01
415059,"AdviniaCare Orchard, LLC",135 Tripps Lane,East Providence,RI,02915,2023-11-09,Health,F,Quality of Life and Care Deficiencies,0677,Provide care and assistance to perform activities of daily living for any resident who is unable.,D,"Deficient, Provider has date of correction",2023-11-30,3,N,Y,N,N,N,"135 Tripps Lane,East Providence,RI,02915",2026-06-01
415059,"AdviniaCare Orchard, LLC",135 Tripps Lane,East Providence,RI,02915,2023-06-06,Health,F,Resident Rights Deficiencies,0625,Notify the resident or the resident’s representative in writing how long the nursing home will hold the resident’s bed in cases of transfer to a hospital or therapeutic leave.,D,"Deficient, Provider has date of correction",2023-06-22,3,N,Y,N,N,N,"135 Tripps Lane,East Providence,RI,02915",2026-06-01
415059,"AdviniaCare Orchard, LLC",135 Tripps Lane,East Providence,RI,02915,2023-07-06,Health,F,Resident Rights Deficiencies,0554,Allow residents to self-administer drugs if determined clinically appropriate.,D,"Deficient, Provider has date of correction",2023-08-05,3,Y,N,N,N,N,"135 Tripps Lane,East Providence,RI,02915",2026-06-01
415059,"AdviniaCare Orchard, LLC",135 Tripps Lane,East Providence,RI,02915,2023-07-06,Health,F,Resident Assessment and Care Planning Deficiencies,0641,Ensure each resident receives an accurate assessment.,D,"Deficient, Provider has date of correction",2023-08-05,3,Y,N,N,N,N,"135 Tripps Lane,East Providence,RI,02915",2026-06-01
415059,"AdviniaCare Orchard, LLC",135 Tripps Lane,East Providence,RI,02915,2023-07-06,Health,F,Resident Assessment and Care Planning Deficiencies,0658,Ensure services provided by the nursing facility meet professional standards of quality.,J,"Deficient, Provider has date of correction",2023-08-05,3,Y,N,N,N,N,"135 Tripps Lane,East Providence,RI,02915",2026-06-01
415059,"AdviniaCare Orchard, LLC",135 Tripps Lane,East Providence,RI,02915,2023-07-06,Health,F,Quality of Life and Care Deficiencies,0684,"Provide appropriate treatment and care according to orders, resident’s preferences and goals.",J,"Deficient, Provider has date of correction",2023-08-05,3,Y,N,N,N,N,"135 Tripps Lane,East Providence,RI,02915",2026-06-01
415059,"AdviniaCare Orchard, LLC",135 Tripps Lane,East Providence,RI,02915,2023-07-06,Health,F,Quality of Life and Care Deficiencies,0685,Assist a resident in gaining access to vision and hearing services.,D,"Deficient, Provider has date of correction",2023-08-05,3,Y,N,N,N,N,"135 Tripps Lane,East Providence,RI,02915",2026-06-01
415059,"AdviniaCare Orchard, LLC",135 Tripps Lane,East Providence,RI,02915,2023-07-06,Health,F,Quality of Life and Care Deficiencies,0689,Ensure that a nursing home area is free from accident hazards and provides adequate supervision to prevent accidents.,F,"Deficient, Provider has date of correction",2023-08-05,3,Y,N,N,N,N,"135 Tripps Lane,East Providence,RI,02915",2026-06-01
415059,"AdviniaCare Orchard, LLC",135 Tripps Lane,East Providence,RI,02915,2023-07-06,Health,F,Quality of Life and Care Deficiencies,0690,"Provide appropriate care for residents who are continent or incontinent of bowel/bladder, appropriate catheter care,  and appropriate care  to prevent urinary tract infections.",E,"Deficient, Provider has date of correction",2023-08-05,3,Y,N,N,N,N,"135 Tripps Lane,East Providence,RI,02915",2026-06-01
415059,"AdviniaCare Orchard, LLC",135 Tripps Lane,East Providence,RI,02915,2023-07-06,Health,F,Quality of Life and Care Deficiencies,0692,Provide enough food/fluids to maintain a resident's health.,J,"Deficient, Provider has date of correction",2023-08-05,3,Y,N,N,N,N,"135 Tripps Lane,East Providence,RI,02915",2026-06-01
415059,"AdviniaCare Orchard, LLC",135 Tripps Lane,East Providence,RI,02915,2023-07-06,Health,F,Quality of Life and Care Deficiencies,0694,"Provide for the safe, appropriate administration of IV fluids for a resident when needed.",D,"Deficient, Provider has date of correction",2023-08-05,3,Y,N,N,N,N,"135 Tripps Lane,East Providence,RI,02915",2026-06-01
415059,"AdviniaCare Orchard, LLC",135 Tripps Lane,East Providence,RI,02915,2023-07-06,Health,F,Quality of Life and Care Deficiencies,0699,Provide care or services that was trauma informed and/or culturally competent.,F,"Deficient, Provider has date of correction",2023-08-05,3,Y,N,N,N,N,"135 Tripps Lane,East Providence,RI,02915",2026-06-01
415059,"AdviniaCare Orchard, LLC",135 Tripps Lane,East Providence,RI,02915,2023-07-06,Health,F,Nursing and Physician Services Deficiencies,0710,Obtain a doctor's order to admit a resident and ensure the resident is under a doctor's care.,J,"Deficient, Provider has date of correction",2023-08-05,3,Y,N,N,N,N,"135 Tripps Lane,East Providence,RI,02915",2026-06-01
415059,"AdviniaCare Orchard, LLC",135 Tripps Lane,East Providence,RI,02915,2023-07-06,Health,F,Pharmacy Service Deficiencies,0761,"Ensure drugs and biologicals used in the facility are labeled in accordance with currently accepted professional principles; and all drugs and biologicals must be stored in locked compartments, separately locked, compartments for controlled drugs.",D,"Deficient, Provider has date of correction",2023-08-05,3,Y,N,N,N,N,"135 Tripps Lane,East Providence,RI,02915",2026-06-01
415059,"AdviniaCare Orchard, LLC",135 Tripps Lane,East Providence,RI,02915,2023-07-06,Health,F,Nutrition and Dietary Deficiencies,0812,"Procure food from sources approved or considered satisfactory and store, prepare, distribute and serve food in accordance with professional standards.",F,"Deficient, Provider has date of correction",2023-08-05,3,Y,N,N,N,N,"135 Tripps Lane,East Providence,RI,02915",2026-06-01
415059,"AdviniaCare Orchard, LLC",135 Tripps Lane,East Providence,RI,02915,2023-07-06,Health,F,Infection Control Deficiencies,0880,Provide and implement an infection prevention and control program.,F,"Deficient, Provider has date of correction",2023-08-05,3,Y,N,N,N,N,"135 Tripps Lane,East Providence,RI,02915",2026-06-01
415060,Avalon Nursing Home INC,57 Stokes Street,Warwick,RI,02889,2026-03-11,Health,F,"Freedom from Abuse, Neglect, and Exploitation Deficiencies",0609,"Timely report suspected abuse, neglect, or theft and report the results of the investigation to proper authorities.",D,"Deficient, Provider has date of correction",2026-04-01,1,N,Y,N,N,N,"57 Stokes Street,Warwick,RI,02889",2026-06-01
415060,Avalon Nursing Home INC,57 Stokes Street,Warwick,RI,02889,2026-03-11,Health,F,"Freedom from Abuse, Neglect, and Exploitation Deficiencies",0610,Respond appropriately to all alleged violations.,D,"Deficient, Provider has date of correction",2026-04-01,1,N,Y,N,N,N,"57 Stokes Street,Warwick,RI,02889",2026-06-01
415060,Avalon Nursing Home INC,57 Stokes Street,Warwick,RI,02889,2026-03-11,Health,F,"Freedom from Abuse, Neglect, and Exploitation Deficiencies",0943,"Give their staff education on dementia care, and what abuse, neglect, and exploitation are; and how to report abuse, neglect, and exploitation.",E,"Deficient, Provider has date of correction",2026-04-01,1,N,Y,N,N,N,"57 Stokes Street,Warwick,RI,02889",2026-06-01
415060,Avalon Nursing Home INC,57 Stokes Street,Warwick,RI,02889,2025-05-30,Health,F,Resident Rights Deficiencies,0577,Allow residents to easily view the nursing home's survey results and communicate with advocate agencies.,D,"Deficient, Provider has date of correction",2025-06-20,1,Y,N,N,N,N,"57 Stokes Street,Warwick,RI,02889",2026-06-01
415060,Avalon Nursing Home INC,57 Stokes Street,Warwick,RI,02889,2025-05-30,Health,F,Resident Assessment and Care Planning Deficiencies,0658,Ensure services provided by the nursing facility meet professional standards of quality.,E,"Deficient, Provider has date of correction",2025-06-20,1,Y,N,N,N,N,"57 Stokes Street,Warwick,RI,02889",2026-06-01
415060,Avalon Nursing Home INC,57 Stokes Street,Warwick,RI,02889,2025-05-30,Health,F,Quality of Life and Care Deficiencies,0692,Provide enough food/fluids to maintain a resident's health.,G,"Deficient, Provider has date of correction",2025-06-20,1,Y,N,N,N,N,"57 Stokes Street,Warwick,RI,02889",2026-06-01
415060,Avalon Nursing Home INC,57 Stokes Street,Warwick,RI,02889,2025-05-30,Health,F,Pharmacy Service Deficiencies,0761,"Ensure drugs and biologicals used in the facility are labeled in accordance with currently accepted professional principles; and all drugs and biologicals must be stored in locked compartments, separately locked, compartments for controlled drugs.",D,"Deficient, Provider has date of correction",2025-06-20,1,Y,N,N,N,N,"57 Stokes Street,Warwick,RI,02889",2026-06-01
415060,Avalon Nursing Home INC,57 Stokes Street,Warwick,RI,02889,2025-05-30,Health,F,Nutrition and Dietary Deficiencies,0812,"Procure food from sources approved or considered satisfactory and store, prepare, distribute and serve food in accordance with professional standards.",D,"Deficient, Provider has date of correction",2025-06-20,1,Y,N,N,N,N,"57 Stokes Street,Warwick,RI,02889",2026-06-01
415060,Avalon Nursing Home INC,57 Stokes Street,Warwick,RI,02889,2025-05-30,Health,F,Environmental Deficiencies,0921,"Make sure that the nursing home area is safe, easy to use, clean and comfortable for residents, staff and the public.",E,"Deficient, Provider has date of correction",2025-06-20,1,Y,N,N,N,N,"57 Stokes Street,Warwick,RI,02889",2026-06-01
415060,Avalon Nursing Home INC,57 Stokes Street,Warwick,RI,02889,2025-05-30,Health,F,Nursing and Physician Services Deficiencies,0947,"Ensure nurse aides have the skills they need to care for residents, and give nurse aides education in dementia care and abuse prevention.",E,"Deficient, Provider has date of correction",2025-06-20,1,Y,N,N,N,N,"57 Stokes Street,Warwick,RI,02889",2026-06-01
415060,Avalon Nursing Home INC,57 Stokes Street,Warwick,RI,02889,2024-08-28,Health,F,"Freedom from Abuse, Neglect, and Exploitation Deficiencies",0609,"Timely report suspected abuse, neglect, or theft and report the results of the investigation to proper authorities.",D,"Deficient, Provider has date of correction",2024-09-23,2,N,Y,N,N,N,"57 Stokes Street,Warwick,RI,02889",2026-06-01
415060,Avalon Nursing Home INC,57 Stokes Street,Warwick,RI,02889,2024-05-31,Health,F,Resident Rights Deficiencies,0623,"Provide timely notification to the resident, and if applicable to the resident representative and ombudsman, before transfer or discharge, including appeal rights.",B,"Deficient, Provider has date of correction",2024-06-17,2,Y,N,N,N,N,"57 Stokes Street,Warwick,RI,02889",2026-06-01
415060,Avalon Nursing Home INC,57 Stokes Street,Warwick,RI,02889,2024-05-31,Health,F,Quality of Life and Care Deficiencies,0698,"Provide safe, appropriate dialysis care/services for a resident who requires such services.",E,"Deficient, Provider has date of correction",2024-06-17,2,Y,N,N,N,N,"57 Stokes Street,Warwick,RI,02889",2026-06-01
415060,Avalon Nursing Home INC,57 Stokes Street,Warwick,RI,02889,2024-05-31,Health,F,Nutrition and Dietary Deficiencies,0803,"Ensure menus must meet the nutritional needs of residents, be prepared in advance, be followed, be updated, be reviewed by dietician, and meet the needs of the resident.",D,"Deficient, Provider has date of correction",2024-06-17,2,Y,N,N,N,N,"57 Stokes Street,Warwick,RI,02889",2026-06-01
415060,Avalon Nursing Home INC,57 Stokes Street,Warwick,RI,02889,2024-05-31,Health,F,Nutrition and Dietary Deficiencies,0812,"Procure food from sources approved or considered satisfactory and store, prepare, distribute and serve food in accordance with professional standards.",F,"Deficient, Provider has date of correction",2024-06-17,2,Y,N,N,N,N,"57 Stokes Street,Warwick,RI,02889",2026-06-01
415060,Avalon Nursing Home INC,57 Stokes Street,Warwick,RI,02889,2024-05-31,Health,F,Infection Control Deficiencies,0880,Provide and implement an infection prevention and control program.,F,"Deficient, Provider has date of correction",2024-06-17,2,Y,N,N,N,N,"57 Stokes Street,Warwick,RI,02889",2026-06-01
415060,Avalon Nursing Home INC,57 Stokes Street,Warwick,RI,02889,2024-05-31,Health,F,Administration Deficiencies,0940,"Develop, implement, and/or maintain an effective training program for all new and existing staff members.",E,"Deficient, Provider has date of correction",2024-06-17,2,Y,N,N,N,N,"57 Stokes Street,Warwick,RI,02889",2026-06-01
415060,Avalon Nursing Home INC,57 Stokes Street,Warwick,RI,02889,2024-05-16,Health,F,Quality of Life and Care Deficiencies,0679,Provide activities to meet all resident's needs.,E,"Deficient, Provider has date of correction",2024-06-04,3,N,Y,N,N,N,"57 Stokes Street,Warwick,RI,02889",2026-06-01
415060,Avalon Nursing Home INC,57 Stokes Street,Warwick,RI,02889,2023-05-10,Health,F,Resident Rights Deficiencies,0558,Reasonably accommodate the needs and preferences of each resident.,D,"Deficient, Provider has date of correction",2023-05-12,3,Y,N,N,N,N,"57 Stokes Street,Warwick,RI,02889",2026-06-01
415060,Avalon Nursing Home INC,57 Stokes Street,Warwick,RI,02889,2023-05-10,Health,F,Resident Rights Deficiencies,0561,Honor the resident's right to and the facility must promote and facilitate resident self-determination through support of resident choice.,D,"Deficient, Provider has date of correction",2023-05-12,3,Y,N,N,N,N,"57 Stokes Street,Warwick,RI,02889",2026-06-01
415060,Avalon Nursing Home INC,57 Stokes Street,Warwick,RI,02889,2023-05-10,Health,F,Resident Assessment and Care Planning Deficiencies,0636,"Assess the resident completely in a timely manner  when first admitted, and then periodically, at least every 12 months.",D,"Deficient, Provider has date of correction",2023-05-12,3,Y,N,N,N,N,"57 Stokes Street,Warwick,RI,02889",2026-06-01
415060,Avalon Nursing Home INC,57 Stokes Street,Warwick,RI,02889,2023-05-10,Health,F,Resident Assessment and Care Planning Deficiencies,0656,"Develop and implement a complete care plan that meets all the resident's needs, with timetables and actions that can be measured.",D,"Deficient, Provider has date of correction",2023-05-12,3,Y,N,N,N,N,"57 Stokes Street,Warwick,RI,02889",2026-06-01
415060,Avalon Nursing Home INC,57 Stokes Street,Warwick,RI,02889,2023-05-10,Health,F,Resident Assessment and Care Planning Deficiencies,0658,Ensure services provided by the nursing facility meet professional standards of quality.,E,"Deficient, Provider has date of correction",2023-05-12,3,Y,N,N,N,N,"57 Stokes Street,Warwick,RI,02889",2026-06-01
415060,Avalon Nursing Home INC,57 Stokes Street,Warwick,RI,02889,2023-05-10,Health,F,Quality of Life and Care Deficiencies,0692,Provide enough food/fluids to maintain a resident's health.,E,"Deficient, Provider has date of correction",2023-05-12,3,Y,N,N,N,N,"57 Stokes Street,Warwick,RI,02889",2026-06-01
415060,Avalon Nursing Home INC,57 Stokes Street,Warwick,RI,02889,2023-05-10,Health,F,Quality of Life and Care Deficiencies,0791,Provide or obtain dental services for each resident.,D,"Deficient, Provider has date of correction",2023-05-12,3,Y,N,N,N,N,"57 Stokes Street,Warwick,RI,02889",2026-06-01
415060,Avalon Nursing Home INC,57 Stokes Street,Warwick,RI,02889,2023-05-10,Health,F,Nutrition and Dietary Deficiencies,0812,"Procure food from sources approved or considered satisfactory and store, prepare, distribute and serve food in accordance with professional standards.",F,"Deficient, Provider has date of correction",2023-05-12,3,Y,N,N,N,N,"57 Stokes Street,Warwick,RI,02889",2026-06-01
415060,Avalon Nursing Home INC,57 Stokes Street,Warwick,RI,02889,2023-05-10,Health,F,Infection Control Deficiencies,0881,Implement a program that monitors antibiotic use.,E,"Deficient, Provider has date of correction",2023-05-12,3,Y,N,N,N,N,"57 Stokes Street,Warwick,RI,02889",2026-06-01
415061,Brentwood Health Center,4000 Post Road,Warwick,RI,02886,2026-04-21,Health,F,"Freedom from Abuse, Neglect, and Exploitation Deficiencies",0609,"Timely report suspected abuse, neglect, or theft and report the results of the investigation to proper authorities.",D,"Deficient, Provider has no plan of correction",,1,N,Y,N,N,N,"4000 Post Road,Warwick,RI,02886",2026-06-01
415061,Brentwood Health Center,4000 Post Road,Warwick,RI,02886,2026-04-21,Health,F,Quality of Life and Care Deficiencies,0686,Provide appropriate pressure ulcer care and prevent new ulcers from developing.,G,"Deficient, Provider has no plan of correction",,1,N,Y,N,N,N,"4000 Post Road,Warwick,RI,02886",2026-06-01
415061,Brentwood Health Center,4000 Post Road,Warwick,RI,02886,2025-11-19,Health,F,Quality of Life and Care Deficiencies,0695,Provide safe and appropriate respiratory care for a resident when needed.,D,"Deficient, Provider has date of correction",2025-12-19,1,N,Y,N,N,N,"4000 Post Road,Warwick,RI,02886",2026-06-01
415061,Brentwood Health Center,4000 Post Road,Warwick,RI,02886,2025-07-25,Health,F,Resident Rights Deficiencies,0580,"Immediately tell the resident, the resident's doctor, and a family member of situations (injury/decline/room, etc.)  that affect the resident.",D,"Deficient, Provider has date of correction",2025-08-24,1,Y,N,N,N,N,"4000 Post Road,Warwick,RI,02886",2026-06-01
415061,Brentwood Health Center,4000 Post Road,Warwick,RI,02886,2025-07-25,Health,F,Resident Assessment and Care Planning Deficiencies,0658,Ensure services provided by the nursing facility meet professional standards of quality.,D,"Deficient, Provider has date of correction",2025-08-24,1,Y,N,N,N,N,"4000 Post Road,Warwick,RI,02886",2026-06-01
415061,Brentwood Health Center,4000 Post Road,Warwick,RI,02886,2025-07-25,Health,F,Quality of Life and Care Deficiencies,0690,"Provide appropriate care for residents who are continent or incontinent of bowel/bladder, appropriate catheter care,  and appropriate care  to prevent urinary tract infections.",D,"Deficient, Provider has date of correction",2025-08-24,1,Y,N,N,N,N,"4000 Post Road,Warwick,RI,02886",2026-06-01
415061,Brentwood Health Center,4000 Post Road,Warwick,RI,02886,2025-07-25,Health,F,Nursing and Physician Services Deficiencies,0726,Ensure that nurses and nurse aides have the appropriate competencies to care for every resident in a way that maximizes each resident's well being.,D,"Deficient, Provider has date of correction",2025-08-24,1,Y,N,N,N,N,"4000 Post Road,Warwick,RI,02886",2026-06-01
415061,Brentwood Health Center,4000 Post Road,Warwick,RI,02886,2025-07-25,Health,F,Nutrition and Dietary Deficiencies,0812,"Procure food from sources approved or considered satisfactory and store, prepare, distribute and serve food in accordance with professional standards.",F,"Deficient, Provider has date of correction",2025-08-24,1,Y,N,N,N,N,"4000 Post Road,Warwick,RI,02886",2026-06-01
415061,Brentwood Health Center,4000 Post Road,Warwick,RI,02886,2025-07-25,Health,F,Environmental Deficiencies,0921,"Make sure that the nursing home area is safe, easy to use, clean and comfortable for residents, staff and the public.",D,"Deficient, Provider has date of correction",2025-08-24,1,Y,N,N,N,N,"4000 Post Road,Warwick,RI,02886",2026-06-01
415061,Brentwood Health Center,4000 Post Road,Warwick,RI,02886,2025-07-25,Health,F,Quality of Life and Care Deficiencies,0684,"Provide appropriate treatment and care according to orders, resident’s preferences and goals.",D,"Deficient, Provider has date of correction",2025-08-24,1,Y,Y,N,N,N,"4000 Post Road,Warwick,RI,02886",2026-06-01
415061,Brentwood Health Center,4000 Post Road,Warwick,RI,02886,2025-04-18,Health,F,Resident Assessment and Care Planning Deficiencies,0656,"Develop and implement a complete care plan that meets all the resident's needs, with timetables and actions that can be measured.",E,"Deficient, Provider has date of correction",2025-05-18,2,N,Y,N,N,N,"4000 Post Road,Warwick,RI,02886",2026-06-01
415061,Brentwood Health Center,4000 Post Road,Warwick,RI,02886,2025-04-18,Health,F,Resident Assessment and Care Planning Deficiencies,0658,Ensure services provided by the nursing facility meet professional standards of quality.,D,"Deficient, Provider has date of correction",2025-05-18,2,N,Y,N,N,N,"4000 Post Road,Warwick,RI,02886",2026-06-01
415061,Brentwood Health Center,4000 Post Road,Warwick,RI,02886,2024-10-10,Health,F,Resident Assessment and Care Planning Deficiencies,0658,Ensure services provided by the nursing facility meet professional standards of quality.,E,"Deficient, Provider has date of correction",2024-11-09,2,N,Y,N,N,N,"4000 Post Road,Warwick,RI,02886",2026-06-01
415061,Brentwood Health Center,4000 Post Road,Warwick,RI,02886,2024-10-10,Health,F,Nursing and Physician Services Deficiencies,0726,Ensure that nurses and nurse aides have the appropriate competencies to care for every resident in a way that maximizes each resident's well being.,D,"Deficient, Provider has date of correction",2024-11-09,2,N,Y,N,N,N,"4000 Post Road,Warwick,RI,02886",2026-06-01
415061,Brentwood Health Center,4000 Post Road,Warwick,RI,02886,2024-06-06,Health,F,Resident Assessment and Care Planning Deficiencies,0658,Ensure services provided by the nursing facility meet professional standards of quality.,D,"Deficient, Provider has date of correction",2024-07-03,2,N,Y,N,N,N,"4000 Post Road,Warwick,RI,02886",2026-06-01
415061,Brentwood Health Center,4000 Post Road,Warwick,RI,02886,2024-07-11,Health,F,Resident Rights Deficiencies,0550,"Honor the resident's right to a dignified existence, self-determination, communication, and to exercise his or her rights.",D,"Deficient, Provider has date of correction",2024-08-10,2,Y,N,N,N,N,"4000 Post Road,Warwick,RI,02886",2026-06-01
415061,Brentwood Health Center,4000 Post Road,Warwick,RI,02886,2024-07-11,Health,F,Resident Rights Deficiencies,0623,"Provide timely notification to the resident, and if applicable to the resident representative and ombudsman, before transfer or discharge, including appeal rights.",B,"Deficient, Provider has date of correction",2024-08-10,2,Y,N,N,N,N,"4000 Post Road,Warwick,RI,02886",2026-06-01
415061,Brentwood Health Center,4000 Post Road,Warwick,RI,02886,2024-07-11,Health,F,Quality of Life and Care Deficiencies,0698,"Provide safe, appropriate dialysis care/services for a resident who requires such services.",E,"Deficient, Provider has date of correction",2024-08-10,2,Y,N,N,N,N,"4000 Post Road,Warwick,RI,02886",2026-06-01
415061,Brentwood Health Center,4000 Post Road,Warwick,RI,02886,2024-07-11,Health,F,Nursing and Physician Services Deficiencies,0730,Observe each nurse aide's job performance and give regular training.,F,"Deficient, Provider has date of correction",2024-08-10,2,Y,N,N,N,N,"4000 Post Road,Warwick,RI,02886",2026-06-01
415061,Brentwood Health Center,4000 Post Road,Warwick,RI,02886,2024-07-11,Health,F,Pharmacy Service Deficiencies,0760,Ensure that residents are free from significant medication errors.,D,"Deficient, Provider has date of correction",2024-08-10,2,Y,N,N,N,N,"4000 Post Road,Warwick,RI,02886",2026-06-01
415061,Brentwood Health Center,4000 Post Road,Warwick,RI,02886,2024-07-11,Health,F,Pharmacy Service Deficiencies,0761,"Ensure drugs and biologicals used in the facility are labeled in accordance with currently accepted professional principles; and all drugs and biologicals must be stored in locked compartments, separately locked, compartments for controlled drugs.",E,"Deficient, Provider has date of correction",2024-08-10,2,Y,N,N,N,N,"4000 Post Road,Warwick,RI,02886",2026-06-01
415061,Brentwood Health Center,4000 Post Road,Warwick,RI,02886,2024-07-11,Health,F,Nutrition and Dietary Deficiencies,0809,"Ensure meals and snacks are served at times in accordance with resident’s needs, preferences, and requests.  Suitable and nourishing alternative meals and snacks must be provided for residents who want to eat at non-traditional times or outside of scheduled meal times.",F,"Deficient, Provider has date of correction",2024-08-10,2,Y,N,N,N,N,"4000 Post Road,Warwick,RI,02886",2026-06-01
415061,Brentwood Health Center,4000 Post Road,Warwick,RI,02886,2024-07-11,Health,F,Nutrition and Dietary Deficiencies,0812,"Procure food from sources approved or considered satisfactory and store, prepare, distribute and serve food in accordance with professional standards.",F,"Deficient, Provider has date of correction",2024-08-10,2,Y,N,N,N,N,"4000 Post Road,Warwick,RI,02886",2026-06-01
415061,Brentwood Health Center,4000 Post Road,Warwick,RI,02886,2024-07-11,Health,F,Administration Deficiencies,0865,Have a  plan that describes the process for conducting QAPI and QAA activities.,F,"Deficient, Provider has date of correction",2024-08-10,2,Y,N,N,N,N,"4000 Post Road,Warwick,RI,02886",2026-06-01
415061,Brentwood Health Center,4000 Post Road,Warwick,RI,02886,2024-07-11,Health,F,Infection Control Deficiencies,0880,Provide and implement an infection prevention and control program.,F,"Deficient, Provider has date of correction",2024-08-10,2,Y,N,N,N,N,"4000 Post Road,Warwick,RI,02886",2026-06-01
415061,Brentwood Health Center,4000 Post Road,Warwick,RI,02886,2023-10-16,Health,F,Pharmacy Service Deficiencies,0761,"Ensure drugs and biologicals used in the facility are labeled in accordance with currently accepted professional principles; and all drugs and biologicals must be stored in locked compartments, separately locked, compartments for controlled drugs.",D,"Deficient, Provider has date of correction",2023-11-15,3,N,Y,N,N,N,"4000 Post Road,Warwick,RI,02886",2026-06-01
415061,Brentwood Health Center,4000 Post Road,Warwick,RI,02886,2023-10-05,Health,F,Resident Assessment and Care Planning Deficiencies,0658,Ensure services provided by the nursing facility meet professional standards of quality.,D,"Deficient, Provider has date of correction",2023-11-04,3,N,Y,N,N,N,"4000 Post Road,Warwick,RI,02886",2026-06-01
415061,Brentwood Health Center,4000 Post Road,Warwick,RI,02886,2023-05-22,Health,F,Resident Assessment and Care Planning Deficiencies,0658,Ensure services provided by the nursing facility meet professional standards of quality.,E,"Deficient, Provider has date of correction",2023-06-21,3,Y,N,N,N,N,"4000 Post Road,Warwick,RI,02886",2026-06-01
415061,Brentwood Health Center,4000 Post Road,Warwick,RI,02886,2023-05-22,Health,F,Quality of Life and Care Deficiencies,0690,"Provide appropriate care for residents who are continent or incontinent of bowel/bladder, appropriate catheter care,  and appropriate care  to prevent urinary tract infections.",D,"Deficient, Provider has date of correction",2023-06-21,3,Y,N,N,N,N,"4000 Post Road,Warwick,RI,02886",2026-06-01
415061,Brentwood Health Center,4000 Post Road,Warwick,RI,02886,2023-05-22,Health,F,Quality of Life and Care Deficiencies,0692,Provide enough food/fluids to maintain a resident's health.,H,"Deficient, Provider has date of correction",2023-06-21,3,Y,N,N,N,N,"4000 Post Road,Warwick,RI,02886",2026-06-01
415061,Brentwood Health Center,4000 Post Road,Warwick,RI,02886,2023-05-22,Health,F,Nutrition and Dietary Deficiencies,0812,"Procure food from sources approved or considered satisfactory and store, prepare, distribute and serve food in accordance with professional standards.",F,"Deficient, Provider has date of correction",2023-06-21,3,Y,N,N,N,N,"4000 Post Road,Warwick,RI,02886",2026-06-01
415061,Brentwood Health Center,4000 Post Road,Warwick,RI,02886,2023-05-22,Health,F,Administration Deficiencies,0838,Conduct and document a facility-wide assessment to determine what resources are necessary to care for residents competently during both day-to-day operations (including nights and weekends) and emergencies.,E,"Deficient, Provider has date of correction",2023-06-21,3,Y,N,N,N,N,"4000 Post Road,Warwick,RI,02886",2026-06-01
415061,Brentwood Health Center,4000 Post Road,Warwick,RI,02886,2023-05-22,Health,F,Infection Control Deficiencies,0880,Provide and implement an infection prevention and control program.,E,"Deficient, Provider has date of correction",2023-06-21,3,Y,N,N,N,N,"4000 Post Road,Warwick,RI,02886",2026-06-01
415061,Brentwood Health Center,4000 Post Road,Warwick,RI,02886,2023-05-22,Health,F,Environmental Deficiencies,0919,Make sure that a working call system is available in each resident's  bathroom and bathing area.,E,"Deficient, Provider has date of correction",2023-06-21,3,Y,N,N,N,N,"4000 Post Road,Warwick,RI,02886",2026-06-01
415061,Brentwood Health Center,4000 Post Road,Warwick,RI,02886,2023-05-22,Health,F,Administration Deficiencies,0944,"Conduct mandatory training, for all staff, on the facility’s Quality Assurance and Performance Improvement Program.",F,"Deficient, Provider has date of correction",2023-06-21,3,Y,N,N,N,N,"4000 Post Road,Warwick,RI,02886",2026-06-01
415062,Morgan Health Center,80 Morgan Avenue,Johnston,RI,02919,2026-04-30,Health,F,Quality of Life and Care Deficiencies,0684,"Provide appropriate treatment and care according to orders, resident’s preferences and goals.",K,"Deficient, Provider has date of correction",2026-05-13,1,N,Y,N,N,N,"80 Morgan Avenue,Johnston,RI,02919",2026-06-01
415062,Morgan Health Center,80 Morgan Avenue,Johnston,RI,02919,2025-12-18,Health,F,Quality of Life and Care Deficiencies,0686,Provide appropriate pressure ulcer care and prevent new ulcers from developing.,D,"Deficient, Provider has date of correction",2026-01-07,1,N,Y,N,N,N,"80 Morgan Avenue,Johnston,RI,02919",2026-06-01
415062,Morgan Health Center,80 Morgan Avenue,Johnston,RI,02919,2025-07-23,Health,F,Resident Assessment and Care Planning Deficiencies,0658,Ensure services provided by the nursing facility meet professional standards of quality.,E,"Deficient, Provider has date of correction",2025-08-08,1,N,Y,N,N,N,"80 Morgan Avenue,Johnston,RI,02919",2026-06-01
415062,Morgan Health Center,80 Morgan Avenue,Johnston,RI,02919,2025-07-23,Health,F,Pharmacy Service Deficiencies,0756,"Ensure a licensed pharmacist perform a monthly drug regimen review, including the medical chart, following irregularity reporting guidelines in developed policies and procedures.",E,"Deficient, Provider has date of correction",2025-08-08,1,N,Y,N,N,N,"80 Morgan Avenue,Johnston,RI,02919",2026-06-01
415062,Morgan Health Center,80 Morgan Avenue,Johnston,RI,02919,2025-05-22,Health,F,"Freedom from Abuse, Neglect, and Exploitation Deficiencies",0605,Prevent the use of unnecessary psychotropic medications or use medications that may restrain a resident's ability to function.,D,"Deficient, Provider has date of correction",2025-06-15,1,Y,N,N,N,N,"80 Morgan Avenue,Johnston,RI,02919",2026-06-01
415062,Morgan Health Center,80 Morgan Avenue,Johnston,RI,02919,2025-05-22,Health,F,Pharmacy Service Deficiencies,0755,Provide pharmaceutical services to meet the needs of each resident and employ or obtain the services of a licensed pharmacist.,D,"Deficient, Provider has date of correction",2025-06-15,1,Y,N,N,N,N,"80 Morgan Avenue,Johnston,RI,02919",2026-06-01
415062,Morgan Health Center,80 Morgan Avenue,Johnston,RI,02919,2025-05-22,Health,F,Pharmacy Service Deficiencies,0759,Ensure medication error rates are not 5 percent or greater.,D,"Deficient, Provider has date of correction",2025-06-15,1,Y,N,N,N,N,"80 Morgan Avenue,Johnston,RI,02919",2026-06-01
415062,Morgan Health Center,80 Morgan Avenue,Johnston,RI,02919,2025-05-22,Health,F,Pharmacy Service Deficiencies,0761,"Ensure drugs and biologicals used in the facility are labeled in accordance with currently accepted professional principles; and all drugs and biologicals must be stored in locked compartments, separately locked, compartments for controlled drugs.",E,"Deficient, Provider has date of correction",2025-06-15,1,Y,N,N,N,N,"80 Morgan Avenue,Johnston,RI,02919",2026-06-01
415062,Morgan Health Center,80 Morgan Avenue,Johnston,RI,02919,2025-04-08,Health,F,Quality of Life and Care Deficiencies,0684,"Provide appropriate treatment and care according to orders, resident’s preferences and goals.",E,"Deficient, Provider has date of correction",2025-04-25,2,N,Y,N,N,N,"80 Morgan Avenue,Johnston,RI,02919",2026-06-01
415062,Morgan Health Center,80 Morgan Avenue,Johnston,RI,02919,2024-09-09,Health,F,"Freedom from Abuse, Neglect, and Exploitation Deficiencies",0600,"Protect each resident from all types of abuse such as physical, mental, sexual abuse, physical punishment, and neglect by anybody.",D,"Deficient, Provider has date of correction",2024-09-20,2,N,Y,N,N,N,"80 Morgan Avenue,Johnston,RI,02919",2026-06-01
415062,Morgan Health Center,80 Morgan Avenue,Johnston,RI,02919,2024-07-10,Health,F,Administration Deficiencies,0773,Provide or obtain laboratory tests/services when ordered and promptly tell the ordering practitioner of the results.,D,"Deficient, Provider has date of correction",2024-07-24,2,N,Y,N,N,N,"80 Morgan Avenue,Johnston,RI,02919",2026-06-01
415062,Morgan Health Center,80 Morgan Avenue,Johnston,RI,02919,2024-06-05,Health,F,Infection Control Deficiencies,0880,Provide and implement an infection prevention and control program.,F,"Deficient, Provider has date of correction",2024-06-14,2,Y,N,N,N,N,"80 Morgan Avenue,Johnston,RI,02919",2026-06-01
415062,Morgan Health Center,80 Morgan Avenue,Johnston,RI,02919,2024-03-29,Health,F,Resident Rights Deficiencies,0550,"Honor the resident's right to a dignified existence, self-determination, communication, and to exercise his or her rights.",D,"Deficient, Provider has date of correction",2024-04-12,3,N,Y,N,N,N,"80 Morgan Avenue,Johnston,RI,02919",2026-06-01
415062,Morgan Health Center,80 Morgan Avenue,Johnston,RI,02919,2024-03-29,Health,F,"Freedom from Abuse, Neglect, and Exploitation Deficiencies",0609,"Timely report suspected abuse, neglect, or theft and report the results of the investigation to proper authorities.",D,"Deficient, Provider has date of correction",2024-04-12,3,N,Y,N,N,N,"80 Morgan Avenue,Johnston,RI,02919",2026-06-01
415062,Morgan Health Center,80 Morgan Avenue,Johnston,RI,02919,2024-03-29,Health,F,"Freedom from Abuse, Neglect, and Exploitation Deficiencies",0610,Respond appropriately to all alleged violations.,D,"Deficient, Provider has date of correction",2024-04-12,3,N,Y,N,N,N,"80 Morgan Avenue,Johnston,RI,02919",2026-06-01
415062,Morgan Health Center,80 Morgan Avenue,Johnston,RI,02919,2024-02-20,Health,F,Pharmacy Service Deficiencies,0757,Ensure each resident’s drug regimen must be free from unnecessary drugs.,D,"Deficient, Provider has date of correction",2024-03-04,3,N,Y,N,N,N,"80 Morgan Avenue,Johnston,RI,02919",2026-06-01
415062,Morgan Health Center,80 Morgan Avenue,Johnston,RI,02919,2024-02-08,Health,F,Quality of Life and Care Deficiencies,0690,"Provide appropriate care for residents who are continent or incontinent of bowel/bladder, appropriate catheter care,  and appropriate care  to prevent urinary tract infections.",D,"Deficient, Provider has date of correction",2024-02-26,3,N,Y,N,N,N,"80 Morgan Avenue,Johnston,RI,02919",2026-06-01
415062,Morgan Health Center,80 Morgan Avenue,Johnston,RI,02919,2024-02-08,Health,F,Infection Control Deficiencies,0880,Provide and implement an infection prevention and control program.,D,"Deficient, Provider has date of correction",2024-02-26,3,N,Y,N,N,N,"80 Morgan Avenue,Johnston,RI,02919",2026-06-01
415062,Morgan Health Center,80 Morgan Avenue,Johnston,RI,02919,2023-10-17,Health,F,Infection Control Deficiencies,0880,Provide and implement an infection prevention and control program.,D,"Deficient, Provider has date of correction",2023-10-27,3,N,Y,N,N,N,"80 Morgan Avenue,Johnston,RI,02919",2026-06-01
415062,Morgan Health Center,80 Morgan Avenue,Johnston,RI,02919,2023-10-04,Health,F,Quality of Life and Care Deficiencies,0684,"Provide appropriate treatment and care according to orders, resident’s preferences and goals.",D,"Deficient, Provider has date of correction",2023-10-27,3,N,Y,N,N,N,"80 Morgan Avenue,Johnston,RI,02919",2026-06-01
415062,Morgan Health Center,80 Morgan Avenue,Johnston,RI,02919,2023-07-06,Health,F,Quality of Life and Care Deficiencies,0692,Provide enough food/fluids to maintain a resident's health.,D,"Deficient, Provider has date of correction",2023-08-01,3,N,Y,N,N,N,"80 Morgan Avenue,Johnston,RI,02919",2026-06-01
415062,Morgan Health Center,80 Morgan Avenue,Johnston,RI,02919,2023-07-06,Health,F,Pharmacy Service Deficiencies,0755,Provide pharmaceutical services to meet the needs of each resident and employ or obtain the services of a licensed pharmacist.,D,"Deficient, Provider has date of correction",2023-08-01,3,N,Y,N,N,N,"80 Morgan Avenue,Johnston,RI,02919",2026-06-01
415062,Morgan Health Center,80 Morgan Avenue,Johnston,RI,02919,2023-04-19,Health,F,Quality of Life and Care Deficiencies,0690,"Provide appropriate care for residents who are continent or incontinent of bowel/bladder, appropriate catheter care,  and appropriate care  to prevent urinary tract infections.",E,"Deficient, Provider has date of correction",2023-05-03,3,Y,N,N,N,N,"80 Morgan Avenue,Johnston,RI,02919",2026-06-01
415062,Morgan Health Center,80 Morgan Avenue,Johnston,RI,02919,2023-04-19,Health,F,Pharmacy Service Deficiencies,0761,"Ensure drugs and biologicals used in the facility are labeled in accordance with currently accepted professional principles; and all drugs and biologicals must be stored in locked compartments, separately locked, compartments for controlled drugs.",E,"Deficient, Provider has date of correction",2023-05-03,3,Y,N,N,N,N,"80 Morgan Avenue,Johnston,RI,02919",2026-06-01
415062,Morgan Health Center,80 Morgan Avenue,Johnston,RI,02919,2023-04-19,Health,F,Nutrition and Dietary Deficiencies,0812,"Procure food from sources approved or considered satisfactory and store, prepare, distribute and serve food in accordance with professional standards.",F,"Deficient, Provider has date of correction",2023-05-03,3,Y,N,N,N,N,"80 Morgan Avenue,Johnston,RI,02919",2026-06-01
415062,Morgan Health Center,80 Morgan Avenue,Johnston,RI,02919,2023-04-19,Health,F,Resident Assessment and Care Planning Deficiencies,0842,Safeguard resident-identifiable information and/or maintain medical records on each resident that are in accordance with accepted professional standards.,E,"Deficient, Provider has date of correction",2023-05-03,3,Y,N,N,N,N,"80 Morgan Avenue,Johnston,RI,02919",2026-06-01
415063,Bayview Rehabilitation and Healthcare Center,860 North Quidnessett Road,North Kingstown,RI,02852,2026-03-20,Health,F,Nursing and Physician Services Deficiencies,0726,Ensure that nurses and nurse aides have the appropriate competencies to care for every resident in a way that maximizes each resident's well being.,G,"Deficient, Provider has date of correction",2026-03-21,1,N,Y,N,N,N,"860 North Quidnessett Road,North Kingstown,RI,02852",2026-06-01
415063,Bayview Rehabilitation and Healthcare Center,860 North Quidnessett Road,North Kingstown,RI,02852,2026-03-20,Health,F,Pharmacy Service Deficiencies,0760,Ensure that residents are free from significant medication errors.,J,Past Non-Compliance,,1,N,Y,N,N,N,"860 North Quidnessett Road,North Kingstown,RI,02852",2026-06-01
415063,Bayview Rehabilitation and Healthcare Center,860 North Quidnessett Road,North Kingstown,RI,02852,2025-12-01,Health,F,Resident Assessment and Care Planning Deficiencies,0658,Ensure services provided by the nursing facility meet professional standards of quality.,E,"Deficient, Provider has date of correction",2025-12-22,1,N,Y,N,N,N,"860 North Quidnessett Road,North Kingstown,RI,02852",2026-06-01
415063,Bayview Rehabilitation and Healthcare Center,860 North Quidnessett Road,North Kingstown,RI,02852,2025-12-01,Health,F,Pharmacy Service Deficiencies,0757,Ensure each resident’s drug regimen must be free from unnecessary drugs.,D,"Deficient, Provider has date of correction",2025-12-22,1,N,Y,N,N,N,"860 North Quidnessett Road,North Kingstown,RI,02852",2026-06-01
415063,Bayview Rehabilitation and Healthcare Center,860 North Quidnessett Road,North Kingstown,RI,02852,2025-12-01,Health,F,Pharmacy Service Deficiencies,0760,Ensure that residents are free from significant medication errors.,D,"Deficient, Provider has date of correction",2025-12-22,1,N,Y,N,N,N,"860 North Quidnessett Road,North Kingstown,RI,02852",2026-06-01
415063,Bayview Rehabilitation and Healthcare Center,860 North Quidnessett Road,North Kingstown,RI,02852,2025-09-11,Health,F,Resident Assessment and Care Planning Deficiencies,0658,Ensure services provided by the nursing facility meet professional standards of quality.,E,"Deficient, Provider has date of correction",2025-11-10,1,Y,N,N,N,N,"860 North Quidnessett Road,North Kingstown,RI,02852",2026-06-01
415063,Bayview Rehabilitation and Healthcare Center,860 North Quidnessett Road,North Kingstown,RI,02852,2025-09-11,Health,F,Quality of Life and Care Deficiencies,0695,Provide safe and appropriate respiratory care for a resident when needed.,D,"Deficient, Provider has date of correction",2025-11-10,1,Y,N,N,N,N,"860 North Quidnessett Road,North Kingstown,RI,02852",2026-06-01
415063,Bayview Rehabilitation and Healthcare Center,860 North Quidnessett Road,North Kingstown,RI,02852,2025-09-11,Health,F,Pharmacy Service Deficiencies,0760,Ensure that residents are free from significant medication errors.,D,"Deficient, Provider has date of correction",2025-11-10,1,Y,N,N,N,N,"860 North Quidnessett Road,North Kingstown,RI,02852",2026-06-01
415063,Bayview Rehabilitation and Healthcare Center,860 North Quidnessett Road,North Kingstown,RI,02852,2025-09-11,Health,F,Resident Assessment and Care Planning Deficiencies,0842,Safeguard resident-identifiable information and/or maintain medical records on each resident that are in accordance with accepted professional standards.,B,"Deficient, Provider has date of correction",2025-11-10,1,Y,N,N,N,N,"860 North Quidnessett Road,North Kingstown,RI,02852",2026-06-01
415063,Bayview Rehabilitation and Healthcare Center,860 North Quidnessett Road,North Kingstown,RI,02852,2025-09-11,Health,F,Infection Control Deficiencies,0880,Provide and implement an infection prevention and control program.,D,"Deficient, Provider has date of correction",2025-11-10,1,Y,N,N,N,N,"860 North Quidnessett Road,North Kingstown,RI,02852",2026-06-01
415063,Bayview Rehabilitation and Healthcare Center,860 North Quidnessett Road,North Kingstown,RI,02852,2024-10-23,Health,F,Resident Rights Deficiencies,0553,Allow resident to participate in the development and implementation of his or her person-centered plan of care.,D,"Deficient, Provider has date of correction",2024-11-12,2,N,Y,N,N,N,"860 North Quidnessett Road,North Kingstown,RI,02852",2026-06-01
415063,Bayview Rehabilitation and Healthcare Center,860 North Quidnessett Road,North Kingstown,RI,02852,2024-09-03,Health,F,Quality of Life and Care Deficiencies,0690,"Provide appropriate care for residents who are continent or incontinent of bowel/bladder, appropriate catheter care,  and appropriate care  to prevent urinary tract infections.",D,"Deficient, Provider has date of correction",2024-09-18,2,N,Y,N,N,N,"860 North Quidnessett Road,North Kingstown,RI,02852",2026-06-01
415063,Bayview Rehabilitation and Healthcare Center,860 North Quidnessett Road,North Kingstown,RI,02852,2024-08-22,Health,F,Resident Assessment and Care Planning Deficiencies,0656,"Develop and implement a complete care plan that meets all the resident's needs, with timetables and actions that can be measured.",E,"Deficient, Provider has date of correction",2024-09-18,2,Y,N,N,N,N,"860 North Quidnessett Road,North Kingstown,RI,02852",2026-06-01
415063,Bayview Rehabilitation and Healthcare Center,860 North Quidnessett Road,North Kingstown,RI,02852,2024-08-22,Health,F,Resident Assessment and Care Planning Deficiencies,0658,Ensure services provided by the nursing facility meet professional standards of quality.,D,"Deficient, Provider has date of correction",2024-09-18,2,Y,N,N,N,N,"860 North Quidnessett Road,North Kingstown,RI,02852",2026-06-01
415063,Bayview Rehabilitation and Healthcare Center,860 North Quidnessett Road,North Kingstown,RI,02852,2024-08-22,Health,F,Quality of Life and Care Deficiencies,0684,"Provide appropriate treatment and care according to orders, resident’s preferences and goals.",E,"Deficient, Provider has date of correction",2024-09-18,2,Y,N,N,N,N,"860 North Quidnessett Road,North Kingstown,RI,02852",2026-06-01
415063,Bayview Rehabilitation and Healthcare Center,860 North Quidnessett Road,North Kingstown,RI,02852,2024-08-22,Health,F,Quality of Life and Care Deficiencies,0690,"Provide appropriate care for residents who are continent or incontinent of bowel/bladder, appropriate catheter care,  and appropriate care  to prevent urinary tract infections.",D,"Deficient, Provider has date of correction",2024-09-18,2,Y,N,N,N,N,"860 North Quidnessett Road,North Kingstown,RI,02852",2026-06-01
415063,Bayview Rehabilitation and Healthcare Center,860 North Quidnessett Road,North Kingstown,RI,02852,2024-08-22,Health,F,Nursing and Physician Services Deficiencies,0730,Observe each nurse aide's job performance and give regular training.,E,"Deficient, Provider has date of correction",2024-09-18,2,Y,N,N,N,N,"860 North Quidnessett Road,North Kingstown,RI,02852",2026-06-01
415063,Bayview Rehabilitation and Healthcare Center,860 North Quidnessett Road,North Kingstown,RI,02852,2024-08-22,Health,F,Quality of Life and Care Deficiencies,0740,Ensure each resident must receive and the facility must provide necessary behavioral health care and services.,G,"Deficient, Provider has date of correction",2024-09-18,2,Y,N,N,N,N,"860 North Quidnessett Road,North Kingstown,RI,02852",2026-06-01
415063,Bayview Rehabilitation and Healthcare Center,860 North Quidnessett Road,North Kingstown,RI,02852,2024-08-22,Health,F,Pharmacy Service Deficiencies,0759,Ensure medication error rates are not 5 percent or greater.,D,"Deficient, Provider has date of correction",2024-09-18,2,Y,N,N,N,N,"860 North Quidnessett Road,North Kingstown,RI,02852",2026-06-01
415063,Bayview Rehabilitation and Healthcare Center,860 North Quidnessett Road,North Kingstown,RI,02852,2024-08-22,Health,F,Pharmacy Service Deficiencies,0761,"Ensure drugs and biologicals used in the facility are labeled in accordance with currently accepted professional principles; and all drugs and biologicals must be stored in locked compartments, separately locked, compartments for controlled drugs.",D,"Deficient, Provider has date of correction",2024-09-18,2,Y,N,N,N,N,"860 North Quidnessett Road,North Kingstown,RI,02852",2026-06-01
415063,Bayview Rehabilitation and Healthcare Center,860 North Quidnessett Road,North Kingstown,RI,02852,2024-08-22,Health,F,Nutrition and Dietary Deficiencies,0812,"Procure food from sources approved or considered satisfactory and store, prepare, distribute and serve food in accordance with professional standards.",E,"Deficient, Provider has date of correction",2024-09-18,2,Y,N,N,N,N,"860 North Quidnessett Road,North Kingstown,RI,02852",2026-06-01
415063,Bayview Rehabilitation and Healthcare Center,860 North Quidnessett Road,North Kingstown,RI,02852,2024-08-22,Health,F,Resident Assessment and Care Planning Deficiencies,0842,Safeguard resident-identifiable information and/or maintain medical records on each resident that are in accordance with accepted professional standards.,E,"Deficient, Provider has date of correction",2024-09-18,2,Y,N,N,N,N,"860 North Quidnessett Road,North Kingstown,RI,02852",2026-06-01
415063,Bayview Rehabilitation and Healthcare Center,860 North Quidnessett Road,North Kingstown,RI,02852,2024-08-22,Health,F,Infection Control Deficiencies,0880,Provide and implement an infection prevention and control program.,K,"Deficient, Provider has date of correction",2024-09-18,2,Y,N,N,N,N,"860 North Quidnessett Road,North Kingstown,RI,02852",2026-06-01
415063,Bayview Rehabilitation and Healthcare Center,860 North Quidnessett Road,North Kingstown,RI,02852,2024-08-22,Health,F,"Freedom from Abuse, Neglect, and Exploitation Deficiencies",0600,"Protect each resident from all types of abuse such as physical, mental, sexual abuse, physical punishment, and neglect by anybody.",G,"Deficient, Provider has date of correction",2024-09-18,2,Y,Y,N,N,N,"860 North Quidnessett Road,North Kingstown,RI,02852",2026-06-01
415063,Bayview Rehabilitation and Healthcare Center,860 North Quidnessett Road,North Kingstown,RI,02852,2023-12-28,Health,F,"Freedom from Abuse, Neglect, and Exploitation Deficiencies",0600,"Protect each resident from all types of abuse such as physical, mental, sexual abuse, physical punishment, and neglect by anybody.",D,"Deficient, Provider has date of correction",2023-12-28,3,N,Y,N,N,N,"860 North Quidnessett Road,North Kingstown,RI,02852",2026-06-01
415063,Bayview Rehabilitation and Healthcare Center,860 North Quidnessett Road,North Kingstown,RI,02852,2023-08-11,Health,F,Resident Assessment and Care Planning Deficiencies,0656,"Develop and implement a complete care plan that meets all the resident's needs, with timetables and actions that can be measured.",D,"Deficient, Provider has date of correction",2023-09-01,3,Y,N,N,N,N,"860 North Quidnessett Road,North Kingstown,RI,02852",2026-06-01
415063,Bayview Rehabilitation and Healthcare Center,860 North Quidnessett Road,North Kingstown,RI,02852,2023-08-11,Health,F,Resident Assessment and Care Planning Deficiencies,0658,Ensure services provided by the nursing facility meet professional standards of quality.,D,"Deficient, Provider has date of correction",2023-09-01,3,Y,N,N,N,N,"860 North Quidnessett Road,North Kingstown,RI,02852",2026-06-01
415063,Bayview Rehabilitation and Healthcare Center,860 North Quidnessett Road,North Kingstown,RI,02852,2023-08-11,Health,F,Quality of Life and Care Deficiencies,0689,Ensure that a nursing home area is free from accident hazards and provides adequate supervision to prevent accidents.,D,"Deficient, Provider has date of correction",2023-09-01,3,Y,N,N,N,N,"860 North Quidnessett Road,North Kingstown,RI,02852",2026-06-01
415063,Bayview Rehabilitation and Healthcare Center,860 North Quidnessett Road,North Kingstown,RI,02852,2023-08-11,Health,F,Pharmacy Service Deficiencies,0755,Provide pharmaceutical services to meet the needs of each resident and employ or obtain the services of a licensed pharmacist.,E,"Deficient, Provider has date of correction",2023-09-01,3,Y,N,N,N,N,"860 North Quidnessett Road,North Kingstown,RI,02852",2026-06-01
415063,Bayview Rehabilitation and Healthcare Center,860 North Quidnessett Road,North Kingstown,RI,02852,2023-08-11,Health,F,Pharmacy Service Deficiencies,0760,Ensure that residents are free from significant medication errors.,D,"Deficient, Provider has date of correction",2023-09-01,3,Y,N,N,N,N,"860 North Quidnessett Road,North Kingstown,RI,02852",2026-06-01
415063,Bayview Rehabilitation and Healthcare Center,860 North Quidnessett Road,North Kingstown,RI,02852,2023-08-11,Health,F,Pharmacy Service Deficiencies,0761,"Ensure drugs and biologicals used in the facility are labeled in accordance with currently accepted professional principles; and all drugs and biologicals must be stored in locked compartments, separately locked, compartments for controlled drugs.",D,"Deficient, Provider has date of correction",2023-09-01,3,Y,N,N,N,N,"860 North Quidnessett Road,North Kingstown,RI,02852",2026-06-01
415063,Bayview Rehabilitation and Healthcare Center,860 North Quidnessett Road,North Kingstown,RI,02852,2023-08-11,Health,F,Nutrition and Dietary Deficiencies,0806,"Ensure each resident receives and the facility provides food that accommodates resident allergies, intolerances, and preferences, as well as appealing options.",D,"Deficient, Provider has date of correction",2023-09-01,3,Y,N,N,N,N,"860 North Quidnessett Road,North Kingstown,RI,02852",2026-06-01
415064,Pawtucket Falls Healthcare Center,70 Gill Ave,Pawtucket,RI,02861,2026-03-25,Health,F,"Freedom from Abuse, Neglect, and Exploitation Deficiencies",0600,"Protect each resident from all types of abuse such as physical, mental, sexual abuse, physical punishment, and neglect by anybody.",D,"Deficient, Provider has date of correction",2026-03-31,1,N,Y,N,N,N,"70 Gill Ave,Pawtucket,RI,02861",2026-06-01
415064,Pawtucket Falls Healthcare Center,70 Gill Ave,Pawtucket,RI,02861,2024-12-12,Health,F,Resident Assessment and Care Planning Deficiencies,0641,Ensure each resident receives an accurate assessment.,D,"Deficient, Provider has date of correction",2025-01-10,1,Y,N,N,N,N,"70 Gill Ave,Pawtucket,RI,02861",2026-06-01
415064,Pawtucket Falls Healthcare Center,70 Gill Ave,Pawtucket,RI,02861,2024-12-12,Health,F,Resident Assessment and Care Planning Deficiencies,0658,Ensure services provided by the nursing facility meet professional standards of quality.,D,"Deficient, Provider has date of correction",2025-01-10,1,Y,N,N,N,N,"70 Gill Ave,Pawtucket,RI,02861",2026-06-01
415064,Pawtucket Falls Healthcare Center,70 Gill Ave,Pawtucket,RI,02861,2024-12-12,Health,F,Quality of Life and Care Deficiencies,0688,"Provide appropriate care for a resident to maintain and/or improve range of motion (ROM), limited ROM and/or mobility, unless a decline is for a medical reason.",E,"Deficient, Provider has date of correction",2025-01-10,1,Y,N,N,N,N,"70 Gill Ave,Pawtucket,RI,02861",2026-06-01
415064,Pawtucket Falls Healthcare Center,70 Gill Ave,Pawtucket,RI,02861,2024-12-12,Health,F,Quality of Life and Care Deficiencies,0698,"Provide safe, appropriate dialysis care/services for a resident who requires such services.",E,"Deficient, Provider has date of correction",2025-01-10,1,Y,N,N,N,N,"70 Gill Ave,Pawtucket,RI,02861",2026-06-01
415064,Pawtucket Falls Healthcare Center,70 Gill Ave,Pawtucket,RI,02861,2024-12-23,Health,F,Quality of Life and Care Deficiencies,0745,Provide medically-related social services to help each resident achieve the highest possible quality of life.,D,"Deficient, Provider has date of correction",2024-12-30,2,N,Y,N,N,N,"70 Gill Ave,Pawtucket,RI,02861",2026-06-01
415064,Pawtucket Falls Healthcare Center,70 Gill Ave,Pawtucket,RI,02861,2024-08-16,Health,F,Nursing and Physician Services Deficiencies,0726,Ensure that nurses and nurse aides have the appropriate competencies to care for every resident in a way that maximizes each resident's well being.,F,"Deficient, Provider has date of correction",2024-09-09,2,N,Y,N,N,N,"70 Gill Ave,Pawtucket,RI,02861",2026-06-01
415064,Pawtucket Falls Healthcare Center,70 Gill Ave,Pawtucket,RI,02861,2024-08-16,Health,F,Pharmacy Service Deficiencies,0760,Ensure that residents are free from significant medication errors.,E,"Deficient, Provider has date of correction",2024-09-09,2,N,Y,N,N,N,"70 Gill Ave,Pawtucket,RI,02861",2026-06-01
415064,Pawtucket Falls Healthcare Center,70 Gill Ave,Pawtucket,RI,02861,2024-08-16,Health,F,Nutrition and Dietary Deficiencies,0812,"Procure food from sources approved or considered satisfactory and store, prepare, distribute and serve food in accordance with professional standards.",F,"Deficient, Provider has date of correction",2024-09-09,2,N,Y,N,N,N,"70 Gill Ave,Pawtucket,RI,02861",2026-06-01
415064,Pawtucket Falls Healthcare Center,70 Gill Ave,Pawtucket,RI,02861,2024-08-16,Health,F,Administration Deficiencies,0835,Administer the facility in a manner that enables it to use its resources effectively and efficiently.,L,"Deficient, Provider has date of correction",2024-09-09,2,N,Y,N,N,N,"70 Gill Ave,Pawtucket,RI,02861",2026-06-01
415064,Pawtucket Falls Healthcare Center,70 Gill Ave,Pawtucket,RI,02861,2024-08-16,Health,F,Infection Control Deficiencies,0880,Provide and implement an infection prevention and control program.,L,"Deficient, Provider has date of correction",2024-09-09,2,N,Y,N,N,N,"70 Gill Ave,Pawtucket,RI,02861",2026-06-01
415064,Pawtucket Falls Healthcare Center,70 Gill Ave,Pawtucket,RI,02861,2024-08-16,Health,F,Administration Deficiencies,0940,"Develop, implement, and/or maintain an effective training program for all new and existing staff members.",E,"Deficient, Provider has date of correction",2024-09-09,2,N,Y,N,N,N,"70 Gill Ave,Pawtucket,RI,02861",2026-06-01
415064,Pawtucket Falls Healthcare Center,70 Gill Ave,Pawtucket,RI,02861,2023-12-13,Health,F,Resident Rights Deficiencies,0577,Allow residents to easily view the nursing home's survey results and communicate with advocate agencies.,B,"Deficient, Provider has date of correction",2023-12-28,2,Y,N,N,N,N,"70 Gill Ave,Pawtucket,RI,02861",2026-06-01
415064,Pawtucket Falls Healthcare Center,70 Gill Ave,Pawtucket,RI,02861,2023-12-13,Health,F,Resident Assessment and Care Planning Deficiencies,0657,"Develop the complete care plan within 7 days of the comprehensive assessment; and prepared, reviewed, and revised by a team of health professionals.",E,"Deficient, Provider has date of correction",2023-12-28,2,Y,N,N,N,N,"70 Gill Ave,Pawtucket,RI,02861",2026-06-01
415064,Pawtucket Falls Healthcare Center,70 Gill Ave,Pawtucket,RI,02861,2023-12-13,Health,F,Quality of Life and Care Deficiencies,0686,Provide appropriate pressure ulcer care and prevent new ulcers from developing.,D,"Deficient, Provider has date of correction",2023-12-28,2,Y,N,N,N,N,"70 Gill Ave,Pawtucket,RI,02861",2026-06-01
415064,Pawtucket Falls Healthcare Center,70 Gill Ave,Pawtucket,RI,02861,2023-12-13,Health,F,Quality of Life and Care Deficiencies,0690,"Provide appropriate care for residents who are continent or incontinent of bowel/bladder, appropriate catheter care,  and appropriate care  to prevent urinary tract infections.",E,"Deficient, Provider has date of correction",2023-12-28,2,Y,N,N,N,N,"70 Gill Ave,Pawtucket,RI,02861",2026-06-01
415064,Pawtucket Falls Healthcare Center,70 Gill Ave,Pawtucket,RI,02861,2023-12-13,Health,F,Quality of Life and Care Deficiencies,0695,Provide safe and appropriate respiratory care for a resident when needed.,D,"Deficient, Provider has date of correction",2023-12-28,2,Y,N,N,N,N,"70 Gill Ave,Pawtucket,RI,02861",2026-06-01
415064,Pawtucket Falls Healthcare Center,70 Gill Ave,Pawtucket,RI,02861,2023-12-13,Health,F,Quality of Life and Care Deficiencies,0699,Provide care or services that was trauma informed and/or culturally competent.,E,"Deficient, Provider has date of correction",2023-12-28,2,Y,N,N,N,N,"70 Gill Ave,Pawtucket,RI,02861",2026-06-01
415064,Pawtucket Falls Healthcare Center,70 Gill Ave,Pawtucket,RI,02861,2023-12-13,Health,F,Pharmacy Service Deficiencies,0757,Ensure each resident’s drug regimen must be free from unnecessary drugs.,D,"Deficient, Provider has date of correction",2023-12-28,2,Y,N,N,N,N,"70 Gill Ave,Pawtucket,RI,02861",2026-06-01
415064,Pawtucket Falls Healthcare Center,70 Gill Ave,Pawtucket,RI,02861,2023-12-13,Health,F,Pharmacy Service Deficiencies,0761,"Ensure drugs and biologicals used in the facility are labeled in accordance with currently accepted professional principles; and all drugs and biologicals must be stored in locked compartments, separately locked, compartments for controlled drugs.",E,"Deficient, Provider has date of correction",2023-12-28,2,Y,N,N,N,N,"70 Gill Ave,Pawtucket,RI,02861",2026-06-01
415064,Pawtucket Falls Healthcare Center,70 Gill Ave,Pawtucket,RI,02861,2024-05-13,Health,F,Resident Rights Deficiencies,0625,Notify the resident or the resident’s representative in writing how long the nursing home will hold the resident’s bed in cases of transfer to a hospital or therapeutic leave.,D,"Deficient, Provider has date of correction",2024-06-24,3,N,Y,N,N,N,"70 Gill Ave,Pawtucket,RI,02861",2026-06-01
415064,Pawtucket Falls Healthcare Center,70 Gill Ave,Pawtucket,RI,02861,2024-05-13,Health,F,Resident Assessment and Care Planning Deficiencies,0655,Create and put into place a plan for meeting the resident's most immediate needs within 48 hours of being admitted,D,"Deficient, Provider has date of correction",2024-06-24,3,N,Y,N,N,N,"70 Gill Ave,Pawtucket,RI,02861",2026-06-01
415064,Pawtucket Falls Healthcare Center,70 Gill Ave,Pawtucket,RI,02861,2024-03-26,Health,F,Resident Rights Deficiencies,0578,"Honor the resident's right to request, refuse, and/or discontinue treatment, to participate in or refuse to participate in experimental research, and to formulate an advance directive.",D,"Deficient, Provider has date of correction",2024-05-06,3,N,Y,N,N,N,"70 Gill Ave,Pawtucket,RI,02861",2026-06-01
415064,Pawtucket Falls Healthcare Center,70 Gill Ave,Pawtucket,RI,02861,2023-11-06,Health,F,"Freedom from Abuse, Neglect, and Exploitation Deficiencies",0600,"Protect each resident from all types of abuse such as physical, mental, sexual abuse, physical punishment, and neglect by anybody.",K,"Deficient, Provider has date of correction",2023-11-06,3,N,Y,N,N,N,"70 Gill Ave,Pawtucket,RI,02861",2026-06-01
415064,Pawtucket Falls Healthcare Center,70 Gill Ave,Pawtucket,RI,02861,2023-11-06,Health,F,Quality of Life and Care Deficiencies,0689,Ensure that a nursing home area is free from accident hazards and provides adequate supervision to prevent accidents.,J,"Deficient, Provider has date of correction",2023-11-06,3,N,Y,N,N,N,"70 Gill Ave,Pawtucket,RI,02861",2026-06-01
415064,Pawtucket Falls Healthcare Center,70 Gill Ave,Pawtucket,RI,02861,2023-11-06,Health,F,Administration Deficiencies,0835,Administer the facility in a manner that enables it to use its resources effectively and efficiently.,E,"Deficient, Provider has date of correction",2023-11-06,3,N,Y,N,N,N,"70 Gill Ave,Pawtucket,RI,02861",2026-06-01
415064,Pawtucket Falls Healthcare Center,70 Gill Ave,Pawtucket,RI,02861,2023-06-01,Health,F,"Freedom from Abuse, Neglect, and Exploitation Deficiencies",0600,"Protect each resident from all types of abuse such as physical, mental, sexual abuse, physical punishment, and neglect by anybody.",D,"Deficient, Provider has date of correction",2023-06-15,3,N,Y,N,N,N,"70 Gill Ave,Pawtucket,RI,02861",2026-06-01
415064,Pawtucket Falls Healthcare Center,70 Gill Ave,Pawtucket,RI,02861,2023-01-23,Health,F,Resident Rights Deficiencies,0569,"Notify each resident of certain balances and convey resident funds upon discharge, eviction, or death.",D,"Deficient, Provider has date of correction",2023-02-28,3,Y,N,N,N,N,"70 Gill Ave,Pawtucket,RI,02861",2026-06-01
415064,Pawtucket Falls Healthcare Center,70 Gill Ave,Pawtucket,RI,02861,2023-01-23,Health,F,Resident Rights Deficiencies,0622,Not transfer or discharge a resident without an adequate reason; and must provide documentation and convey specific information  when a resident is transferred or discharged.,D,"Deficient, Provider has date of correction",2023-02-28,3,Y,N,N,N,N,"70 Gill Ave,Pawtucket,RI,02861",2026-06-01
415064,Pawtucket Falls Healthcare Center,70 Gill Ave,Pawtucket,RI,02861,2023-01-23,Health,F,Resident Assessment and Care Planning Deficiencies,0636,"Assess the resident completely in a timely manner  when first admitted, and then periodically, at least every 12 months.",F,"Deficient, Provider has date of correction",2023-02-28,3,Y,N,N,N,N,"70 Gill Ave,Pawtucket,RI,02861",2026-06-01
415064,Pawtucket Falls Healthcare Center,70 Gill Ave,Pawtucket,RI,02861,2023-01-23,Health,F,Resident Assessment and Care Planning Deficiencies,0638,Assure that each resident’s assessment is updated at least once every 3 months.,F,"Deficient, Provider has date of correction",2023-02-28,3,Y,N,N,N,N,"70 Gill Ave,Pawtucket,RI,02861",2026-06-01
415064,Pawtucket Falls Healthcare Center,70 Gill Ave,Pawtucket,RI,02861,2023-01-23,Health,F,Resident Assessment and Care Planning Deficiencies,0640,Encode each resident’s assessment data and transmit these data to the State within 7 days of assessment.,F,"Deficient, Provider has date of correction",2023-02-28,3,Y,N,N,N,N,"70 Gill Ave,Pawtucket,RI,02861",2026-06-01
415064,Pawtucket Falls Healthcare Center,70 Gill Ave,Pawtucket,RI,02861,2023-01-23,Health,F,Resident Assessment and Care Planning Deficiencies,0641,Ensure each resident receives an accurate assessment.,D,"Deficient, Provider has date of correction",2023-02-28,3,Y,N,N,N,N,"70 Gill Ave,Pawtucket,RI,02861",2026-06-01
415064,Pawtucket Falls Healthcare Center,70 Gill Ave,Pawtucket,RI,02861,2023-01-23,Health,F,Quality of Life and Care Deficiencies,0677,Provide care and assistance to perform activities of daily living for any resident who is unable.,D,"Deficient, Provider has date of correction",2023-02-28,3,Y,N,N,N,N,"70 Gill Ave,Pawtucket,RI,02861",2026-06-01
415064,Pawtucket Falls Healthcare Center,70 Gill Ave,Pawtucket,RI,02861,2023-01-23,Health,F,Quality of Life and Care Deficiencies,0686,Provide appropriate pressure ulcer care and prevent new ulcers from developing.,E,"Deficient, Provider has date of correction",2023-02-28,3,Y,N,N,N,N,"70 Gill Ave,Pawtucket,RI,02861",2026-06-01
415064,Pawtucket Falls Healthcare Center,70 Gill Ave,Pawtucket,RI,02861,2023-01-23,Health,F,Quality of Life and Care Deficiencies,0687,Provide appropriate foot care.,D,"Deficient, Provider has date of correction",2023-02-28,3,Y,N,N,N,N,"70 Gill Ave,Pawtucket,RI,02861",2026-06-01
415064,Pawtucket Falls Healthcare Center,70 Gill Ave,Pawtucket,RI,02861,2023-01-23,Health,F,Quality of Life and Care Deficiencies,0692,Provide enough food/fluids to maintain a resident's health.,E,"Deficient, Provider has date of correction",2023-02-28,3,Y,N,N,N,N,"70 Gill Ave,Pawtucket,RI,02861",2026-06-01
415064,Pawtucket Falls Healthcare Center,70 Gill Ave,Pawtucket,RI,02861,2023-01-23,Health,F,Quality of Life and Care Deficiencies,0695,Provide safe and appropriate respiratory care for a resident when needed.,D,"Deficient, Provider has date of correction",2023-02-28,3,Y,N,N,N,N,"70 Gill Ave,Pawtucket,RI,02861",2026-06-01
415064,Pawtucket Falls Healthcare Center,70 Gill Ave,Pawtucket,RI,02861,2023-01-23,Health,F,Nursing and Physician Services Deficiencies,0710,Obtain a doctor's order to admit a resident and ensure the resident is under a doctor's care.,D,"Deficient, Provider has date of correction",2023-02-28,3,Y,N,N,N,N,"70 Gill Ave,Pawtucket,RI,02861",2026-06-01
415064,Pawtucket Falls Healthcare Center,70 Gill Ave,Pawtucket,RI,02861,2023-01-23,Health,F,Pharmacy Service Deficiencies,0757,Ensure each resident’s drug regimen must be free from unnecessary drugs.,E,"Deficient, Provider has date of correction",2023-02-28,3,Y,N,N,N,N,"70 Gill Ave,Pawtucket,RI,02861",2026-06-01
415064,Pawtucket Falls Healthcare Center,70 Gill Ave,Pawtucket,RI,02861,2023-01-23,Health,F,Pharmacy Service Deficiencies,0758,"Implement gradual dose reductions(GDR) and non-pharmacological interventions, unless contraindicated, prior to initiating or instead of continuing psychotropic medication; and PRN orders for psychotropic medications are only used when the medication is necessary and PRN use is limited.",D,"Deficient, Provider has date of correction",2023-02-28,3,Y,N,N,N,N,"70 Gill Ave,Pawtucket,RI,02861",2026-06-01
415064,Pawtucket Falls Healthcare Center,70 Gill Ave,Pawtucket,RI,02861,2023-01-23,Health,F,Pharmacy Service Deficiencies,0761,"Ensure drugs and biologicals used in the facility are labeled in accordance with currently accepted professional principles; and all drugs and biologicals must be stored in locked compartments, separately locked, compartments for controlled drugs.",D,"Deficient, Provider has date of correction",2023-02-28,3,Y,N,N,N,N,"70 Gill Ave,Pawtucket,RI,02861",2026-06-01
415064,Pawtucket Falls Healthcare Center,70 Gill Ave,Pawtucket,RI,02861,2023-01-23,Health,F,Administration Deficiencies,0773,Provide or obtain laboratory tests/services when ordered and promptly tell the ordering practitioner of the results.,D,"Deficient, Provider has date of correction",2023-02-28,3,Y,N,N,N,N,"70 Gill Ave,Pawtucket,RI,02861",2026-06-01
415064,Pawtucket Falls Healthcare Center,70 Gill Ave,Pawtucket,RI,02861,2023-01-23,Health,F,Nutrition and Dietary Deficiencies,0812,"Procure food from sources approved or considered satisfactory and store, prepare, distribute and serve food in accordance with professional standards.",F,"Deficient, Provider has date of correction",2023-03-15,3,Y,N,N,N,N,"70 Gill Ave,Pawtucket,RI,02861",2026-06-01
415064,Pawtucket Falls Healthcare Center,70 Gill Ave,Pawtucket,RI,02861,2023-01-23,Health,F,Administration Deficiencies,0867,Set up an ongoing quality assessment and assurance group to review quality deficiencies  and develop corrective plans of action.,F,"Deficient, Provider has date of correction",2023-02-28,3,Y,N,N,N,N,"70 Gill Ave,Pawtucket,RI,02861",2026-06-01
415064,Pawtucket Falls Healthcare Center,70 Gill Ave,Pawtucket,RI,02861,2023-01-23,Health,F,Infection Control Deficiencies,0886,Perform COVID19 testing on residents and staff.,F,"Deficient, Provider has date of correction",2023-02-28,3,Y,N,N,N,N,"70 Gill Ave,Pawtucket,RI,02861",2026-06-01
415067,"West View Nursing Home, Inc",239 Legris Avenue,West Warwick,RI,02893,2025-12-02,Health,F,Nutrition and Dietary Deficiencies,0812,"Procure food from sources approved or considered satisfactory and store, prepare, distribute and serve food in accordance with professional standards.",F,"Deficient, Provider has date of correction",2025-12-15,1,N,Y,N,N,N,"239 Legris Avenue,West Warwick,RI,02893",2026-06-01
415067,"West View Nursing Home, Inc",239 Legris Avenue,West Warwick,RI,02893,2025-06-11,Health,F,Quality of Life and Care Deficiencies,0684,"Provide appropriate treatment and care according to orders, resident’s preferences and goals.",D,"Deficient, Provider has date of correction",2025-07-02,1,N,Y,N,N,N,"239 Legris Avenue,West Warwick,RI,02893",2026-06-01
415067,"West View Nursing Home, Inc",239 Legris Avenue,West Warwick,RI,02893,2025-06-11,Health,F,Quality of Life and Care Deficiencies,0686,Provide appropriate pressure ulcer care and prevent new ulcers from developing.,D,"Deficient, Provider has date of correction",2025-07-02,1,N,Y,N,N,N,"239 Legris Avenue,West Warwick,RI,02893",2026-06-01
415067,"West View Nursing Home, Inc",239 Legris Avenue,West Warwick,RI,02893,2026-03-26,Health,F,Resident Rights Deficiencies,0552,"Ensure that residents are fully informed and understand their health status, care and treatments.",D,"Deficient, Provider has date of correction",2026-04-25,1,Y,N,N,N,N,"239 Legris Avenue,West Warwick,RI,02893",2026-06-01
415067,"West View Nursing Home, Inc",239 Legris Avenue,West Warwick,RI,02893,2026-03-26,Health,F,Resident Assessment and Care Planning Deficiencies,0658,Ensure services provided by the nursing facility meet professional standards of quality.,D,"Deficient, Provider has date of correction",2026-04-25,1,Y,N,N,N,N,"239 Legris Avenue,West Warwick,RI,02893",2026-06-01
415067,"West View Nursing Home, Inc",239 Legris Avenue,West Warwick,RI,02893,2026-03-26,Health,F,Nutrition and Dietary Deficiencies,0812,"Procure food from sources approved or considered satisfactory and store, prepare, distribute and serve food in accordance with professional standards.",F,"Deficient, Provider has date of correction",2026-04-25,1,Y,N,N,N,N,"239 Legris Avenue,West Warwick,RI,02893",2026-06-01
415067,"West View Nursing Home, Inc",239 Legris Avenue,West Warwick,RI,02893,2026-03-26,Health,F,Resident Assessment and Care Planning Deficiencies,0842,Safeguard resident-identifiable information and/or maintain medical records on each resident that are in accordance with accepted professional standards.,D,"Deficient, Provider has date of correction",2026-04-25,1,Y,N,N,N,N,"239 Legris Avenue,West Warwick,RI,02893",2026-06-01
415067,"West View Nursing Home, Inc",239 Legris Avenue,West Warwick,RI,02893,2025-03-03,Health,F,"Freedom from Abuse, Neglect, and Exploitation Deficiencies",0600,"Protect each resident from all types of abuse such as physical, mental, sexual abuse, physical punishment, and neglect by anybody.",D,"Deficient, Provider has date of correction",2025-03-19,2,N,Y,N,N,N,"239 Legris Avenue,West Warwick,RI,02893",2026-06-01
415067,"West View Nursing Home, Inc",239 Legris Avenue,West Warwick,RI,02893,2025-03-03,Health,F,"Freedom from Abuse, Neglect, and Exploitation Deficiencies",0604,"Ensure that each resident is free from the use of physical restraints, unless needed for medical treatment.",J,"Deficient, Provider has date of correction",2025-03-19,2,N,Y,N,N,N,"239 Legris Avenue,West Warwick,RI,02893",2026-06-01
415067,"West View Nursing Home, Inc",239 Legris Avenue,West Warwick,RI,02893,2024-11-21,Health,F,Resident Rights Deficiencies,0561,Honor the resident's right to and the facility must promote and facilitate resident self-determination through support of resident choice.,D,"Deficient, Provider has date of correction",2024-12-13,2,Y,N,N,N,N,"239 Legris Avenue,West Warwick,RI,02893",2026-06-01
415067,"West View Nursing Home, Inc",239 Legris Avenue,West Warwick,RI,02893,2024-11-21,Health,F,Quality of Life and Care Deficiencies,0686,Provide appropriate pressure ulcer care and prevent new ulcers from developing.,E,"Deficient, Provider has date of correction",2024-12-13,2,Y,N,N,N,N,"239 Legris Avenue,West Warwick,RI,02893",2026-06-01
415067,"West View Nursing Home, Inc",239 Legris Avenue,West Warwick,RI,02893,2024-11-21,Health,F,Quality of Life and Care Deficiencies,0687,Provide appropriate foot care.,E,"Deficient, Provider has date of correction",2024-12-13,2,Y,N,N,N,N,"239 Legris Avenue,West Warwick,RI,02893",2026-06-01
415067,"West View Nursing Home, Inc",239 Legris Avenue,West Warwick,RI,02893,2024-11-21,Health,F,Quality of Life and Care Deficiencies,0690,"Provide appropriate care for residents who are continent or incontinent of bowel/bladder, appropriate catheter care,  and appropriate care  to prevent urinary tract infections.",G,"Deficient, Provider has date of correction",2024-12-13,2,Y,N,N,N,N,"239 Legris Avenue,West Warwick,RI,02893",2026-06-01
415067,"West View Nursing Home, Inc",239 Legris Avenue,West Warwick,RI,02893,2024-11-21,Health,F,Pharmacy Service Deficiencies,0757,Ensure each resident’s drug regimen must be free from unnecessary drugs.,D,"Deficient, Provider has date of correction",2024-12-13,2,Y,N,N,N,N,"239 Legris Avenue,West Warwick,RI,02893",2026-06-01
415067,"West View Nursing Home, Inc",239 Legris Avenue,West Warwick,RI,02893,2024-11-21,Health,F,Pharmacy Service Deficiencies,0761,"Ensure drugs and biologicals used in the facility are labeled in accordance with currently accepted professional principles; and all drugs and biologicals must be stored in locked compartments, separately locked, compartments for controlled drugs.",E,"Deficient, Provider has date of correction",2024-12-13,2,Y,N,N,N,N,"239 Legris Avenue,West Warwick,RI,02893",2026-06-01
415067,"West View Nursing Home, Inc",239 Legris Avenue,West Warwick,RI,02893,2024-11-21,Health,F,Quality of Life and Care Deficiencies,0791,Provide or obtain dental services for each resident.,D,"Deficient, Provider has date of correction",2024-12-13,2,Y,N,N,N,N,"239 Legris Avenue,West Warwick,RI,02893",2026-06-01
415067,"West View Nursing Home, Inc",239 Legris Avenue,West Warwick,RI,02893,2024-11-21,Health,F,Nutrition and Dietary Deficiencies,0805,Ensure each resident receives and the facility provides food prepared in a form designed to meet individual needs.,K,"Deficient, Provider has date of correction",2024-12-13,2,Y,N,N,N,N,"239 Legris Avenue,West Warwick,RI,02893",2026-06-01
415067,"West View Nursing Home, Inc",239 Legris Avenue,West Warwick,RI,02893,2024-11-21,Health,F,Nutrition and Dietary Deficiencies,0812,"Procure food from sources approved or considered satisfactory and store, prepare, distribute and serve food in accordance with professional standards.",F,"Deficient, Provider has date of correction",2024-12-13,2,Y,N,N,N,N,"239 Legris Avenue,West Warwick,RI,02893",2026-06-01
415067,"West View Nursing Home, Inc",239 Legris Avenue,West Warwick,RI,02893,2024-11-21,Health,F,Infection Control Deficiencies,0880,Provide and implement an infection prevention and control program.,E,"Deficient, Provider has date of correction",2024-12-13,2,Y,N,N,N,N,"239 Legris Avenue,West Warwick,RI,02893",2026-06-01
415067,"West View Nursing Home, Inc",239 Legris Avenue,West Warwick,RI,02893,2024-01-05,Health,F,Resident Assessment and Care Planning Deficiencies,0640,Encode each resident’s assessment data and transmit these data to the State within 7 days of assessment.,B,"Deficient, Provider has date of correction",2024-01-19,3,Y,N,N,N,N,"239 Legris Avenue,West Warwick,RI,02893",2026-06-01
415067,"West View Nursing Home, Inc",239 Legris Avenue,West Warwick,RI,02893,2024-01-05,Health,F,Resident Assessment and Care Planning Deficiencies,0658,Ensure services provided by the nursing facility meet professional standards of quality.,G,"Deficient, Provider has date of correction",2024-01-19,3,Y,N,N,N,N,"239 Legris Avenue,West Warwick,RI,02893",2026-06-01
415067,"West View Nursing Home, Inc",239 Legris Avenue,West Warwick,RI,02893,2024-01-05,Health,F,Quality of Life and Care Deficiencies,0689,Ensure that a nursing home area is free from accident hazards and provides adequate supervision to prevent accidents.,D,"Deficient, Provider has date of correction",2024-01-19,3,Y,N,N,N,N,"239 Legris Avenue,West Warwick,RI,02893",2026-06-01
415067,"West View Nursing Home, Inc",239 Legris Avenue,West Warwick,RI,02893,2024-01-05,Health,F,Quality of Life and Care Deficiencies,0692,Provide enough food/fluids to maintain a resident's health.,H,"Deficient, Provider has date of correction",2024-01-19,3,Y,N,N,N,N,"239 Legris Avenue,West Warwick,RI,02893",2026-06-01
415067,"West View Nursing Home, Inc",239 Legris Avenue,West Warwick,RI,02893,2024-01-05,Health,F,Pharmacy Service Deficiencies,0760,Ensure that residents are free from significant medication errors.,G,"Deficient, Provider has date of correction",2024-01-19,3,Y,N,N,N,N,"239 Legris Avenue,West Warwick,RI,02893",2026-06-01
415068,"Warren Operations RI, LLC DBA Warren Center",642 Metacom Avenue,Warren,RI,02885,2024-08-16,Health,F,Resident Assessment and Care Planning Deficiencies,0656,"Develop and implement a complete care plan that meets all the resident's needs, with timetables and actions that can be measured.",D,"Deficient, Provider has date of correction",2024-09-14,1,Y,N,N,N,N,"642 Metacom Avenue,Warren,RI,02885",2026-06-01
415068,"Warren Operations RI, LLC DBA Warren Center",642 Metacom Avenue,Warren,RI,02885,2024-08-16,Health,F,Resident Rights Deficiencies,0625,Notify the resident or the resident’s representative in writing how long the nursing home will hold the resident’s bed in cases of transfer to a hospital or therapeutic leave.,B,"Deficient, Provider has date of correction",2024-09-14,1,Y,Y,N,N,N,"642 Metacom Avenue,Warren,RI,02885",2026-06-01
415068,"Warren Operations RI, LLC DBA Warren Center",642 Metacom Avenue,Warren,RI,02885,2024-08-16,Health,F,Resident Assessment and Care Planning Deficiencies,0658,Ensure services provided by the nursing facility meet professional standards of quality.,E,"Deficient, Provider has date of correction",2024-09-14,1,Y,Y,N,N,N,"642 Metacom Avenue,Warren,RI,02885",2026-06-01
415068,"Warren Operations RI, LLC DBA Warren Center",642 Metacom Avenue,Warren,RI,02885,2024-08-16,Health,F,Quality of Life and Care Deficiencies,0689,Ensure that a nursing home area is free from accident hazards and provides adequate supervision to prevent accidents.,D,"Deficient, Provider has date of correction",2024-09-14,1,Y,Y,N,N,N,"642 Metacom Avenue,Warren,RI,02885",2026-06-01
415068,"Warren Operations RI, LLC DBA Warren Center",642 Metacom Avenue,Warren,RI,02885,2024-08-16,Health,F,Nursing and Physician Services Deficiencies,0730,Observe each nurse aide's job performance and give regular training.,E,"Deficient, Provider has date of correction",2024-09-14,1,Y,Y,N,N,N,"642 Metacom Avenue,Warren,RI,02885",2026-06-01
415068,"Warren Operations RI, LLC DBA Warren Center",642 Metacom Avenue,Warren,RI,02885,2024-08-16,Health,F,Pharmacy Service Deficiencies,0760,Ensure that residents are free from significant medication errors.,E,"Deficient, Provider has date of correction",2024-09-14,1,Y,Y,N,N,N,"642 Metacom Avenue,Warren,RI,02885",2026-06-01
415068,"Warren Operations RI, LLC DBA Warren Center",642 Metacom Avenue,Warren,RI,02885,2024-08-16,Health,F,Resident Assessment and Care Planning Deficiencies,0842,Safeguard resident-identifiable information and/or maintain medical records on each resident that are in accordance with accepted professional standards.,D,"Deficient, Provider has date of correction",2024-09-14,1,Y,Y,N,N,N,"642 Metacom Avenue,Warren,RI,02885",2026-06-01
415068,"Warren Operations RI, LLC DBA Warren Center",642 Metacom Avenue,Warren,RI,02885,2024-12-18,Health,F,Pharmacy Service Deficiencies,0760,Ensure that residents are free from significant medication errors.,D,"Deficient, Provider has date of correction",2025-01-17,2,N,Y,N,N,N,"642 Metacom Avenue,Warren,RI,02885",2026-06-01
415068,"Warren Operations RI, LLC DBA Warren Center",642 Metacom Avenue,Warren,RI,02885,2023-08-31,Health,F,Quality of Life and Care Deficiencies,0693,Ensure that feeding tubes are  not used unless there is a medical reason and the resident agrees; and provide appropriate care for a resident with a feeding tube.,D,"Deficient, Provider has date of correction",2023-09-27,2,Y,N,N,N,N,"642 Metacom Avenue,Warren,RI,02885",2026-06-01
415068,"Warren Operations RI, LLC DBA Warren Center",642 Metacom Avenue,Warren,RI,02885,2023-08-31,Health,F,Pharmacy Service Deficiencies,0759,Ensure medication error rates are not 5 percent or greater.,D,"Deficient, Provider has date of correction",2023-09-27,2,Y,N,N,N,N,"642 Metacom Avenue,Warren,RI,02885",2026-06-01
415068,"Warren Operations RI, LLC DBA Warren Center",642 Metacom Avenue,Warren,RI,02885,2023-08-31,Health,F,Administration Deficiencies,0838,Conduct and document a facility-wide assessment to determine what resources are necessary to care for residents competently during both day-to-day operations (including nights and weekends) and emergencies.,F,"Deficient, Provider has date of correction",2023-09-27,2,Y,N,N,N,N,"642 Metacom Avenue,Warren,RI,02885",2026-06-01
415068,"Warren Operations RI, LLC DBA Warren Center",642 Metacom Avenue,Warren,RI,02885,2023-08-31,Health,F,Resident Assessment and Care Planning Deficiencies,0842,Safeguard resident-identifiable information and/or maintain medical records on each resident that are in accordance with accepted professional standards.,D,"Deficient, Provider has date of correction",2023-09-27,2,Y,N,N,N,N,"642 Metacom Avenue,Warren,RI,02885",2026-06-01
415068,"Warren Operations RI, LLC DBA Warren Center",642 Metacom Avenue,Warren,RI,02885,2024-02-12,Health,F,Resident Assessment and Care Planning Deficiencies,0641,Ensure each resident receives an accurate assessment.,D,"Deficient, Provider has date of correction",2024-02-14,3,N,Y,N,N,N,"642 Metacom Avenue,Warren,RI,02885",2026-06-01
415068,"Warren Operations RI, LLC DBA Warren Center",642 Metacom Avenue,Warren,RI,02885,2024-02-12,Health,F,Quality of Life and Care Deficiencies,0689,Ensure that a nursing home area is free from accident hazards and provides adequate supervision to prevent accidents.,D,"Deficient, Provider has date of correction",2024-02-14,3,N,Y,N,N,N,"642 Metacom Avenue,Warren,RI,02885",2026-06-01
415068,"Warren Operations RI, LLC DBA Warren Center",642 Metacom Avenue,Warren,RI,02885,2022-07-20,Health,F,Resident Assessment and Care Planning Deficiencies,0656,"Develop and implement a complete care plan that meets all the resident's needs, with timetables and actions that can be measured.",D,"Deficient, Provider has date of correction",2022-08-19,3,Y,N,N,N,N,"642 Metacom Avenue,Warren,RI,02885",2026-06-01
415068,"Warren Operations RI, LLC DBA Warren Center",642 Metacom Avenue,Warren,RI,02885,2022-07-20,Health,F,Quality of Life and Care Deficiencies,0692,Provide enough food/fluids to maintain a resident's health.,E,"Deficient, Provider has date of correction",2022-08-19,3,Y,N,N,N,N,"642 Metacom Avenue,Warren,RI,02885",2026-06-01
415068,"Warren Operations RI, LLC DBA Warren Center",642 Metacom Avenue,Warren,RI,02885,2022-07-20,Health,F,Environmental Deficiencies,0926,Have policies on smoking.,E,"Deficient, Provider has date of correction",2022-08-19,3,Y,N,N,N,N,"642 Metacom Avenue,Warren,RI,02885",2026-06-01
415070,Crestwood Nursing & Rehabilitation Center Inc,568 Child Street,Warren,RI,02885,2024-11-15,Health,F,Resident Assessment and Care Planning Deficiencies,0658,Ensure services provided by the nursing facility meet professional standards of quality.,D,"Deficient, Provider has date of correction",2024-12-06,2,Y,N,N,N,N,"568 Child Street,Warren,RI,02885",2026-06-01
415070,Crestwood Nursing & Rehabilitation Center Inc,568 Child Street,Warren,RI,02885,2024-11-15,Health,F,Quality of Life and Care Deficiencies,0698,"Provide safe, appropriate dialysis care/services for a resident who requires such services.",E,"Deficient, Provider has date of correction",2024-12-06,2,Y,Y,N,N,N,"568 Child Street,Warren,RI,02885",2026-06-01
415070,Crestwood Nursing & Rehabilitation Center Inc,568 Child Street,Warren,RI,02885,2023-11-20,Health,F,Quality of Life and Care Deficiencies,0686,Provide appropriate pressure ulcer care and prevent new ulcers from developing.,D,"Deficient, Provider has date of correction",2023-12-20,3,Y,N,N,N,N,"568 Child Street,Warren,RI,02885",2026-06-01
415070,Crestwood Nursing & Rehabilitation Center Inc,568 Child Street,Warren,RI,02885,2023-11-20,Health,F,Environmental Deficiencies,0921,"Make sure that the nursing home area is safe, easy to use, clean and comfortable for residents, staff and the public.",D,"Deficient, Provider has date of correction",2023-12-20,3,Y,N,N,N,N,"568 Child Street,Warren,RI,02885",2026-06-01
415071,South County Eden Operations LLC DBA Lakeside Nurs,740 Oak Hill Road,North Kingstown,RI,02852,2025-04-17,Health,F,Quality of Life and Care Deficiencies,0676,Ensure residents do not lose the ability to perform activities of daily living unless there is a medical reason.,E,"Deficient, Provider has date of correction",2025-05-17,1,Y,N,N,N,N,"740 Oak Hill Road,North Kingstown,RI,02852",2026-06-01
415071,South County Eden Operations LLC DBA Lakeside Nurs,740 Oak Hill Road,North Kingstown,RI,02852,2025-04-17,Health,F,Quality of Life and Care Deficiencies,0699,Provide care or services that was trauma informed and/or culturally competent.,E,"Deficient, Provider has date of correction",2025-05-17,1,Y,N,N,N,N,"740 Oak Hill Road,North Kingstown,RI,02852",2026-06-01
415071,South County Eden Operations LLC DBA Lakeside Nurs,740 Oak Hill Road,North Kingstown,RI,02852,2025-04-17,Health,F,Pharmacy Service Deficiencies,0757,Ensure each resident’s drug regimen must be free from unnecessary drugs.,D,"Deficient, Provider has date of correction",2025-05-17,1,Y,N,N,N,N,"740 Oak Hill Road,North Kingstown,RI,02852",2026-06-01
415071,South County Eden Operations LLC DBA Lakeside Nurs,740 Oak Hill Road,North Kingstown,RI,02852,2025-04-17,Health,F,Environmental Deficiencies,0921,"Make sure that the nursing home area is safe, easy to use, clean and comfortable for residents, staff and the public.",D,"Deficient, Provider has date of correction",2025-05-17,1,Y,N,N,N,N,"740 Oak Hill Road,North Kingstown,RI,02852",2026-06-01
415071,South County Eden Operations LLC DBA Lakeside Nurs,740 Oak Hill Road,North Kingstown,RI,02852,2024-11-18,Health,F,Quality of Life and Care Deficiencies,0689,Ensure that a nursing home area is free from accident hazards and provides adequate supervision to prevent accidents.,J,"Deficient, Provider has date of correction",2024-11-22,2,N,Y,N,N,N,"740 Oak Hill Road,North Kingstown,RI,02852",2026-06-01
415071,South County Eden Operations LLC DBA Lakeside Nurs,740 Oak Hill Road,North Kingstown,RI,02852,2024-09-19,Health,F,Resident Rights Deficiencies,0550,"Honor the resident's right to a dignified existence, self-determination, communication, and to exercise his or her rights.",D,"Deficient, Provider has date of correction",2024-10-19,2,N,Y,N,N,N,"740 Oak Hill Road,North Kingstown,RI,02852",2026-06-01
415071,South County Eden Operations LLC DBA Lakeside Nurs,740 Oak Hill Road,North Kingstown,RI,02852,2024-08-29,Health,F,"Freedom from Abuse, Neglect, and Exploitation Deficiencies",0610,Respond appropriately to all alleged violations.,E,"Deficient, Provider has date of correction",2024-09-18,2,N,Y,N,N,N,"740 Oak Hill Road,North Kingstown,RI,02852",2026-06-01
415071,South County Eden Operations LLC DBA Lakeside Nurs,740 Oak Hill Road,North Kingstown,RI,02852,2024-04-22,Health,F,Resident Assessment and Care Planning Deficiencies,0658,Ensure services provided by the nursing facility meet professional standards of quality.,D,"Deficient, Provider has date of correction",2024-05-22,2,Y,N,N,N,N,"740 Oak Hill Road,North Kingstown,RI,02852",2026-06-01
415071,South County Eden Operations LLC DBA Lakeside Nurs,740 Oak Hill Road,North Kingstown,RI,02852,2024-04-22,Health,F,Quality of Life and Care Deficiencies,0740,Ensure each resident must receive and the facility must provide necessary behavioral health care and services.,D,"Deficient, Provider has date of correction",2024-05-22,2,Y,N,N,N,N,"740 Oak Hill Road,North Kingstown,RI,02852",2026-06-01
415071,South County Eden Operations LLC DBA Lakeside Nurs,740 Oak Hill Road,North Kingstown,RI,02852,2024-04-22,Health,F,Nutrition and Dietary Deficiencies,0812,"Procure food from sources approved or considered satisfactory and store, prepare, distribute and serve food in accordance with professional standards.",F,"Deficient, Provider has date of correction",2024-05-22,2,Y,N,N,N,N,"740 Oak Hill Road,North Kingstown,RI,02852",2026-06-01
415071,South County Eden Operations LLC DBA Lakeside Nurs,740 Oak Hill Road,North Kingstown,RI,02852,2024-04-22,Health,F,Administration Deficiencies,0849,Arrange for the provision of hospice services or assist the resident in transferring to a facility that will arrange for the provision of hospice services.,D,"Deficient, Provider has date of correction",2024-05-22,2,Y,N,N,N,N,"740 Oak Hill Road,North Kingstown,RI,02852",2026-06-01
415071,South County Eden Operations LLC DBA Lakeside Nurs,740 Oak Hill Road,North Kingstown,RI,02852,2024-04-22,Health,F,Infection Control Deficiencies,0880,Provide and implement an infection prevention and control program.,D,"Deficient, Provider has date of correction",2024-05-22,2,Y,N,N,N,N,"740 Oak Hill Road,North Kingstown,RI,02852",2026-06-01
415071,South County Eden Operations LLC DBA Lakeside Nurs,740 Oak Hill Road,North Kingstown,RI,02852,2023-03-02,Health,F,Resident Rights Deficiencies,0582,Give residents notice of Medicaid/Medicare coverage and potential liability for services not covered.,D,"Deficient, Provider has date of correction",2023-04-01,3,Y,N,N,N,N,"740 Oak Hill Road,North Kingstown,RI,02852",2026-06-01
415071,South County Eden Operations LLC DBA Lakeside Nurs,740 Oak Hill Road,North Kingstown,RI,02852,2023-03-02,Health,F,Resident Assessment and Care Planning Deficiencies,0641,Ensure each resident receives an accurate assessment.,D,"Deficient, Provider has date of correction",2023-04-01,3,Y,N,N,N,N,"740 Oak Hill Road,North Kingstown,RI,02852",2026-06-01
415071,South County Eden Operations LLC DBA Lakeside Nurs,740 Oak Hill Road,North Kingstown,RI,02852,2023-03-02,Health,F,Resident Assessment and Care Planning Deficiencies,0656,"Develop and implement a complete care plan that meets all the resident's needs, with timetables and actions that can be measured.",D,"Deficient, Provider has date of correction",2023-04-01,3,Y,N,N,N,N,"740 Oak Hill Road,North Kingstown,RI,02852",2026-06-01
415071,South County Eden Operations LLC DBA Lakeside Nurs,740 Oak Hill Road,North Kingstown,RI,02852,2023-03-02,Health,F,Resident Assessment and Care Planning Deficiencies,0658,Ensure services provided by the nursing facility meet professional standards of quality.,D,"Deficient, Provider has date of correction",2023-04-01,3,Y,N,N,N,N,"740 Oak Hill Road,North Kingstown,RI,02852",2026-06-01
415071,South County Eden Operations LLC DBA Lakeside Nurs,740 Oak Hill Road,North Kingstown,RI,02852,2023-03-02,Health,F,Quality of Life and Care Deficiencies,0689,Ensure that a nursing home area is free from accident hazards and provides adequate supervision to prevent accidents.,D,"Deficient, Provider has date of correction",2023-04-01,3,Y,N,N,N,N,"740 Oak Hill Road,North Kingstown,RI,02852",2026-06-01
415071,South County Eden Operations LLC DBA Lakeside Nurs,740 Oak Hill Road,North Kingstown,RI,02852,2023-03-02,Health,F,Environmental Deficiencies,0921,"Make sure that the nursing home area is safe, easy to use, clean and comfortable for residents, staff and the public.",D,"Deficient, Provider has date of correction",2023-04-01,3,Y,N,N,N,N,"740 Oak Hill Road,North Kingstown,RI,02852",2026-06-01
415072,Elmwood Nursing and Rehabilitation Center,225 Elmwood Avenue,Providence,RI,02907,2026-04-17,Health,F,Resident Assessment and Care Planning Deficiencies,0656,"Develop and implement a complete care plan that meets all the resident's needs, with timetables and actions that can be measured.",D,"Deficient, Provider has date of correction",2026-05-08,1,N,Y,N,N,N,"225 Elmwood Avenue,Providence,RI,02907",2026-06-01
415072,Elmwood Nursing and Rehabilitation Center,225 Elmwood Avenue,Providence,RI,02907,2026-01-14,Health,F,Resident Rights Deficiencies,0552,"Ensure that residents are fully informed and understand their health status, care and treatments.",E,"Deficient, Provider has date of correction",2026-02-13,1,N,Y,N,N,N,"225 Elmwood Avenue,Providence,RI,02907",2026-06-01
415072,Elmwood Nursing and Rehabilitation Center,225 Elmwood Avenue,Providence,RI,02907,2026-01-14,Health,F,Resident Assessment and Care Planning Deficiencies,0658,Ensure services provided by the nursing facility meet professional standards of quality.,D,"Deficient, Provider has date of correction",2026-02-13,1,N,Y,N,N,N,"225 Elmwood Avenue,Providence,RI,02907",2026-06-01
415072,Elmwood Nursing and Rehabilitation Center,225 Elmwood Avenue,Providence,RI,02907,2025-09-05,Health,F,Resident Assessment and Care Planning Deficiencies,0658,Ensure services provided by the nursing facility meet professional standards of quality.,E,"Deficient, Provider has date of correction",2025-11-28,1,Y,N,N,N,N,"225 Elmwood Avenue,Providence,RI,02907",2026-06-01
415072,Elmwood Nursing and Rehabilitation Center,225 Elmwood Avenue,Providence,RI,02907,2025-09-05,Health,F,Quality of Life and Care Deficiencies,0675,"Honor each resident's preferences, choices, values and beliefs.",E,"Deficient, Provider has date of correction",2025-10-05,1,Y,N,N,N,N,"225 Elmwood Avenue,Providence,RI,02907",2026-06-01
415072,Elmwood Nursing and Rehabilitation Center,225 Elmwood Avenue,Providence,RI,02907,2025-09-05,Health,F,Quality of Life and Care Deficiencies,0684,"Provide appropriate treatment and care according to orders, resident’s preferences and goals.",D,"Deficient, Provider has date of correction",2025-10-05,1,Y,N,N,N,N,"225 Elmwood Avenue,Providence,RI,02907",2026-06-01
415072,Elmwood Nursing and Rehabilitation Center,225 Elmwood Avenue,Providence,RI,02907,2025-09-05,Health,F,Pharmacy Service Deficiencies,0759,Ensure medication error rates are not 5 percent or greater.,D,"Deficient, Provider has date of correction",2025-10-05,1,Y,N,N,N,N,"225 Elmwood Avenue,Providence,RI,02907",2026-06-01
415072,Elmwood Nursing and Rehabilitation Center,225 Elmwood Avenue,Providence,RI,02907,2025-09-05,Health,F,Infection Control Deficiencies,0880,Provide and implement an infection prevention and control program.,D,"Deficient, Provider has date of correction",2025-10-05,1,Y,N,N,N,N,"225 Elmwood Avenue,Providence,RI,02907",2026-06-01
415072,Elmwood Nursing and Rehabilitation Center,225 Elmwood Avenue,Providence,RI,02907,2025-09-05,Health,F,Administration Deficiencies,0940,"Develop, implement, and/or maintain an effective training program for all new and existing staff members.",E,"Deficient, Provider has date of correction",2025-10-05,1,Y,N,N,N,N,"225 Elmwood Avenue,Providence,RI,02907",2026-06-01
415072,Elmwood Nursing and Rehabilitation Center,225 Elmwood Avenue,Providence,RI,02907,2025-09-05,Health,F,Administration Deficiencies,0941,"Develop, implement, and/or maintain an effective training program that includes effective communications for direct care staff members.",F,"Deficient, Provider has date of correction",2025-10-05,1,Y,N,N,N,N,"225 Elmwood Avenue,Providence,RI,02907",2026-06-01
415072,Elmwood Nursing and Rehabilitation Center,225 Elmwood Avenue,Providence,RI,02907,2024-12-16,Health,F,Resident Assessment and Care Planning Deficiencies,0658,Ensure services provided by the nursing facility meet professional standards of quality.,D,"Deficient, Provider has date of correction",2025-01-15,2,N,Y,N,N,N,"225 Elmwood Avenue,Providence,RI,02907",2026-06-01
415072,Elmwood Nursing and Rehabilitation Center,225 Elmwood Avenue,Providence,RI,02907,2024-12-16,Health,F,Nursing and Physician Services Deficiencies,0726,Ensure that nurses and nurse aides have the appropriate competencies to care for every resident in a way that maximizes each resident's well being.,F,"Deficient, Provider has date of correction",2025-01-15,2,N,Y,N,N,N,"225 Elmwood Avenue,Providence,RI,02907",2026-06-01
415072,Elmwood Nursing and Rehabilitation Center,225 Elmwood Avenue,Providence,RI,02907,2023-12-07,Health,F,"Freedom from Abuse, Neglect, and Exploitation Deficiencies",0600,"Protect each resident from all types of abuse such as physical, mental, sexual abuse, physical punishment, and neglect by anybody.",D,"Deficient, Provider has date of correction",2024-01-06,3,N,Y,N,N,N,"225 Elmwood Avenue,Providence,RI,02907",2026-06-01
415072,Elmwood Nursing and Rehabilitation Center,225 Elmwood Avenue,Providence,RI,02907,2023-09-22,Health,F,Resident Assessment and Care Planning Deficiencies,0658,Ensure services provided by the nursing facility meet professional standards of quality.,D,"Deficient, Provider has date of correction",2023-10-22,3,Y,N,N,N,N,"225 Elmwood Avenue,Providence,RI,02907",2026-06-01
415072,Elmwood Nursing and Rehabilitation Center,225 Elmwood Avenue,Providence,RI,02907,2023-09-22,Health,F,Quality of Life and Care Deficiencies,0689,Ensure that a nursing home area is free from accident hazards and provides adequate supervision to prevent accidents.,D,"Deficient, Provider has date of correction",2023-10-22,3,Y,N,N,N,N,"225 Elmwood Avenue,Providence,RI,02907",2026-06-01
415072,Elmwood Nursing and Rehabilitation Center,225 Elmwood Avenue,Providence,RI,02907,2023-09-22,Health,F,Quality of Life and Care Deficiencies,0694,"Provide for the safe, appropriate administration of IV fluids for a resident when needed.",D,"Deficient, Provider has date of correction",2023-10-22,3,Y,N,N,N,N,"225 Elmwood Avenue,Providence,RI,02907",2026-06-01
415072,Elmwood Nursing and Rehabilitation Center,225 Elmwood Avenue,Providence,RI,02907,2023-09-22,Health,F,Quality of Life and Care Deficiencies,0699,Provide care or services that was trauma informed and/or culturally competent.,E,"Deficient, Provider has date of correction",2023-10-22,3,Y,N,N,N,N,"225 Elmwood Avenue,Providence,RI,02907",2026-06-01
415072,Elmwood Nursing and Rehabilitation Center,225 Elmwood Avenue,Providence,RI,02907,2023-09-22,Health,F,Resident Assessment and Care Planning Deficiencies,0842,Safeguard resident-identifiable information and/or maintain medical records on each resident that are in accordance with accepted professional standards.,D,"Deficient, Provider has date of correction",2023-10-22,3,Y,N,N,N,N,"225 Elmwood Avenue,Providence,RI,02907",2026-06-01
415073,Jeanne Jugan Residence,964 Main Street,Pawtucket,RI,02860,2026-04-02,Health,F,Nursing and Physician Services Deficiencies,0725,Provide enough nursing staff every day to meet the needs of every resident; and have a licensed nurse in charge on each shift.,D,"Deficient, Provider has date of correction",2026-04-07,1,Y,N,N,N,N,"964 Main Street,Pawtucket,RI,02860",2026-06-01
415073,Jeanne Jugan Residence,964 Main Street,Pawtucket,RI,02860,2026-04-02,Health,F,Infection Control Deficiencies,0880,Provide and implement an infection prevention and control program.,D,"Deficient, Provider has date of correction",2026-04-07,1,Y,N,N,N,N,"964 Main Street,Pawtucket,RI,02860",2026-06-01
415073,Jeanne Jugan Residence,964 Main Street,Pawtucket,RI,02860,2026-04-02,Health,F,Environmental Deficiencies,0921,"Make sure that the nursing home area is safe, easy to use, clean and comfortable for residents, staff and the public.",F,"Deficient, Provider has date of correction",2026-04-07,1,Y,N,N,N,N,"964 Main Street,Pawtucket,RI,02860",2026-06-01
415074,Village House Nursing & Rehabilitation Center,70 Harrison Avenue,Newport,RI,02840,2026-03-12,Health,F,Resident Assessment and Care Planning Deficiencies,0658,Ensure services provided by the nursing facility meet professional standards of quality.,D,"Deficient, Provider has date of correction",2026-04-11,1,Y,N,N,N,N,"70 Harrison Avenue,Newport,RI,02840",2026-06-01
415074,Village House Nursing & Rehabilitation Center,70 Harrison Avenue,Newport,RI,02840,2026-03-12,Health,F,Pharmacy Service Deficiencies,0760,Ensure that residents are free from significant medication errors.,E,"Deficient, Provider has date of correction",2026-04-11,1,Y,N,N,N,N,"70 Harrison Avenue,Newport,RI,02840",2026-06-01
415074,Village House Nursing & Rehabilitation Center,70 Harrison Avenue,Newport,RI,02840,2026-03-12,Health,F,Pharmacy Service Deficiencies,0761,"Ensure drugs and biologicals used in the facility are labeled in accordance with currently accepted professional principles; and all drugs and biologicals must be stored in locked compartments, separately locked, compartments for controlled drugs.",D,"Deficient, Provider has date of correction",2026-04-11,1,Y,N,N,N,N,"70 Harrison Avenue,Newport,RI,02840",2026-06-01
415074,Village House Nursing & Rehabilitation Center,70 Harrison Avenue,Newport,RI,02840,2026-03-12,Health,F,Nutrition and Dietary Deficiencies,0812,"Procure food from sources approved or considered satisfactory and store, prepare, distribute and serve food in accordance with professional standards.",F,"Deficient, Provider has date of correction",2026-04-11,1,Y,N,N,N,N,"70 Harrison Avenue,Newport,RI,02840",2026-06-01
415074,Village House Nursing & Rehabilitation Center,70 Harrison Avenue,Newport,RI,02840,2026-03-12,Health,F,Resident Assessment and Care Planning Deficiencies,0842,Safeguard resident-identifiable information and/or maintain medical records on each resident that are in accordance with accepted professional standards.,D,"Deficient, Provider has date of correction",2026-04-11,1,Y,N,N,N,N,"70 Harrison Avenue,Newport,RI,02840",2026-06-01
415074,Village House Nursing & Rehabilitation Center,70 Harrison Avenue,Newport,RI,02840,2026-03-12,Health,F,Infection Control Deficiencies,0881,Implement a program that monitors antibiotic use.,D,"Deficient, Provider has date of correction",2026-04-11,1,Y,N,N,N,N,"70 Harrison Avenue,Newport,RI,02840",2026-06-01
415074,Village House Nursing & Rehabilitation Center,70 Harrison Avenue,Newport,RI,02840,2024-08-06,Health,F,Quality of Life and Care Deficiencies,0689,Ensure that a nursing home area is free from accident hazards and provides adequate supervision to prevent accidents.,G,"Deficient, Provider has date of correction",2024-08-28,2,N,Y,N,N,N,"70 Harrison Avenue,Newport,RI,02840",2026-06-01
415074,Village House Nursing & Rehabilitation Center,70 Harrison Avenue,Newport,RI,02840,2024-07-18,Health,F,Quality of Life and Care Deficiencies,0692,Provide enough food/fluids to maintain a resident's health.,D,"Deficient, Provider has date of correction",2024-08-17,2,N,Y,N,N,N,"70 Harrison Avenue,Newport,RI,02840",2026-06-01
415074,Village House Nursing & Rehabilitation Center,70 Harrison Avenue,Newport,RI,02840,2025-01-09,Health,F,Resident Assessment and Care Planning Deficiencies,0656,"Develop and implement a complete care plan that meets all the resident's needs, with timetables and actions that can be measured.",D,"Deficient, Provider has date of correction",2025-02-08,2,Y,N,N,N,N,"70 Harrison Avenue,Newport,RI,02840",2026-06-01
415074,Village House Nursing & Rehabilitation Center,70 Harrison Avenue,Newport,RI,02840,2025-01-09,Health,F,Nutrition and Dietary Deficiencies,0812,"Procure food from sources approved or considered satisfactory and store, prepare, distribute and serve food in accordance with professional standards.",F,"Deficient, Provider has date of correction",2025-02-08,2,Y,N,N,N,N,"70 Harrison Avenue,Newport,RI,02840",2026-06-01
415074,Village House Nursing & Rehabilitation Center,70 Harrison Avenue,Newport,RI,02840,2025-01-09,Health,F,Infection Control Deficiencies,0880,Provide and implement an infection prevention and control program.,D,"Deficient, Provider has date of correction",2025-02-08,2,Y,N,N,N,N,"70 Harrison Avenue,Newport,RI,02840",2026-06-01
415074,Village House Nursing & Rehabilitation Center,70 Harrison Avenue,Newport,RI,02840,2024-05-16,Health,F,Resident Assessment and Care Planning Deficiencies,0661,"Ensure necessary information is communicated to the resident, and receiving health care provider at the time of a planned discharge.",D,"Deficient, Provider has date of correction",2024-05-31,3,N,Y,N,N,N,"70 Harrison Avenue,Newport,RI,02840",2026-06-01
415075,Holiday Retirement Home Inc,30 Sayles Hill Road,Manville,RI,02838,2026-04-17,Health,F,Pharmacy Service Deficiencies,0760,Ensure that residents are free from significant medication errors.,D,"Deficient, Provider has plan of correction",2026-05-07,1,N,Y,N,N,N,"30 Sayles Hill Road,Manville,RI,02838",2026-06-01
415075,Holiday Retirement Home Inc,30 Sayles Hill Road,Manville,RI,02838,2025-12-23,Health,F,"Freedom from Abuse, Neglect, and Exploitation Deficiencies",0610,Respond appropriately to all alleged violations.,D,"Deficient, Provider has date of correction",2026-01-22,1,N,Y,N,N,N,"30 Sayles Hill Road,Manville,RI,02838",2026-06-01
415075,Holiday Retirement Home Inc,30 Sayles Hill Road,Manville,RI,02838,2025-12-23,Health,F,Resident Assessment and Care Planning Deficiencies,0658,Ensure services provided by the nursing facility meet professional standards of quality.,D,"Deficient, Provider has date of correction",2026-01-22,1,N,Y,N,N,N,"30 Sayles Hill Road,Manville,RI,02838",2026-06-01
415075,Holiday Retirement Home Inc,30 Sayles Hill Road,Manville,RI,02838,2025-06-13,Health,F,Resident Assessment and Care Planning Deficiencies,0658,Ensure services provided by the nursing facility meet professional standards of quality.,E,"Deficient, Provider has date of correction",2025-07-13,1,Y,N,N,N,N,"30 Sayles Hill Road,Manville,RI,02838",2026-06-01
415075,Holiday Retirement Home Inc,30 Sayles Hill Road,Manville,RI,02838,2025-06-13,Health,F,Quality of Life and Care Deficiencies,0684,"Provide appropriate treatment and care according to orders, resident’s preferences and goals.",D,"Deficient, Provider has date of correction",2025-07-13,1,Y,N,N,N,N,"30 Sayles Hill Road,Manville,RI,02838",2026-06-01
415075,Holiday Retirement Home Inc,30 Sayles Hill Road,Manville,RI,02838,2025-06-13,Health,F,Resident Assessment and Care Planning Deficiencies,0842,Safeguard resident-identifiable information and/or maintain medical records on each resident that are in accordance with accepted professional standards.,E,"Deficient, Provider has date of correction",2025-07-13,1,Y,N,N,N,N,"30 Sayles Hill Road,Manville,RI,02838",2026-06-01
415075,Holiday Retirement Home Inc,30 Sayles Hill Road,Manville,RI,02838,2025-06-13,Health,F,Infection Control Deficiencies,0880,Provide and implement an infection prevention and control program.,D,"Deficient, Provider has date of correction",2025-07-13,1,Y,N,N,N,N,"30 Sayles Hill Road,Manville,RI,02838",2026-06-01
415075,Holiday Retirement Home Inc,30 Sayles Hill Road,Manville,RI,02838,2025-06-13,Health,F,Infection Control Deficiencies,0881,Implement a program that monitors antibiotic use.,E,"Deficient, Provider has date of correction",2025-07-13,1,Y,N,N,N,N,"30 Sayles Hill Road,Manville,RI,02838",2026-06-01
415075,Holiday Retirement Home Inc,30 Sayles Hill Road,Manville,RI,02838,2025-06-13,Health,F,Infection Control Deficiencies,0883,Develop and implement policies and procedures for flu and pneumonia vaccinations.,D,"Deficient, Provider has date of correction",2025-07-13,1,Y,N,N,N,N,"30 Sayles Hill Road,Manville,RI,02838",2026-06-01
415075,Holiday Retirement Home Inc,30 Sayles Hill Road,Manville,RI,02838,2025-06-13,Health,F,Environmental Deficiencies,0921,"Make sure that the nursing home area is safe, easy to use, clean and comfortable for residents, staff and the public.",D,"Deficient, Provider has date of correction",2025-07-13,1,Y,N,N,N,N,"30 Sayles Hill Road,Manville,RI,02838",2026-06-01
415075,Holiday Retirement Home Inc,30 Sayles Hill Road,Manville,RI,02838,2024-08-22,Health,F,Quality of Life and Care Deficiencies,0687,Provide appropriate foot care.,G,"Deficient, Provider has date of correction",2024-09-21,2,N,Y,N,N,N,"30 Sayles Hill Road,Manville,RI,02838",2026-06-01
415075,Holiday Retirement Home Inc,30 Sayles Hill Road,Manville,RI,02838,2024-08-22,Health,F,Nursing and Physician Services Deficiencies,0726,Ensure that nurses and nurse aides have the appropriate competencies to care for every resident in a way that maximizes each resident's well being.,G,"Deficient, Provider has date of correction",2024-09-21,2,N,Y,N,N,N,"30 Sayles Hill Road,Manville,RI,02838",2026-06-01
415075,Holiday Retirement Home Inc,30 Sayles Hill Road,Manville,RI,02838,2024-08-22,Health,F,Resident Assessment and Care Planning Deficiencies,0842,Safeguard resident-identifiable information and/or maintain medical records on each resident that are in accordance with accepted professional standards.,D,"Deficient, Provider has date of correction",2024-09-21,2,N,Y,N,N,N,"30 Sayles Hill Road,Manville,RI,02838",2026-06-01
415075,Holiday Retirement Home Inc,30 Sayles Hill Road,Manville,RI,02838,2024-05-16,Health,F,Resident Assessment and Care Planning Deficiencies,0658,Ensure services provided by the nursing facility meet professional standards of quality.,D,"Deficient, Provider has date of correction",2024-06-15,2,Y,N,N,N,N,"30 Sayles Hill Road,Manville,RI,02838",2026-06-01
415075,Holiday Retirement Home Inc,30 Sayles Hill Road,Manville,RI,02838,2024-05-16,Health,F,Pharmacy Service Deficiencies,0760,Ensure that residents are free from significant medication errors.,D,"Deficient, Provider has date of correction",2024-06-15,2,Y,N,N,N,N,"30 Sayles Hill Road,Manville,RI,02838",2026-06-01
415075,Holiday Retirement Home Inc,30 Sayles Hill Road,Manville,RI,02838,2023-12-06,Health,F,"Freedom from Abuse, Neglect, and Exploitation Deficiencies",0600,"Protect each resident from all types of abuse such as physical, mental, sexual abuse, physical punishment, and neglect by anybody.",D,"Deficient, Provider has date of correction",2024-01-05,3,N,Y,N,N,N,"30 Sayles Hill Road,Manville,RI,02838",2026-06-01
415075,Holiday Retirement Home Inc,30 Sayles Hill Road,Manville,RI,02838,2023-11-22,Health,F,Resident Assessment and Care Planning Deficiencies,0658,Ensure services provided by the nursing facility meet professional standards of quality.,E,"Deficient, Provider has date of correction",2023-12-22,3,N,Y,N,N,N,"30 Sayles Hill Road,Manville,RI,02838",2026-06-01
415075,Holiday Retirement Home Inc,30 Sayles Hill Road,Manville,RI,02838,2023-03-30,Health,F,Quality of Life and Care Deficiencies,0689,Ensure that a nursing home area is free from accident hazards and provides adequate supervision to prevent accidents.,D,"Deficient, Provider has date of correction",2023-04-29,3,Y,N,N,N,N,"30 Sayles Hill Road,Manville,RI,02838",2026-06-01
415075,Holiday Retirement Home Inc,30 Sayles Hill Road,Manville,RI,02838,2023-03-30,Health,F,Pharmacy Service Deficiencies,0757,Ensure each resident’s drug regimen must be free from unnecessary drugs.,D,"Deficient, Provider has date of correction",2023-04-29,3,Y,N,N,N,N,"30 Sayles Hill Road,Manville,RI,02838",2026-06-01
415075,Holiday Retirement Home Inc,30 Sayles Hill Road,Manville,RI,02838,2023-03-30,Health,F,Infection Control Deficiencies,0880,Provide and implement an infection prevention and control program.,D,"Deficient, Provider has date of correction",2023-04-29,3,Y,N,N,N,N,"30 Sayles Hill Road,Manville,RI,02838",2026-06-01
415076,John Clarke Senior Living,600 Valley Road,Middletown,RI,02842,2025-09-25,Health,F,Quality of Life and Care Deficiencies,0689,Ensure that a nursing home area is free from accident hazards and provides adequate supervision to prevent accidents.,J,"Deficient, Provider has date of correction",2025-09-26,1,N,Y,N,N,N,"600 Valley Road,Middletown,RI,02842",2026-06-01
415076,John Clarke Senior Living,600 Valley Road,Middletown,RI,02842,2026-04-10,Health,F,Infection Control Deficiencies,0880,Provide and implement an infection prevention and control program.,D,"Deficient, Provider has date of correction",2026-04-17,1,Y,N,N,N,N,"600 Valley Road,Middletown,RI,02842",2026-06-01
415076,John Clarke Senior Living,600 Valley Road,Middletown,RI,02842,2024-03-06,Health,F,Quality of Life and Care Deficiencies,0690,"Provide appropriate care for residents who are continent or incontinent of bowel/bladder, appropriate catheter care,  and appropriate care  to prevent urinary tract infections.",D,"Deficient, Provider has date of correction",2024-03-06,3,Y,N,N,N,N,"600 Valley Road,Middletown,RI,02842",2026-06-01
415076,John Clarke Senior Living,600 Valley Road,Middletown,RI,02842,2024-03-06,Health,F,Environmental Deficiencies,0921,"Make sure that the nursing home area is safe, easy to use, clean and comfortable for residents, staff and the public.",D,"Deficient, Provider has date of correction",2024-03-06,3,Y,N,N,N,N,"600 Valley Road,Middletown,RI,02842",2026-06-01
415078,Coventry Operations RI LLC DBA Respiratory and Reh,10 Woodland Drive,Coventry,RI,02816,2026-04-27,Health,F,Resident Rights Deficiencies,0627,Ensure the transfer/discharge meets the resident's needs/preferences and that the resident is prepared for a safe transfer/discharge.,D,"Deficient, Provider has plan of correction",2026-05-22,1,N,Y,N,N,N,"10 Woodland Drive,Coventry,RI,02816",2026-06-01
415078,Coventry Operations RI LLC DBA Respiratory and Reh,10 Woodland Drive,Coventry,RI,02816,2026-04-27,Health,F,Quality of Life and Care Deficiencies,0677,Provide care and assistance to perform activities of daily living for any resident who is unable.,D,"Deficient, Provider has plan of correction",2026-05-22,1,N,Y,N,N,N,"10 Woodland Drive,Coventry,RI,02816",2026-06-01
415078,Coventry Operations RI LLC DBA Respiratory and Reh,10 Woodland Drive,Coventry,RI,02816,2025-11-19,Health,F,Resident Assessment and Care Planning Deficiencies,0658,Ensure services provided by the nursing facility meet professional standards of quality.,E,"Deficient, Provider has date of correction",2025-12-10,1,N,Y,N,N,N,"10 Woodland Drive,Coventry,RI,02816",2026-06-01
415078,Coventry Operations RI LLC DBA Respiratory and Reh,10 Woodland Drive,Coventry,RI,02816,2025-10-28,Health,F,Quality of Life and Care Deficiencies,0678,"Provide basic life support, including CPR, prior to the arrival of emergency medical personnel , subject to physician orders and the resident’s advance directives.",J,"Deficient, Provider has date of correction",2025-11-24,1,N,Y,N,N,N,"10 Woodland Drive,Coventry,RI,02816",2026-06-01
415078,Coventry Operations RI LLC DBA Respiratory and Reh,10 Woodland Drive,Coventry,RI,02816,2025-10-28,Health,F,Quality of Life and Care Deficiencies,0684,"Provide appropriate treatment and care according to orders, resident’s preferences and goals.",E,"Deficient, Provider has date of correction",2025-11-24,1,N,Y,N,N,N,"10 Woodland Drive,Coventry,RI,02816",2026-06-01
415078,Coventry Operations RI LLC DBA Respiratory and Reh,10 Woodland Drive,Coventry,RI,02816,2025-10-28,Health,F,Quality of Life and Care Deficiencies,0689,Ensure that a nursing home area is free from accident hazards and provides adequate supervision to prevent accidents.,G,"Deficient, Provider has date of correction",2025-11-24,1,N,Y,N,N,N,"10 Woodland Drive,Coventry,RI,02816",2026-06-01
415078,Coventry Operations RI LLC DBA Respiratory and Reh,10 Woodland Drive,Coventry,RI,02816,2025-10-28,Health,F,Nursing and Physician Services Deficiencies,0710,Obtain a doctor's order to admit a resident and ensure the resident is under a doctor's care.,D,"Deficient, Provider has date of correction",2025-11-24,1,N,Y,N,N,N,"10 Woodland Drive,Coventry,RI,02816",2026-06-01
415078,Coventry Operations RI LLC DBA Respiratory and Reh,10 Woodland Drive,Coventry,RI,02816,2025-10-28,Health,F,Nursing and Physician Services Deficiencies,0725,Provide enough nursing staff every day to meet the needs of every resident; and have a licensed nurse in charge on each shift.,G,"Deficient, Provider has date of correction",2025-11-24,1,N,Y,N,N,N,"10 Woodland Drive,Coventry,RI,02816",2026-06-01
415078,Coventry Operations RI LLC DBA Respiratory and Reh,10 Woodland Drive,Coventry,RI,02816,2025-10-28,Health,F,Nursing and Physician Services Deficiencies,0726,Ensure that nurses and nurse aides have the appropriate competencies to care for every resident in a way that maximizes each resident's well being.,H,"Deficient, Provider has date of correction",2025-11-24,1,N,Y,N,N,N,"10 Woodland Drive,Coventry,RI,02816",2026-06-01
415078,Coventry Operations RI LLC DBA Respiratory and Reh,10 Woodland Drive,Coventry,RI,02816,2025-10-28,Health,F,Pharmacy Service Deficiencies,0760,Ensure that residents are free from significant medication errors.,J,"Deficient, Provider has date of correction",2025-11-24,1,N,Y,N,N,N,"10 Woodland Drive,Coventry,RI,02816",2026-06-01
415078,Coventry Operations RI LLC DBA Respiratory and Reh,10 Woodland Drive,Coventry,RI,02816,2025-10-28,Health,F,Administration Deficiencies,0838,Conduct and document a facility-wide assessment to determine what resources are necessary to care for residents competently during both day-to-day operations (including nights and weekends) and emergencies.,F,"Deficient, Provider has date of correction",2025-11-24,1,N,Y,N,N,N,"10 Woodland Drive,Coventry,RI,02816",2026-06-01
415078,Coventry Operations RI LLC DBA Respiratory and Reh,10 Woodland Drive,Coventry,RI,02816,2025-10-28,Health,F,Resident Assessment and Care Planning Deficiencies,0842,Safeguard resident-identifiable information and/or maintain medical records on each resident that are in accordance with accepted professional standards.,D,"Deficient, Provider has date of correction",2025-11-24,1,N,Y,N,N,N,"10 Woodland Drive,Coventry,RI,02816",2026-06-01
415078,Coventry Operations RI LLC DBA Respiratory and Reh,10 Woodland Drive,Coventry,RI,02816,2025-06-30,Health,F,Resident Rights Deficiencies,0580,"Immediately tell the resident, the resident's doctor, and a family member of situations (injury/decline/room, etc.)  that affect the resident.",G,"Deficient, Provider has date of correction",2025-07-13,1,N,Y,N,N,N,"10 Woodland Drive,Coventry,RI,02816",2026-06-01
415078,Coventry Operations RI LLC DBA Respiratory and Reh,10 Woodland Drive,Coventry,RI,02816,2025-06-30,Health,F,Quality of Life and Care Deficiencies,0684,"Provide appropriate treatment and care according to orders, resident’s preferences and goals.",J,"Deficient, Provider has date of correction",2025-07-13,1,N,Y,N,N,N,"10 Woodland Drive,Coventry,RI,02816",2026-06-01
415078,Coventry Operations RI LLC DBA Respiratory and Reh,10 Woodland Drive,Coventry,RI,02816,2025-06-30,Health,F,Pharmacy Service Deficiencies,0760,Ensure that residents are free from significant medication errors.,J,"Deficient, Provider has date of correction",2025-07-13,1,N,Y,N,N,N,"10 Woodland Drive,Coventry,RI,02816",2026-06-01
415078,Coventry Operations RI LLC DBA Respiratory and Reh,10 Woodland Drive,Coventry,RI,02816,2025-03-21,Health,F,Resident Rights Deficiencies,0552,"Ensure that residents are fully informed and understand their health status, care and treatments.",D,"Deficient, Provider has date of correction",2025-04-17,1,Y,N,N,N,N,"10 Woodland Drive,Coventry,RI,02816",2026-06-01
415078,Coventry Operations RI LLC DBA Respiratory and Reh,10 Woodland Drive,Coventry,RI,02816,2025-03-21,Health,F,Resident Rights Deficiencies,0568,"Properly hold, secure, and manage each resident's personal money which is deposited with the nursing home.",E,"Deficient, Provider has date of correction",2025-04-17,1,Y,N,N,N,N,"10 Woodland Drive,Coventry,RI,02816",2026-06-01
415078,Coventry Operations RI LLC DBA Respiratory and Reh,10 Woodland Drive,Coventry,RI,02816,2025-03-21,Health,F,Resident Rights Deficiencies,0582,Give residents notice of Medicaid/Medicare coverage and potential liability for services not covered.,E,"Deficient, Provider has date of correction",2025-04-17,1,Y,N,N,N,N,"10 Woodland Drive,Coventry,RI,02816",2026-06-01
415078,Coventry Operations RI LLC DBA Respiratory and Reh,10 Woodland Drive,Coventry,RI,02816,2025-03-21,Health,F,"Freedom from Abuse, Neglect, and Exploitation Deficiencies",0600,"Protect each resident from all types of abuse such as physical, mental, sexual abuse, physical punishment, and neglect by anybody.",D,"Deficient, Provider has date of correction",2025-04-17,1,Y,N,N,N,N,"10 Woodland Drive,Coventry,RI,02816",2026-06-01
415078,Coventry Operations RI LLC DBA Respiratory and Reh,10 Woodland Drive,Coventry,RI,02816,2025-03-21,Health,F,Resident Assessment and Care Planning Deficiencies,0641,Ensure each resident receives an accurate assessment.,E,"Deficient, Provider has date of correction",2025-04-17,1,Y,N,N,N,N,"10 Woodland Drive,Coventry,RI,02816",2026-06-01
415078,Coventry Operations RI LLC DBA Respiratory and Reh,10 Woodland Drive,Coventry,RI,02816,2025-03-21,Health,F,Resident Assessment and Care Planning Deficiencies,0658,Ensure services provided by the nursing facility meet professional standards of quality.,E,"Deficient, Provider has date of correction",2025-04-17,1,Y,N,N,N,N,"10 Woodland Drive,Coventry,RI,02816",2026-06-01
415078,Coventry Operations RI LLC DBA Respiratory and Reh,10 Woodland Drive,Coventry,RI,02816,2025-03-21,Health,F,Quality of Life and Care Deficiencies,0698,"Provide safe, appropriate dialysis care/services for a resident who requires such services.",D,"Deficient, Provider has date of correction",2025-04-17,1,Y,N,N,N,N,"10 Woodland Drive,Coventry,RI,02816",2026-06-01
415078,Coventry Operations RI LLC DBA Respiratory and Reh,10 Woodland Drive,Coventry,RI,02816,2025-03-21,Health,F,Pharmacy Service Deficiencies,0756,"Ensure a licensed pharmacist perform a monthly drug regimen review, including the medical chart, following irregularity reporting guidelines in developed policies and procedures.",E,"Deficient, Provider has date of correction",2025-04-17,1,Y,N,N,N,N,"10 Woodland Drive,Coventry,RI,02816",2026-06-01
415078,Coventry Operations RI LLC DBA Respiratory and Reh,10 Woodland Drive,Coventry,RI,02816,2025-03-21,Health,F,Pharmacy Service Deficiencies,0757,Ensure each resident’s drug regimen must be free from unnecessary drugs.,D,"Deficient, Provider has date of correction",2025-04-17,1,Y,N,N,N,N,"10 Woodland Drive,Coventry,RI,02816",2026-06-01
415078,Coventry Operations RI LLC DBA Respiratory and Reh,10 Woodland Drive,Coventry,RI,02816,2025-03-21,Health,F,Administration Deficiencies,0838,Conduct and document a facility-wide assessment to determine what resources are necessary to care for residents competently during both day-to-day operations (including nights and weekends) and emergencies.,D,"Deficient, Provider has date of correction",2025-04-17,1,Y,N,N,N,N,"10 Woodland Drive,Coventry,RI,02816",2026-06-01
415078,Coventry Operations RI LLC DBA Respiratory and Reh,10 Woodland Drive,Coventry,RI,02816,2025-03-21,Health,F,Administration Deficiencies,0865,Have a  plan that describes the process for conducting QAPI and QAA activities.,D,"Deficient, Provider has date of correction",2025-04-17,1,Y,N,N,N,N,"10 Woodland Drive,Coventry,RI,02816",2026-06-01
415078,Coventry Operations RI LLC DBA Respiratory and Reh,10 Woodland Drive,Coventry,RI,02816,2025-03-21,Health,F,Infection Control Deficiencies,0880,Provide and implement an infection prevention and control program.,E,"Deficient, Provider has date of correction",2025-04-17,1,Y,N,N,N,N,"10 Woodland Drive,Coventry,RI,02816",2026-06-01
415078,Coventry Operations RI LLC DBA Respiratory and Reh,10 Woodland Drive,Coventry,RI,02816,2025-03-21,Health,F,Infection Control Deficiencies,0881,Implement a program that monitors antibiotic use.,E,"Deficient, Provider has date of correction",2025-04-17,1,Y,N,N,N,N,"10 Woodland Drive,Coventry,RI,02816",2026-06-01
415078,Coventry Operations RI LLC DBA Respiratory and Reh,10 Woodland Drive,Coventry,RI,02816,2025-03-21,Health,F,Resident Assessment and Care Planning Deficiencies,0657,"Develop the complete care plan within 7 days of the comprehensive assessment; and prepared, reviewed, and revised by a team of health professionals.",D,"Deficient, Provider has date of correction",2025-04-17,1,Y,Y,N,N,N,"10 Woodland Drive,Coventry,RI,02816",2026-06-01
415078,Coventry Operations RI LLC DBA Respiratory and Reh,10 Woodland Drive,Coventry,RI,02816,2025-04-15,Health,F,Quality of Life and Care Deficiencies,0686,Provide appropriate pressure ulcer care and prevent new ulcers from developing.,D,"Deficient, Provider has date of correction",2025-04-28,2,N,Y,N,N,N,"10 Woodland Drive,Coventry,RI,02816",2026-06-01
415078,Coventry Operations RI LLC DBA Respiratory and Reh,10 Woodland Drive,Coventry,RI,02816,2024-08-22,Health,F,Resident Rights Deficiencies,0584,"Honor the resident's right to a safe, clean, comfortable and homelike environment, including but not limited to receiving treatment and supports for daily living safely.",F,"Deficient, Provider has date of correction",2024-09-17,2,N,Y,N,N,N,"10 Woodland Drive,Coventry,RI,02816",2026-06-01
415078,Coventry Operations RI LLC DBA Respiratory and Reh,10 Woodland Drive,Coventry,RI,02816,2024-08-22,Health,F,Quality of Life and Care Deficiencies,0689,Ensure that a nursing home area is free from accident hazards and provides adequate supervision to prevent accidents.,J,"Deficient, Provider has date of correction",2024-09-17,2,N,Y,N,N,N,"10 Woodland Drive,Coventry,RI,02816",2026-06-01
415078,Coventry Operations RI LLC DBA Respiratory and Reh,10 Woodland Drive,Coventry,RI,02816,2024-08-22,Health,F,Administration Deficiencies,0940,"Develop, implement, and/or maintain an effective training program for all new and existing staff members.",F,"Deficient, Provider has date of correction",2024-09-17,2,N,Y,N,N,N,"10 Woodland Drive,Coventry,RI,02816",2026-06-01
415078,Coventry Operations RI LLC DBA Respiratory and Reh,10 Woodland Drive,Coventry,RI,02816,2024-08-22,Health,F,Administration Deficiencies,0944,"Conduct mandatory training, for all staff, on the facility’s Quality Assurance and Performance Improvement Program.",D,"Deficient, Provider has date of correction",2024-09-17,2,N,Y,N,N,N,"10 Woodland Drive,Coventry,RI,02816",2026-06-01
415078,Coventry Operations RI LLC DBA Respiratory and Reh,10 Woodland Drive,Coventry,RI,02816,2024-08-22,Health,F,Administration Deficiencies,0949,Provide behavior health training consistent with the requirements and as determined by a facility assessment.,D,"Deficient, Provider has date of correction",2024-09-17,2,N,Y,N,N,N,"10 Woodland Drive,Coventry,RI,02816",2026-06-01
415078,Coventry Operations RI LLC DBA Respiratory and Reh,10 Woodland Drive,Coventry,RI,02816,2024-07-18,Health,F,Resident Assessment and Care Planning Deficiencies,0658,Ensure services provided by the nursing facility meet professional standards of quality.,E,"Deficient, Provider has date of correction",2024-08-06,2,N,Y,N,N,N,"10 Woodland Drive,Coventry,RI,02816",2026-06-01
415078,Coventry Operations RI LLC DBA Respiratory and Reh,10 Woodland Drive,Coventry,RI,02816,2024-07-18,Health,F,Pharmacy Service Deficiencies,0760,Ensure that residents are free from significant medication errors.,D,"Deficient, Provider has date of correction",2024-08-06,2,N,Y,N,N,N,"10 Woodland Drive,Coventry,RI,02816",2026-06-01
415078,Coventry Operations RI LLC DBA Respiratory and Reh,10 Woodland Drive,Coventry,RI,02816,2024-07-11,Health,F,Quality of Life and Care Deficiencies,0686,Provide appropriate pressure ulcer care and prevent new ulcers from developing.,E,"Deficient, Provider has date of correction",2024-08-06,2,N,Y,N,N,N,"10 Woodland Drive,Coventry,RI,02816",2026-06-01
415078,Coventry Operations RI LLC DBA Respiratory and Reh,10 Woodland Drive,Coventry,RI,02816,2024-06-06,Health,F,Quality of Life and Care Deficiencies,0695,Provide safe and appropriate respiratory care for a resident when needed.,K,"Deficient, Provider has date of correction",2024-06-19,2,N,Y,N,N,N,"10 Woodland Drive,Coventry,RI,02816",2026-06-01
415078,Coventry Operations RI LLC DBA Respiratory and Reh,10 Woodland Drive,Coventry,RI,02816,2024-06-06,Health,F,Nursing and Physician Services Deficiencies,0726,Ensure that nurses and nurse aides have the appropriate competencies to care for every resident in a way that maximizes each resident's well being.,E,"Deficient, Provider has date of correction",2024-06-19,2,N,Y,N,N,N,"10 Woodland Drive,Coventry,RI,02816",2026-06-01
415078,Coventry Operations RI LLC DBA Respiratory and Reh,10 Woodland Drive,Coventry,RI,02816,2024-04-08,Health,F,Quality of Life and Care Deficiencies,0693,Ensure that feeding tubes are  not used unless there is a medical reason and the resident agrees; and provide appropriate care for a resident with a feeding tube.,G,"Deficient, Provider has date of correction",2024-05-08,2,Y,N,N,N,N,"10 Woodland Drive,Coventry,RI,02816",2026-06-01
415078,Coventry Operations RI LLC DBA Respiratory and Reh,10 Woodland Drive,Coventry,RI,02816,2024-04-08,Health,F,Nursing and Physician Services Deficiencies,0710,Obtain a doctor's order to admit a resident and ensure the resident is under a doctor's care.,D,"Deficient, Provider has date of correction",2024-05-08,2,Y,N,N,N,N,"10 Woodland Drive,Coventry,RI,02816",2026-06-01
415078,Coventry Operations RI LLC DBA Respiratory and Reh,10 Woodland Drive,Coventry,RI,02816,2024-04-08,Health,F,Nutrition and Dietary Deficiencies,0812,"Procure food from sources approved or considered satisfactory and store, prepare, distribute and serve food in accordance with professional standards.",F,"Deficient, Provider has date of correction",2024-05-08,2,Y,N,N,N,N,"10 Woodland Drive,Coventry,RI,02816",2026-06-01
415078,Coventry Operations RI LLC DBA Respiratory and Reh,10 Woodland Drive,Coventry,RI,02816,2024-04-08,Health,F,Nursing and Physician Services Deficiencies,0725,Provide enough nursing staff every day to meet the needs of every resident; and have a licensed nurse in charge on each shift.,D,"Deficient, Provider has date of correction",2024-06-13,2,Y,Y,N,N,N,"10 Woodland Drive,Coventry,RI,02816",2026-06-01
415078,Coventry Operations RI LLC DBA Respiratory and Reh,10 Woodland Drive,Coventry,RI,02816,2024-05-23,Health,F,Resident Assessment and Care Planning Deficiencies,0658,Ensure services provided by the nursing facility meet professional standards of quality.,D,"Deficient, Provider has date of correction",2024-06-18,3,N,Y,N,N,N,"10 Woodland Drive,Coventry,RI,02816",2026-06-01
415078,Coventry Operations RI LLC DBA Respiratory and Reh,10 Woodland Drive,Coventry,RI,02816,2024-05-23,Health,F,Quality of Life and Care Deficiencies,0684,"Provide appropriate treatment and care according to orders, resident’s preferences and goals.",G,"Deficient, Provider has date of correction",2024-06-18,3,N,Y,N,N,N,"10 Woodland Drive,Coventry,RI,02816",2026-06-01
415078,Coventry Operations RI LLC DBA Respiratory and Reh,10 Woodland Drive,Coventry,RI,02816,2024-05-23,Health,F,Quality of Life and Care Deficiencies,0686,Provide appropriate pressure ulcer care and prevent new ulcers from developing.,D,"Deficient, Provider has date of correction",2024-06-18,3,N,Y,N,N,N,"10 Woodland Drive,Coventry,RI,02816",2026-06-01
415078,Coventry Operations RI LLC DBA Respiratory and Reh,10 Woodland Drive,Coventry,RI,02816,2024-05-23,Health,F,Pharmacy Service Deficiencies,0760,Ensure that residents are free from significant medication errors.,D,"Deficient, Provider has date of correction",2024-06-18,3,N,Y,N,N,N,"10 Woodland Drive,Coventry,RI,02816",2026-06-01
415078,Coventry Operations RI LLC DBA Respiratory and Reh,10 Woodland Drive,Coventry,RI,02816,2024-05-14,Health,F,Nursing and Physician Services Deficiencies,0725,Provide enough nursing staff every day to meet the needs of every resident; and have a licensed nurse in charge on each shift.,K,"Deficient, Provider has date of correction",2024-06-13,3,N,Y,N,N,N,"10 Woodland Drive,Coventry,RI,02816",2026-06-01
415078,Coventry Operations RI LLC DBA Respiratory and Reh,10 Woodland Drive,Coventry,RI,02816,2024-05-14,Health,F,Administration Deficiencies,0835,Administer the facility in a manner that enables it to use its resources effectively and efficiently.,J,"Deficient, Provider has date of correction",2024-06-13,3,N,Y,N,N,N,"10 Woodland Drive,Coventry,RI,02816",2026-06-01
415078,Coventry Operations RI LLC DBA Respiratory and Reh,10 Woodland Drive,Coventry,RI,02816,2024-04-26,Health,F,"Freedom from Abuse, Neglect, and Exploitation Deficiencies",0600,"Protect each resident from all types of abuse such as physical, mental, sexual abuse, physical punishment, and neglect by anybody.",D,"Deficient, Provider has date of correction",2024-05-26,3,N,Y,N,N,N,"10 Woodland Drive,Coventry,RI,02816",2026-06-01
415078,Coventry Operations RI LLC DBA Respiratory and Reh,10 Woodland Drive,Coventry,RI,02816,2024-04-26,Health,F,Quality of Life and Care Deficiencies,0740,Ensure each resident must receive and the facility must provide necessary behavioral health care and services.,D,"Deficient, Provider has date of correction",2024-05-26,3,N,Y,N,N,N,"10 Woodland Drive,Coventry,RI,02816",2026-06-01
415078,Coventry Operations RI LLC DBA Respiratory and Reh,10 Woodland Drive,Coventry,RI,02816,2024-03-01,Health,F,Resident Assessment and Care Planning Deficiencies,0661,"Ensure necessary information is communicated to the resident, and receiving health care provider at the time of a planned discharge.",J,"Deficient, Provider has date of correction",2024-03-15,3,N,Y,N,N,N,"10 Woodland Drive,Coventry,RI,02816",2026-06-01
415078,Coventry Operations RI LLC DBA Respiratory and Reh,10 Woodland Drive,Coventry,RI,02816,2024-03-01,Health,F,Pharmacy Service Deficiencies,0761,"Ensure drugs and biologicals used in the facility are labeled in accordance with currently accepted professional principles; and all drugs and biologicals must be stored in locked compartments, separately locked, compartments for controlled drugs.",D,"Deficient, Provider has date of correction",2024-03-15,3,N,Y,N,N,N,"10 Woodland Drive,Coventry,RI,02816",2026-06-01
415078,Coventry Operations RI LLC DBA Respiratory and Reh,10 Woodland Drive,Coventry,RI,02816,2024-02-06,Health,F,Quality of Life and Care Deficiencies,0690,"Provide appropriate care for residents who are continent or incontinent of bowel/bladder, appropriate catheter care,  and appropriate care  to prevent urinary tract infections.",D,"Deficient, Provider has date of correction",2024-03-07,3,N,Y,N,N,N,"10 Woodland Drive,Coventry,RI,02816",2026-06-01
415078,Coventry Operations RI LLC DBA Respiratory and Reh,10 Woodland Drive,Coventry,RI,02816,2023-12-26,Health,F,Pharmacy Service Deficiencies,0760,Ensure that residents are free from significant medication errors.,J,"Deficient, Provider has date of correction",2024-01-15,3,N,Y,N,N,N,"10 Woodland Drive,Coventry,RI,02816",2026-06-01
415078,Coventry Operations RI LLC DBA Respiratory and Reh,10 Woodland Drive,Coventry,RI,02816,2023-11-15,Health,F,Quality of Life and Care Deficiencies,0686,Provide appropriate pressure ulcer care and prevent new ulcers from developing.,D,"Deficient, Provider has date of correction",2023-12-05,3,N,Y,N,N,N,"10 Woodland Drive,Coventry,RI,02816",2026-06-01
415078,Coventry Operations RI LLC DBA Respiratory and Reh,10 Woodland Drive,Coventry,RI,02816,2023-11-15,Health,F,Nursing and Physician Services Deficiencies,0710,Obtain a doctor's order to admit a resident and ensure the resident is under a doctor's care.,D,"Deficient, Provider has date of correction",2023-12-05,3,N,Y,N,N,N,"10 Woodland Drive,Coventry,RI,02816",2026-06-01
415078,Coventry Operations RI LLC DBA Respiratory and Reh,10 Woodland Drive,Coventry,RI,02816,2023-11-15,Health,F,Quality of Life and Care Deficiencies,0825,Provide or get specialized rehabilitative services as required for a resident.,E,"Deficient, Provider has date of correction",2023-12-05,3,N,Y,N,N,N,"10 Woodland Drive,Coventry,RI,02816",2026-06-01
415078,Coventry Operations RI LLC DBA Respiratory and Reh,10 Woodland Drive,Coventry,RI,02816,2023-11-07,Health,F,Resident Assessment and Care Planning Deficiencies,0658,Ensure services provided by the nursing facility meet professional standards of quality.,E,"Deficient, Provider has date of correction",2023-11-27,3,N,Y,N,N,N,"10 Woodland Drive,Coventry,RI,02816",2026-06-01
415078,Coventry Operations RI LLC DBA Respiratory and Reh,10 Woodland Drive,Coventry,RI,02816,2023-11-07,Health,F,Resident Assessment and Care Planning Deficiencies,0842,Safeguard resident-identifiable information and/or maintain medical records on each resident that are in accordance with accepted professional standards.,D,"Deficient, Provider has date of correction",2023-11-27,3,N,Y,N,N,N,"10 Woodland Drive,Coventry,RI,02816",2026-06-01
415078,Coventry Operations RI LLC DBA Respiratory and Reh,10 Woodland Drive,Coventry,RI,02816,2023-08-08,Health,F,Resident Assessment and Care Planning Deficiencies,0658,Ensure services provided by the nursing facility meet professional standards of quality.,D,"Deficient, Provider has date of correction",2023-09-07,3,N,Y,N,N,N,"10 Woodland Drive,Coventry,RI,02816",2026-06-01
415078,Coventry Operations RI LLC DBA Respiratory and Reh,10 Woodland Drive,Coventry,RI,02816,2023-01-26,Health,F,Pharmacy Service Deficiencies,0757,Ensure each resident’s drug regimen must be free from unnecessary drugs.,D,"Deficient, Provider has date of correction",2023-02-10,3,Y,N,N,N,N,"10 Woodland Drive,Coventry,RI,02816",2026-06-01
415078,Coventry Operations RI LLC DBA Respiratory and Reh,10 Woodland Drive,Coventry,RI,02816,2023-01-26,Health,F,Pharmacy Service Deficiencies,0759,Ensure medication error rates are not 5 percent or greater.,D,"Deficient, Provider has date of correction",2023-02-10,3,Y,N,N,N,N,"10 Woodland Drive,Coventry,RI,02816",2026-06-01
415078,Coventry Operations RI LLC DBA Respiratory and Reh,10 Woodland Drive,Coventry,RI,02816,2023-01-26,Health,F,Pharmacy Service Deficiencies,0761,"Ensure drugs and biologicals used in the facility are labeled in accordance with currently accepted professional principles; and all drugs and biologicals must be stored in locked compartments, separately locked, compartments for controlled drugs.",E,"Deficient, Provider has date of correction",2023-02-10,3,Y,N,N,N,N,"10 Woodland Drive,Coventry,RI,02816",2026-06-01
415078,Coventry Operations RI LLC DBA Respiratory and Reh,10 Woodland Drive,Coventry,RI,02816,2023-01-26,Health,F,Nutrition and Dietary Deficiencies,0812,"Procure food from sources approved or considered satisfactory and store, prepare, distribute and serve food in accordance with professional standards.",F,"Deficient, Provider has date of correction",2023-02-10,3,Y,N,N,N,N,"10 Woodland Drive,Coventry,RI,02816",2026-06-01
415078,Coventry Operations RI LLC DBA Respiratory and Reh,10 Woodland Drive,Coventry,RI,02816,2023-01-26,Health,F,Infection Control Deficiencies,0882,Designate a qualified infection preventionist to be responsible for the infection prevent and control program in the nursing home.,D,"Deficient, Provider has date of correction",2023-02-10,3,Y,N,N,N,N,"10 Woodland Drive,Coventry,RI,02816",2026-06-01
415079,Cedar Haven Operations Holding LLC Valley View Hea,4 St Joseph Street,Woonsocket,RI,02895,2025-08-05,Health,F,"Freedom from Abuse, Neglect, and Exploitation Deficiencies",0600,"Protect each resident from all types of abuse such as physical, mental, sexual abuse, physical punishment, and neglect by anybody.",J,"Deficient, Provider has date of correction",2025-08-06,1,N,Y,N,N,N,"4 St Joseph Street,Woonsocket,RI,02895",2026-06-01
415079,Cedar Haven Operations Holding LLC Valley View Hea,4 St Joseph Street,Woonsocket,RI,02895,2025-08-05,Health,F,Resident Assessment and Care Planning Deficiencies,0658,Ensure services provided by the nursing facility meet professional standards of quality.,D,"Deficient, Provider has date of correction",2025-09-21,1,N,Y,N,N,N,"4 St Joseph Street,Woonsocket,RI,02895",2026-06-01
415079,Cedar Haven Operations Holding LLC Valley View Hea,4 St Joseph Street,Woonsocket,RI,02895,2025-08-05,Health,F,Pharmacy Service Deficiencies,0760,Ensure that residents are free from significant medication errors.,D,"Deficient, Provider has date of correction",2025-09-21,1,N,Y,N,N,N,"4 St Joseph Street,Woonsocket,RI,02895",2026-06-01
415079,Cedar Haven Operations Holding LLC Valley View Hea,4 St Joseph Street,Woonsocket,RI,02895,2025-03-03,Health,F,"Freedom from Abuse, Neglect, and Exploitation Deficiencies",0606,"Not hire anyone with a finding of abuse, neglect, exploitation, or theft.",D,"Deficient, Provider has date of correction",2025-04-02,1,Y,N,N,N,N,"4 St Joseph Street,Woonsocket,RI,02895",2026-06-01
415079,Cedar Haven Operations Holding LLC Valley View Hea,4 St Joseph Street,Woonsocket,RI,02895,2025-03-03,Health,F,Resident Assessment and Care Planning Deficiencies,0641,Ensure each resident receives an accurate assessment.,E,"Deficient, Provider has date of correction",2025-04-02,1,Y,N,N,N,N,"4 St Joseph Street,Woonsocket,RI,02895",2026-06-01
415079,Cedar Haven Operations Holding LLC Valley View Hea,4 St Joseph Street,Woonsocket,RI,02895,2025-03-03,Health,F,Resident Assessment and Care Planning Deficiencies,0657,"Develop the complete care plan within 7 days of the comprehensive assessment; and prepared, reviewed, and revised by a team of health professionals.",E,"Deficient, Provider has date of correction",2025-04-02,1,Y,N,N,N,N,"4 St Joseph Street,Woonsocket,RI,02895",2026-06-01
415079,Cedar Haven Operations Holding LLC Valley View Hea,4 St Joseph Street,Woonsocket,RI,02895,2025-03-03,Health,F,Resident Assessment and Care Planning Deficiencies,0658,Ensure services provided by the nursing facility meet professional standards of quality.,E,"Deficient, Provider has date of correction",2025-04-02,1,Y,N,N,N,N,"4 St Joseph Street,Woonsocket,RI,02895",2026-06-01
415079,Cedar Haven Operations Holding LLC Valley View Hea,4 St Joseph Street,Woonsocket,RI,02895,2025-03-03,Health,F,Quality of Life and Care Deficiencies,0684,"Provide appropriate treatment and care according to orders, resident’s preferences and goals.",D,"Deficient, Provider has date of correction",2025-04-02,1,Y,N,N,N,N,"4 St Joseph Street,Woonsocket,RI,02895",2026-06-01
415079,Cedar Haven Operations Holding LLC Valley View Hea,4 St Joseph Street,Woonsocket,RI,02895,2025-03-03,Health,F,Quality of Life and Care Deficiencies,0686,Provide appropriate pressure ulcer care and prevent new ulcers from developing.,D,"Deficient, Provider has date of correction",2025-04-02,1,Y,N,N,N,N,"4 St Joseph Street,Woonsocket,RI,02895",2026-06-01
415079,Cedar Haven Operations Holding LLC Valley View Hea,4 St Joseph Street,Woonsocket,RI,02895,2025-03-03,Health,F,Quality of Life and Care Deficiencies,0690,"Provide appropriate care for residents who are continent or incontinent of bowel/bladder, appropriate catheter care,  and appropriate care  to prevent urinary tract infections.",D,"Deficient, Provider has date of correction",2025-04-02,1,Y,N,N,N,N,"4 St Joseph Street,Woonsocket,RI,02895",2026-06-01
415079,Cedar Haven Operations Holding LLC Valley View Hea,4 St Joseph Street,Woonsocket,RI,02895,2025-03-03,Health,F,Quality of Life and Care Deficiencies,0695,Provide safe and appropriate respiratory care for a resident when needed.,E,"Deficient, Provider has date of correction",2025-04-02,1,Y,N,N,N,N,"4 St Joseph Street,Woonsocket,RI,02895",2026-06-01
415079,Cedar Haven Operations Holding LLC Valley View Hea,4 St Joseph Street,Woonsocket,RI,02895,2025-03-03,Health,F,Pharmacy Service Deficiencies,0760,Ensure that residents are free from significant medication errors.,D,"Deficient, Provider has date of correction",2025-04-02,1,Y,N,N,N,N,"4 St Joseph Street,Woonsocket,RI,02895",2026-06-01
415079,Cedar Haven Operations Holding LLC Valley View Hea,4 St Joseph Street,Woonsocket,RI,02895,2025-03-03,Health,F,Pharmacy Service Deficiencies,0761,"Ensure drugs and biologicals used in the facility are labeled in accordance with currently accepted professional principles; and all drugs and biologicals must be stored in locked compartments, separately locked, compartments for controlled drugs.",E,"Deficient, Provider has date of correction",2025-04-02,1,Y,N,N,N,N,"4 St Joseph Street,Woonsocket,RI,02895",2026-06-01
415079,Cedar Haven Operations Holding LLC Valley View Hea,4 St Joseph Street,Woonsocket,RI,02895,2025-03-03,Health,F,Nutrition and Dietary Deficiencies,0801,"Employ sufficient staff with the appropriate competencies and skills sets to carry out the functions of the food and nutrition service, including a qualified dietician.",F,"Deficient, Provider has date of correction",2025-04-02,1,Y,N,N,N,N,"4 St Joseph Street,Woonsocket,RI,02895",2026-06-01
415079,Cedar Haven Operations Holding LLC Valley View Hea,4 St Joseph Street,Woonsocket,RI,02895,2025-03-03,Health,F,Nutrition and Dietary Deficiencies,0812,"Procure food from sources approved or considered satisfactory and store, prepare, distribute and serve food in accordance with professional standards.",F,"Deficient, Provider has date of correction",2025-04-02,1,Y,N,N,N,N,"4 St Joseph Street,Woonsocket,RI,02895",2026-06-01
415079,Cedar Haven Operations Holding LLC Valley View Hea,4 St Joseph Street,Woonsocket,RI,02895,2025-03-03,Health,F,Infection Control Deficiencies,0880,Provide and implement an infection prevention and control program.,E,"Deficient, Provider has date of correction",2025-04-02,1,Y,N,N,N,N,"4 St Joseph Street,Woonsocket,RI,02895",2026-06-01
415079,Cedar Haven Operations Holding LLC Valley View Hea,4 St Joseph Street,Woonsocket,RI,02895,2025-03-03,Health,F,Administration Deficiencies,0940,"Develop, implement, and/or maintain an effective training program for all new and existing staff members.",E,"Deficient, Provider has date of correction",2025-04-02,1,Y,N,N,N,N,"4 St Joseph Street,Woonsocket,RI,02895",2026-06-01
415079,Cedar Haven Operations Holding LLC Valley View Hea,4 St Joseph Street,Woonsocket,RI,02895,2025-03-03,Health,F,Resident Rights Deficiencies,0584,"Honor the resident's right to a safe, clean, comfortable and homelike environment, including but not limited to receiving treatment and supports for daily living safely.",K,"Deficient, Provider has date of correction",2025-04-02,1,Y,Y,N,N,N,"4 St Joseph Street,Woonsocket,RI,02895",2026-06-01
415079,Cedar Haven Operations Holding LLC Valley View Hea,4 St Joseph Street,Woonsocket,RI,02895,2025-03-03,Health,F,Administration Deficiencies,0770,"Provide timely, quality laboratory services/tests to meet the needs of residents.",D,"Deficient, Provider has date of correction",2025-04-02,1,Y,Y,N,N,N,"4 St Joseph Street,Woonsocket,RI,02895",2026-06-01
415079,Cedar Haven Operations Holding LLC Valley View Hea,4 St Joseph Street,Woonsocket,RI,02895,2025-03-03,Health,F,Nutrition and Dietary Deficiencies,0804,"Ensure food and drink is palatable, attractive, and at a safe and appetizing temperature.",E,"Deficient, Provider has date of correction",2025-04-02,1,Y,Y,N,N,N,"4 St Joseph Street,Woonsocket,RI,02895",2026-06-01
415079,Cedar Haven Operations Holding LLC Valley View Hea,4 St Joseph Street,Woonsocket,RI,02895,2025-01-13,Health,F,Environmental Deficiencies,0921,"Make sure that the nursing home area is safe, easy to use, clean and comfortable for residents, staff and the public.",F,"Deficient, Provider has date of correction",2025-02-12,2,N,Y,N,N,N,"4 St Joseph Street,Woonsocket,RI,02895",2026-06-01
415079,Cedar Haven Operations Holding LLC Valley View Hea,4 St Joseph Street,Woonsocket,RI,02895,2024-11-20,Health,F,Quality of Life and Care Deficiencies,0689,Ensure that a nursing home area is free from accident hazards and provides adequate supervision to prevent accidents.,J,"Deficient, Provider has date of correction",2024-11-29,2,N,Y,N,N,N,"4 St Joseph Street,Woonsocket,RI,02895",2026-06-01
415079,Cedar Haven Operations Holding LLC Valley View Hea,4 St Joseph Street,Woonsocket,RI,02895,2024-06-24,Health,F,Nursing and Physician Services Deficiencies,0726,Ensure that nurses and nurse aides have the appropriate competencies to care for every resident in a way that maximizes each resident's well being.,D,"Deficient, Provider has date of correction",2024-07-15,2,N,Y,N,N,N,"4 St Joseph Street,Woonsocket,RI,02895",2026-06-01
415079,Cedar Haven Operations Holding LLC Valley View Hea,4 St Joseph Street,Woonsocket,RI,02895,2024-06-24,Health,F,Pharmacy Service Deficiencies,0755,Provide pharmaceutical services to meet the needs of each resident and employ or obtain the services of a licensed pharmacist.,D,"Deficient, Provider has date of correction",2024-07-15,2,N,Y,N,N,N,"4 St Joseph Street,Woonsocket,RI,02895",2026-06-01
415079,Cedar Haven Operations Holding LLC Valley View Hea,4 St Joseph Street,Woonsocket,RI,02895,2024-06-24,Health,F,Pharmacy Service Deficiencies,0760,Ensure that residents are free from significant medication errors.,D,"Deficient, Provider has date of correction",2024-07-15,2,N,Y,N,N,N,"4 St Joseph Street,Woonsocket,RI,02895",2026-06-01
415079,Cedar Haven Operations Holding LLC Valley View Hea,4 St Joseph Street,Woonsocket,RI,02895,2024-03-15,Health,F,Resident Rights Deficiencies,0582,Give residents notice of Medicaid/Medicare coverage and potential liability for services not covered.,B,"Deficient, Provider has date of correction",2024-04-14,2,Y,N,N,N,N,"4 St Joseph Street,Woonsocket,RI,02895",2026-06-01
415079,Cedar Haven Operations Holding LLC Valley View Hea,4 St Joseph Street,Woonsocket,RI,02895,2024-03-15,Health,F,"Freedom from Abuse, Neglect, and Exploitation Deficiencies",0609,"Timely report suspected abuse, neglect, or theft and report the results of the investigation to proper authorities.",D,"Deficient, Provider has date of correction",2024-04-14,2,Y,N,N,N,N,"4 St Joseph Street,Woonsocket,RI,02895",2026-06-01
415079,Cedar Haven Operations Holding LLC Valley View Hea,4 St Joseph Street,Woonsocket,RI,02895,2024-03-15,Health,F,Resident Assessment and Care Planning Deficiencies,0658,Ensure services provided by the nursing facility meet professional standards of quality.,D,"Deficient, Provider has date of correction",2024-04-14,2,Y,N,N,N,N,"4 St Joseph Street,Woonsocket,RI,02895",2026-06-01
415079,Cedar Haven Operations Holding LLC Valley View Hea,4 St Joseph Street,Woonsocket,RI,02895,2024-03-15,Health,F,Quality of Life and Care Deficiencies,0690,"Provide appropriate care for residents who are continent or incontinent of bowel/bladder, appropriate catheter care,  and appropriate care  to prevent urinary tract infections.",D,"Deficient, Provider has date of correction",2024-04-14,2,Y,N,N,N,N,"4 St Joseph Street,Woonsocket,RI,02895",2026-06-01
415079,Cedar Haven Operations Holding LLC Valley View Hea,4 St Joseph Street,Woonsocket,RI,02895,2024-03-15,Health,F,Quality of Life and Care Deficiencies,0697,"Provide safe, appropriate pain management for a resident who requires such services.",G,"Deficient, Provider has date of correction",2024-04-14,2,Y,N,N,N,N,"4 St Joseph Street,Woonsocket,RI,02895",2026-06-01
415079,Cedar Haven Operations Holding LLC Valley View Hea,4 St Joseph Street,Woonsocket,RI,02895,2024-03-15,Health,F,Pharmacy Service Deficiencies,0759,Ensure medication error rates are not 5 percent or greater.,D,"Deficient, Provider has date of correction",2024-04-14,2,Y,N,N,N,N,"4 St Joseph Street,Woonsocket,RI,02895",2026-06-01
415079,Cedar Haven Operations Holding LLC Valley View Hea,4 St Joseph Street,Woonsocket,RI,02895,2024-03-15,Health,F,Pharmacy Service Deficiencies,0760,Ensure that residents are free from significant medication errors.,E,"Deficient, Provider has date of correction",2024-04-14,2,Y,N,N,N,N,"4 St Joseph Street,Woonsocket,RI,02895",2026-06-01
415079,Cedar Haven Operations Holding LLC Valley View Hea,4 St Joseph Street,Woonsocket,RI,02895,2024-03-15,Health,F,Nutrition and Dietary Deficiencies,0812,"Procure food from sources approved or considered satisfactory and store, prepare, distribute and serve food in accordance with professional standards.",F,"Deficient, Provider has date of correction",2024-04-14,2,Y,N,N,N,N,"4 St Joseph Street,Woonsocket,RI,02895",2026-06-01
415079,Cedar Haven Operations Holding LLC Valley View Hea,4 St Joseph Street,Woonsocket,RI,02895,2024-03-15,Health,F,Resident Assessment and Care Planning Deficiencies,0842,Safeguard resident-identifiable information and/or maintain medical records on each resident that are in accordance with accepted professional standards.,D,"Deficient, Provider has date of correction",2024-04-14,2,Y,N,N,N,N,"4 St Joseph Street,Woonsocket,RI,02895",2026-06-01
415079,Cedar Haven Operations Holding LLC Valley View Hea,4 St Joseph Street,Woonsocket,RI,02895,2024-03-15,Health,F,Infection Control Deficiencies,0880,Provide and implement an infection prevention and control program.,E,"Deficient, Provider has date of correction",2024-04-14,2,Y,N,N,N,N,"4 St Joseph Street,Woonsocket,RI,02895",2026-06-01
415079,Cedar Haven Operations Holding LLC Valley View Hea,4 St Joseph Street,Woonsocket,RI,02895,2024-03-15,Health,F,Quality of Life and Care Deficiencies,0677,Provide care and assistance to perform activities of daily living for any resident who is unable.,E,"Deficient, Provider has date of correction",2024-04-14,2,Y,Y,N,N,N,"4 St Joseph Street,Woonsocket,RI,02895",2026-06-01
415079,Cedar Haven Operations Holding LLC Valley View Hea,4 St Joseph Street,Woonsocket,RI,02895,2024-03-15,Health,F,Quality of Life and Care Deficiencies,0686,Provide appropriate pressure ulcer care and prevent new ulcers from developing.,G,"Deficient, Provider has date of correction",2024-04-14,2,Y,Y,N,N,N,"4 St Joseph Street,Woonsocket,RI,02895",2026-06-01
415079,Cedar Haven Operations Holding LLC Valley View Hea,4 St Joseph Street,Woonsocket,RI,02895,2024-03-15,Health,F,Quality of Life and Care Deficiencies,0692,Provide enough food/fluids to maintain a resident's health.,G,"Deficient, Provider has date of correction",2024-04-14,2,Y,Y,N,N,N,"4 St Joseph Street,Woonsocket,RI,02895",2026-06-01
415079,Cedar Haven Operations Holding LLC Valley View Hea,4 St Joseph Street,Woonsocket,RI,02895,2024-02-07,Health,F,Resident Rights Deficiencies,0584,"Honor the resident's right to a safe, clean, comfortable and homelike environment, including but not limited to receiving treatment and supports for daily living safely.",E,"Deficient, Provider has date of correction",2024-02-20,3,N,Y,N,N,N,"4 St Joseph Street,Woonsocket,RI,02895",2026-06-01
415079,Cedar Haven Operations Holding LLC Valley View Hea,4 St Joseph Street,Woonsocket,RI,02895,2023-12-26,Health,F,Quality of Life and Care Deficiencies,0689,Ensure that a nursing home area is free from accident hazards and provides adequate supervision to prevent accidents.,J,"Deficient, Provider has date of correction",2024-01-09,3,N,Y,N,N,N,"4 St Joseph Street,Woonsocket,RI,02895",2026-06-01
415079,Cedar Haven Operations Holding LLC Valley View Hea,4 St Joseph Street,Woonsocket,RI,02895,2023-10-11,Health,F,Quality of Life and Care Deficiencies,0692,Provide enough food/fluids to maintain a resident's health.,D,"Deficient, Provider has date of correction",2023-11-10,3,N,Y,N,N,N,"4 St Joseph Street,Woonsocket,RI,02895",2026-06-01
415079,Cedar Haven Operations Holding LLC Valley View Hea,4 St Joseph Street,Woonsocket,RI,02895,2023-08-21,Health,F,Quality of Life and Care Deficiencies,0686,Provide appropriate pressure ulcer care and prevent new ulcers from developing.,D,"Deficient, Provider has date of correction",2023-09-20,3,N,Y,N,N,N,"4 St Joseph Street,Woonsocket,RI,02895",2026-06-01
415079,Cedar Haven Operations Holding LLC Valley View Hea,4 St Joseph Street,Woonsocket,RI,02895,2023-07-27,Health,F,Resident Rights Deficiencies,0580,"Immediately tell the resident, the resident's doctor, and a family member of situations (injury/decline/room, etc.)  that affect the resident.",G,"Deficient, Provider has date of correction",2023-08-19,3,N,Y,N,N,N,"4 St Joseph Street,Woonsocket,RI,02895",2026-06-01
415079,Cedar Haven Operations Holding LLC Valley View Hea,4 St Joseph Street,Woonsocket,RI,02895,2023-07-20,Health,F,Resident Rights Deficiencies,0580,"Immediately tell the resident, the resident's doctor, and a family member of situations (injury/decline/room, etc.)  that affect the resident.",G,"Deficient, Provider has date of correction",2023-08-19,3,N,Y,N,N,N,"4 St Joseph Street,Woonsocket,RI,02895",2026-06-01
415079,Cedar Haven Operations Holding LLC Valley View Hea,4 St Joseph Street,Woonsocket,RI,02895,2023-07-06,Health,F,"Freedom from Abuse, Neglect, and Exploitation Deficiencies",0600,"Protect each resident from all types of abuse such as physical, mental, sexual abuse, physical punishment, and neglect by anybody.",J,"Deficient, Provider has date of correction",2023-08-05,3,N,Y,N,N,N,"4 St Joseph Street,Woonsocket,RI,02895",2026-06-01
415079,Cedar Haven Operations Holding LLC Valley View Hea,4 St Joseph Street,Woonsocket,RI,02895,2023-07-06,Health,F,Quality of Life and Care Deficiencies,0689,Ensure that a nursing home area is free from accident hazards and provides adequate supervision to prevent accidents.,J,"Deficient, Provider has date of correction",2023-08-05,3,N,Y,N,N,N,"4 St Joseph Street,Woonsocket,RI,02895",2026-06-01
415079,Cedar Haven Operations Holding LLC Valley View Hea,4 St Joseph Street,Woonsocket,RI,02895,2023-07-06,Health,F,Quality of Life and Care Deficiencies,0695,Provide safe and appropriate respiratory care for a resident when needed.,K,"Deficient, Provider has date of correction",2023-08-05,3,N,Y,N,N,N,"4 St Joseph Street,Woonsocket,RI,02895",2026-06-01
415079,Cedar Haven Operations Holding LLC Valley View Hea,4 St Joseph Street,Woonsocket,RI,02895,2023-07-06,Health,F,Nursing and Physician Services Deficiencies,0726,Ensure that nurses and nurse aides have the appropriate competencies to care for every resident in a way that maximizes each resident's well being.,K,"Deficient, Provider has date of correction",2023-08-05,3,N,Y,N,N,N,"4 St Joseph Street,Woonsocket,RI,02895",2026-06-01
415079,Cedar Haven Operations Holding LLC Valley View Hea,4 St Joseph Street,Woonsocket,RI,02895,2023-03-01,Health,F,Resident Rights Deficiencies,0580,"Immediately tell the resident, the resident's doctor, and a family member of situations (injury/decline/room, etc.)  that affect the resident.",E,"Deficient, Provider has date of correction",2023-03-31,3,Y,N,N,N,N,"4 St Joseph Street,Woonsocket,RI,02895",2026-06-01
415079,Cedar Haven Operations Holding LLC Valley View Hea,4 St Joseph Street,Woonsocket,RI,02895,2023-03-01,Health,F,Resident Rights Deficiencies,0582,Give residents notice of Medicaid/Medicare coverage and potential liability for services not covered.,D,"Deficient, Provider has date of correction",2023-03-31,3,Y,N,N,N,N,"4 St Joseph Street,Woonsocket,RI,02895",2026-06-01
415079,Cedar Haven Operations Holding LLC Valley View Hea,4 St Joseph Street,Woonsocket,RI,02895,2023-03-01,Health,F,"Freedom from Abuse, Neglect, and Exploitation Deficiencies",0609,"Timely report suspected abuse, neglect, or theft and report the results of the investigation to proper authorities.",D,"Deficient, Provider has date of correction",2023-03-31,3,Y,N,N,N,N,"4 St Joseph Street,Woonsocket,RI,02895",2026-06-01
415079,Cedar Haven Operations Holding LLC Valley View Hea,4 St Joseph Street,Woonsocket,RI,02895,2023-03-01,Health,F,Quality of Life and Care Deficiencies,0677,Provide care and assistance to perform activities of daily living for any resident who is unable.,D,"Deficient, Provider has date of correction",2023-03-31,3,Y,N,N,N,N,"4 St Joseph Street,Woonsocket,RI,02895",2026-06-01
415079,Cedar Haven Operations Holding LLC Valley View Hea,4 St Joseph Street,Woonsocket,RI,02895,2023-03-01,Health,F,Quality of Life and Care Deficiencies,0686,Provide appropriate pressure ulcer care and prevent new ulcers from developing.,E,"Deficient, Provider has date of correction",2023-03-31,3,Y,N,N,N,N,"4 St Joseph Street,Woonsocket,RI,02895",2026-06-01
415079,Cedar Haven Operations Holding LLC Valley View Hea,4 St Joseph Street,Woonsocket,RI,02895,2023-03-01,Health,F,Quality of Life and Care Deficiencies,0689,Ensure that a nursing home area is free from accident hazards and provides adequate supervision to prevent accidents.,D,"Deficient, Provider has date of correction",2023-03-31,3,Y,N,N,N,N,"4 St Joseph Street,Woonsocket,RI,02895",2026-06-01
415079,Cedar Haven Operations Holding LLC Valley View Hea,4 St Joseph Street,Woonsocket,RI,02895,2023-03-01,Health,F,Quality of Life and Care Deficiencies,0690,"Provide appropriate care for residents who are continent or incontinent of bowel/bladder, appropriate catheter care,  and appropriate care  to prevent urinary tract infections.",E,"Deficient, Provider has date of correction",2023-03-31,3,Y,N,N,N,N,"4 St Joseph Street,Woonsocket,RI,02895",2026-06-01
415079,Cedar Haven Operations Holding LLC Valley View Hea,4 St Joseph Street,Woonsocket,RI,02895,2023-03-01,Health,F,Quality of Life and Care Deficiencies,0692,Provide enough food/fluids to maintain a resident's health.,D,"Deficient, Provider has date of correction",2023-03-31,3,Y,N,N,N,N,"4 St Joseph Street,Woonsocket,RI,02895",2026-06-01
415079,Cedar Haven Operations Holding LLC Valley View Hea,4 St Joseph Street,Woonsocket,RI,02895,2023-03-01,Health,F,Quality of Life and Care Deficiencies,0695,Provide safe and appropriate respiratory care for a resident when needed.,D,"Deficient, Provider has date of correction",2023-03-31,3,Y,N,N,N,N,"4 St Joseph Street,Woonsocket,RI,02895",2026-06-01
415079,Cedar Haven Operations Holding LLC Valley View Hea,4 St Joseph Street,Woonsocket,RI,02895,2023-03-01,Health,F,Pharmacy Service Deficiencies,0755,Provide pharmaceutical services to meet the needs of each resident and employ or obtain the services of a licensed pharmacist.,D,"Deficient, Provider has date of correction",2023-03-31,3,Y,N,N,N,N,"4 St Joseph Street,Woonsocket,RI,02895",2026-06-01
415079,Cedar Haven Operations Holding LLC Valley View Hea,4 St Joseph Street,Woonsocket,RI,02895,2023-03-01,Health,F,Administration Deficiencies,0770,"Provide timely, quality laboratory services/tests to meet the needs of residents.",D,"Deficient, Provider has date of correction",2023-03-31,3,Y,N,N,N,N,"4 St Joseph Street,Woonsocket,RI,02895",2026-06-01
415079,Cedar Haven Operations Holding LLC Valley View Hea,4 St Joseph Street,Woonsocket,RI,02895,2023-03-01,Health,F,Administration Deficiencies,0777,Provide or obtain x-rays/tests when ordered and promptly tell the ordering practitioner of the results.,D,"Deficient, Provider has date of correction",2023-03-31,3,Y,N,N,N,N,"4 St Joseph Street,Woonsocket,RI,02895",2026-06-01
415079,Cedar Haven Operations Holding LLC Valley View Hea,4 St Joseph Street,Woonsocket,RI,02895,2023-03-01,Health,F,Nutrition and Dietary Deficiencies,0812,"Procure food from sources approved or considered satisfactory and store, prepare, distribute and serve food in accordance with professional standards.",F,"Deficient, Provider has date of correction",2023-03-31,3,Y,N,N,N,N,"4 St Joseph Street,Woonsocket,RI,02895",2026-06-01
415079,Cedar Haven Operations Holding LLC Valley View Hea,4 St Joseph Street,Woonsocket,RI,02895,2023-03-01,Health,F,Resident Assessment and Care Planning Deficiencies,0842,Safeguard resident-identifiable information and/or maintain medical records on each resident that are in accordance with accepted professional standards.,E,"Deficient, Provider has date of correction",2023-03-31,3,Y,N,N,N,N,"4 St Joseph Street,Woonsocket,RI,02895",2026-06-01
415079,Cedar Haven Operations Holding LLC Valley View Hea,4 St Joseph Street,Woonsocket,RI,02895,2023-03-01,Health,F,Infection Control Deficiencies,0881,Implement a program that monitors antibiotic use.,F,"Deficient, Provider has date of correction",2023-03-31,3,Y,N,N,N,N,"4 St Joseph Street,Woonsocket,RI,02895",2026-06-01
415079,Cedar Haven Operations Holding LLC Valley View Hea,4 St Joseph Street,Woonsocket,RI,02895,2023-03-01,Health,F,Environmental Deficiencies,0919,Make sure that a working call system is available in each resident's  bathroom and bathing area.,E,"Deficient, Provider has date of correction",2023-03-31,3,Y,N,N,N,N,"4 St Joseph Street,Woonsocket,RI,02895",2026-06-01
415080,Bayberry Commons,181 Davis Drive,Pascoag,RI,02859,2025-07-03,Health,F,Resident Assessment and Care Planning Deficiencies,0657,"Develop the complete care plan within 7 days of the comprehensive assessment; and prepared, reviewed, and revised by a team of health professionals.",D,"Deficient, Provider has date of correction",2025-08-02,1,N,Y,N,N,N,"181 Davis Drive,Pascoag,RI,02859",2026-06-01
415080,Bayberry Commons,181 Davis Drive,Pascoag,RI,02859,2025-07-18,Health,F,Resident Assessment and Care Planning Deficiencies,0658,Ensure services provided by the nursing facility meet professional standards of quality.,D,"Deficient, Provider has date of correction",2025-08-17,1,Y,N,N,N,N,"181 Davis Drive,Pascoag,RI,02859",2026-06-01
415080,Bayberry Commons,181 Davis Drive,Pascoag,RI,02859,2025-07-18,Health,F,Pharmacy Service Deficiencies,0756,"Ensure a licensed pharmacist perform a monthly drug regimen review, including the medical chart, following irregularity reporting guidelines in developed policies and procedures.",E,"Deficient, Provider has date of correction",2025-08-17,1,Y,N,N,N,N,"181 Davis Drive,Pascoag,RI,02859",2026-06-01
415080,Bayberry Commons,181 Davis Drive,Pascoag,RI,02859,2025-07-18,Health,F,Resident Assessment and Care Planning Deficiencies,0842,Safeguard resident-identifiable information and/or maintain medical records on each resident that are in accordance with accepted professional standards.,D,"Deficient, Provider has date of correction",2025-08-17,1,Y,N,N,N,N,"181 Davis Drive,Pascoag,RI,02859",2026-06-01
415080,Bayberry Commons,181 Davis Drive,Pascoag,RI,02859,2025-07-18,Health,F,Infection Control Deficiencies,0880,Provide and implement an infection prevention and control program.,E,"Deficient, Provider has date of correction",2025-08-17,1,Y,N,N,N,N,"181 Davis Drive,Pascoag,RI,02859",2026-06-01
415080,Bayberry Commons,181 Davis Drive,Pascoag,RI,02859,2025-02-20,Health,F,Resident Rights Deficiencies,0580,"Immediately tell the resident, the resident's doctor, and a family member of situations (injury/decline/room, etc.)  that affect the resident.",G,"Deficient, Provider has date of correction",2025-03-22,2,N,Y,N,N,N,"181 Davis Drive,Pascoag,RI,02859",2026-06-01
415080,Bayberry Commons,181 Davis Drive,Pascoag,RI,02859,2025-02-20,Health,F,Resident Assessment and Care Planning Deficiencies,0658,Ensure services provided by the nursing facility meet professional standards of quality.,D,"Deficient, Provider has date of correction",2025-03-22,2,N,Y,N,N,N,"181 Davis Drive,Pascoag,RI,02859",2026-06-01
415080,Bayberry Commons,181 Davis Drive,Pascoag,RI,02859,2024-12-19,Health,F,"Freedom from Abuse, Neglect, and Exploitation Deficiencies",0600,"Protect each resident from all types of abuse such as physical, mental, sexual abuse, physical punishment, and neglect by anybody.",J,"Deficient, Provider has date of correction",2025-01-07,2,N,Y,N,N,N,"181 Davis Drive,Pascoag,RI,02859",2026-06-01
415080,Bayberry Commons,181 Davis Drive,Pascoag,RI,02859,2024-08-15,Health,F,Quality of Life and Care Deficiencies,0695,Provide safe and appropriate respiratory care for a resident when needed.,D,"Deficient, Provider has date of correction",2024-09-04,2,N,Y,N,N,N,"181 Davis Drive,Pascoag,RI,02859",2026-06-01
415080,Bayberry Commons,181 Davis Drive,Pascoag,RI,02859,2024-08-15,Health,F,Resident Assessment and Care Planning Deficiencies,0842,Safeguard resident-identifiable information and/or maintain medical records on each resident that are in accordance with accepted professional standards.,D,"Deficient, Provider has date of correction",2024-09-04,2,N,Y,N,N,N,"181 Davis Drive,Pascoag,RI,02859",2026-06-01
415080,Bayberry Commons,181 Davis Drive,Pascoag,RI,02859,2024-08-05,Health,F,Quality of Life and Care Deficiencies,0689,Ensure that a nursing home area is free from accident hazards and provides adequate supervision to prevent accidents.,G,"Deficient, Provider has date of correction",2024-09-04,2,N,Y,N,N,N,"181 Davis Drive,Pascoag,RI,02859",2026-06-01
415080,Bayberry Commons,181 Davis Drive,Pascoag,RI,02859,2024-07-11,Health,F,"Freedom from Abuse, Neglect, and Exploitation Deficiencies",0604,"Ensure that each resident is free from the use of physical restraints, unless needed for medical treatment.",E,"Deficient, Provider has date of correction",2024-08-10,2,Y,N,N,N,N,"181 Davis Drive,Pascoag,RI,02859",2026-06-01
415080,Bayberry Commons,181 Davis Drive,Pascoag,RI,02859,2024-07-11,Health,F,Resident Assessment and Care Planning Deficiencies,0636,"Assess the resident completely in a timely manner  when first admitted, and then periodically, at least every 12 months.",E,"Deficient, Provider has date of correction",2024-08-10,2,Y,N,N,N,N,"181 Davis Drive,Pascoag,RI,02859",2026-06-01
415080,Bayberry Commons,181 Davis Drive,Pascoag,RI,02859,2024-07-11,Health,F,Resident Assessment and Care Planning Deficiencies,0641,Ensure each resident receives an accurate assessment.,E,"Deficient, Provider has date of correction",2024-08-10,2,Y,N,N,N,N,"181 Davis Drive,Pascoag,RI,02859",2026-06-01
415080,Bayberry Commons,181 Davis Drive,Pascoag,RI,02859,2024-07-11,Health,F,Quality of Life and Care Deficiencies,0684,"Provide appropriate treatment and care according to orders, resident’s preferences and goals.",D,"Deficient, Provider has date of correction",2024-08-10,2,Y,N,N,N,N,"181 Davis Drive,Pascoag,RI,02859",2026-06-01
415080,Bayberry Commons,181 Davis Drive,Pascoag,RI,02859,2024-07-11,Health,F,Nutrition and Dietary Deficiencies,0805,Ensure each resident receives and the facility provides food prepared in a form designed to meet individual needs.,D,"Deficient, Provider has date of correction",2024-08-10,2,Y,N,N,N,N,"181 Davis Drive,Pascoag,RI,02859",2026-06-01
415080,Bayberry Commons,181 Davis Drive,Pascoag,RI,02859,2024-07-11,Health,F,Infection Control Deficiencies,0880,Provide and implement an infection prevention and control program.,E,"Deficient, Provider has date of correction",2024-08-10,2,Y,N,N,N,N,"181 Davis Drive,Pascoag,RI,02859",2026-06-01
415080,Bayberry Commons,181 Davis Drive,Pascoag,RI,02859,2023-06-22,Health,F,Quality of Life and Care Deficiencies,0686,Provide appropriate pressure ulcer care and prevent new ulcers from developing.,D,"Deficient, Provider has date of correction",2023-07-22,3,Y,Y,N,N,N,"181 Davis Drive,Pascoag,RI,02859",2026-06-01
415080,Bayberry Commons,181 Davis Drive,Pascoag,RI,02859,2023-06-22,Health,F,Pharmacy Service Deficiencies,0760,Ensure that residents are free from significant medication errors.,D,"Deficient, Provider has date of correction",2023-07-22,3,Y,Y,N,N,N,"181 Davis Drive,Pascoag,RI,02859",2026-06-01
415080,Bayberry Commons,181 Davis Drive,Pascoag,RI,02859,2023-06-22,Health,F,Pharmacy Service Deficiencies,0761,"Ensure drugs and biologicals used in the facility are labeled in accordance with currently accepted professional principles; and all drugs and biologicals must be stored in locked compartments, separately locked, compartments for controlled drugs.",D,"Deficient, Provider has date of correction",2023-07-22,3,Y,Y,N,N,N,"181 Davis Drive,Pascoag,RI,02859",2026-06-01
415081,Westerly Health Center,280 High Street,Westerly,RI,02891,2025-04-23,Health,F,Resident Assessment and Care Planning Deficiencies,0658,Ensure services provided by the nursing facility meet professional standards of quality.,E,"Deficient, Provider has date of correction",2025-05-12,1,Y,N,N,N,N,"280 High Street,Westerly,RI,02891",2026-06-01
415081,Westerly Health Center,280 High Street,Westerly,RI,02891,2025-04-23,Health,F,Quality of Life and Care Deficiencies,0692,Provide enough food/fluids to maintain a resident's health.,G,"Deficient, Provider has date of correction",2025-05-12,1,Y,N,N,N,N,"280 High Street,Westerly,RI,02891",2026-06-01
415081,Westerly Health Center,280 High Street,Westerly,RI,02891,2025-04-23,Health,F,Resident Assessment and Care Planning Deficiencies,0842,Safeguard resident-identifiable information and/or maintain medical records on each resident that are in accordance with accepted professional standards.,D,"Deficient, Provider has date of correction",2025-05-12,1,Y,N,N,N,N,"280 High Street,Westerly,RI,02891",2026-06-01
415081,Westerly Health Center,280 High Street,Westerly,RI,02891,2025-04-23,Health,F,Infection Control Deficiencies,0880,Provide and implement an infection prevention and control program.,D,"Deficient, Provider has date of correction",2025-05-12,1,Y,N,N,N,N,"280 High Street,Westerly,RI,02891",2026-06-01
415081,Westerly Health Center,280 High Street,Westerly,RI,02891,2024-11-27,Health,F,Resident Assessment and Care Planning Deficiencies,0661,"Ensure necessary information is communicated to the resident, and receiving health care provider at the time of a planned discharge.",D,"Deficient, Provider has date of correction",2024-12-13,2,N,Y,N,N,N,"280 High Street,Westerly,RI,02891",2026-06-01
415081,Westerly Health Center,280 High Street,Westerly,RI,02891,2024-09-03,Health,F,"Freedom from Abuse, Neglect, and Exploitation Deficiencies",0609,"Timely report suspected abuse, neglect, or theft and report the results of the investigation to proper authorities.",E,"Deficient, Provider has date of correction",2024-09-13,2,N,Y,N,N,N,"280 High Street,Westerly,RI,02891",2026-06-01
415081,Westerly Health Center,280 High Street,Westerly,RI,02891,2024-05-09,Health,F,Quality of Life and Care Deficiencies,0695,Provide safe and appropriate respiratory care for a resident when needed.,E,"Deficient, Provider has date of correction",2024-05-31,2,Y,Y,N,N,N,"280 High Street,Westerly,RI,02891",2026-06-01
415081,Westerly Health Center,280 High Street,Westerly,RI,02891,2024-05-09,Health,F,Pharmacy Service Deficiencies,0760,Ensure that residents are free from significant medication errors.,E,"Deficient, Provider has date of correction",2024-05-31,2,Y,Y,N,N,N,"280 High Street,Westerly,RI,02891",2026-06-01
415081,Westerly Health Center,280 High Street,Westerly,RI,02891,2024-05-09,Health,F,Pharmacy Service Deficiencies,0761,"Ensure drugs and biologicals used in the facility are labeled in accordance with currently accepted professional principles; and all drugs and biologicals must be stored in locked compartments, separately locked, compartments for controlled drugs.",E,"Deficient, Provider has date of correction",2024-05-31,2,Y,Y,N,N,N,"280 High Street,Westerly,RI,02891",2026-06-01
415081,Westerly Health Center,280 High Street,Westerly,RI,02891,2024-05-09,Health,F,Infection Control Deficiencies,0880,Provide and implement an infection prevention and control program.,E,"Deficient, Provider has date of correction",2024-05-31,2,Y,Y,N,N,N,"280 High Street,Westerly,RI,02891",2026-06-01
415081,Westerly Health Center,280 High Street,Westerly,RI,02891,2023-08-30,Health,F,Resident Rights Deficiencies,0578,"Honor the resident's right to request, refuse, and/or discontinue treatment, to participate in or refuse to participate in experimental research, and to formulate an advance directive.",D,"Deficient, Provider has date of correction",2023-09-14,3,N,Y,N,N,N,"280 High Street,Westerly,RI,02891",2026-06-01
415081,Westerly Health Center,280 High Street,Westerly,RI,02891,2023-03-30,Health,F,Resident Rights Deficiencies,0578,"Honor the resident's right to request, refuse, and/or discontinue treatment, to participate in or refuse to participate in experimental research, and to formulate an advance directive.",D,"Deficient, Provider has date of correction",2023-04-27,3,Y,N,N,N,N,"280 High Street,Westerly,RI,02891",2026-06-01
415081,Westerly Health Center,280 High Street,Westerly,RI,02891,2023-03-30,Health,F,Quality of Life and Care Deficiencies,0676,Ensure residents do not lose the ability to perform activities of daily living unless there is a medical reason.,D,"Deficient, Provider has date of correction",2023-04-27,3,Y,N,N,N,N,"280 High Street,Westerly,RI,02891",2026-06-01
415081,Westerly Health Center,280 High Street,Westerly,RI,02891,2023-03-30,Health,F,Nursing and Physician Services Deficiencies,0725,Provide enough nursing staff every day to meet the needs of every resident; and have a licensed nurse in charge on each shift.,D,"Deficient, Provider has date of correction",2023-04-27,3,Y,N,N,N,N,"280 High Street,Westerly,RI,02891",2026-06-01
415081,Westerly Health Center,280 High Street,Westerly,RI,02891,2023-03-30,Health,F,Quality of Life and Care Deficiencies,0744,Provide the appropriate treatment and services to a resident who displays or is diagnosed with dementia.,E,"Deficient, Provider has date of correction",2023-04-27,3,Y,N,N,N,N,"280 High Street,Westerly,RI,02891",2026-06-01
415081,Westerly Health Center,280 High Street,Westerly,RI,02891,2023-03-30,Health,F,Pharmacy Service Deficiencies,0756,"Ensure a licensed pharmacist perform a monthly drug regimen review, including the medical chart, following irregularity reporting guidelines in developed policies and procedures.",F,"Deficient, Provider has date of correction",2023-04-27,3,Y,N,N,N,N,"280 High Street,Westerly,RI,02891",2026-06-01
415081,Westerly Health Center,280 High Street,Westerly,RI,02891,2023-03-30,Health,F,Pharmacy Service Deficiencies,0758,"Implement gradual dose reductions(GDR) and non-pharmacological interventions, unless contraindicated, prior to initiating or instead of continuing psychotropic medication; and PRN orders for psychotropic medications are only used when the medication is necessary and PRN use is limited.",D,"Deficient, Provider has date of correction",2023-04-27,3,Y,N,N,N,N,"280 High Street,Westerly,RI,02891",2026-06-01
415081,Westerly Health Center,280 High Street,Westerly,RI,02891,2023-03-30,Health,F,Nutrition and Dietary Deficiencies,0810,Provide special eating equipment and utensils for residents who need them and appropriate assistance.,D,"Deficient, Provider has date of correction",2023-04-27,3,Y,N,N,N,N,"280 High Street,Westerly,RI,02891",2026-06-01
415081,Westerly Health Center,280 High Street,Westerly,RI,02891,2023-03-30,Health,F,Nutrition and Dietary Deficiencies,0812,"Procure food from sources approved or considered satisfactory and store, prepare, distribute and serve food in accordance with professional standards.",F,"Deficient, Provider has date of correction",2023-04-27,3,Y,N,N,N,N,"280 High Street,Westerly,RI,02891",2026-06-01
415081,Westerly Health Center,280 High Street,Westerly,RI,02891,2023-03-30,Health,F,Administration Deficiencies,0865,Have a  plan that describes the process for conducting QAPI and QAA activities.,D,"Deficient, Provider has date of correction",2023-04-27,3,Y,N,N,N,N,"280 High Street,Westerly,RI,02891",2026-06-01
415081,Westerly Health Center,280 High Street,Westerly,RI,02891,2023-03-30,Health,F,Environmental Deficiencies,0921,"Make sure that the nursing home area is safe, easy to use, clean and comfortable for residents, staff and the public.",E,"Deficient, Provider has date of correction",2023-04-27,3,Y,N,N,N,N,"280 High Street,Westerly,RI,02891",2026-06-01
415082,Riverview Healthcare Community,546 Main Street,Coventry,RI,02816,2025-12-05,Health,F,Nursing and Physician Services Deficiencies,0725,Provide enough nursing staff every day to meet the needs of every resident; and have a licensed nurse in charge on each shift.,D,"Deficient, Provider has date of correction",2025-12-10,1,N,Y,N,N,N,"546 Main Street,Coventry,RI,02816",2026-06-01
415082,Riverview Healthcare Community,546 Main Street,Coventry,RI,02816,2025-11-28,Health,F,Resident Rights Deficiencies,0580,"Immediately tell the resident, the resident's doctor, and a family member of situations (injury/decline/room, etc.)  that affect the resident.",D,"Deficient, Provider has date of correction",2025-12-10,1,N,Y,N,N,N,"546 Main Street,Coventry,RI,02816",2026-06-01
415082,Riverview Healthcare Community,546 Main Street,Coventry,RI,02816,2025-11-28,Health,F,Resident Rights Deficiencies,0628,"Provide the required documentation or notification related to the resident's needs, appeal rights, or bed-hold policies.",J,"Deficient, Provider has date of correction",2025-12-10,1,N,Y,N,N,N,"546 Main Street,Coventry,RI,02816",2026-06-01
415082,Riverview Healthcare Community,546 Main Street,Coventry,RI,02816,2025-11-28,Health,F,Resident Assessment and Care Planning Deficiencies,0656,"Develop and implement a complete care plan that meets all the resident's needs, with timetables and actions that can be measured.",E,"Deficient, Provider has date of correction",2025-12-10,1,N,Y,N,N,N,"546 Main Street,Coventry,RI,02816",2026-06-01
415082,Riverview Healthcare Community,546 Main Street,Coventry,RI,02816,2025-11-28,Health,F,Nursing and Physician Services Deficiencies,0726,Ensure that nurses and nurse aides have the appropriate competencies to care for every resident in a way that maximizes each resident's well being.,D,"Deficient, Provider has date of correction",2025-12-10,1,N,Y,N,N,N,"546 Main Street,Coventry,RI,02816",2026-06-01
415082,Riverview Healthcare Community,546 Main Street,Coventry,RI,02816,2026-04-02,Health,F,Resident Assessment and Care Planning Deficiencies,0658,Ensure services provided by the nursing facility meet professional standards of quality.,E,"Deficient, Provider has date of correction",2026-04-19,1,Y,N,N,N,N,"546 Main Street,Coventry,RI,02816",2026-06-01
415082,Riverview Healthcare Community,546 Main Street,Coventry,RI,02816,2026-04-02,Health,F,Quality of Life and Care Deficiencies,0684,"Provide appropriate treatment and care according to orders, resident’s preferences and goals.",D,"Deficient, Provider has date of correction",2026-04-19,1,Y,N,N,N,N,"546 Main Street,Coventry,RI,02816",2026-06-01
415082,Riverview Healthcare Community,546 Main Street,Coventry,RI,02816,2026-04-02,Health,F,Quality of Life and Care Deficiencies,0692,Provide enough food/fluids to maintain a resident's health.,E,"Deficient, Provider has date of correction",2026-04-19,1,Y,N,N,N,N,"546 Main Street,Coventry,RI,02816",2026-06-01
415082,Riverview Healthcare Community,546 Main Street,Coventry,RI,02816,2026-04-02,Health,F,Quality of Life and Care Deficiencies,0695,Provide safe and appropriate respiratory care for a resident when needed.,E,"Deficient, Provider has date of correction",2026-04-19,1,Y,N,N,N,N,"546 Main Street,Coventry,RI,02816",2026-06-01
415082,Riverview Healthcare Community,546 Main Street,Coventry,RI,02816,2026-04-02,Health,F,Pharmacy Service Deficiencies,0760,Ensure that residents are free from significant medication errors.,E,"Deficient, Provider has date of correction",2026-04-19,1,Y,N,N,N,N,"546 Main Street,Coventry,RI,02816",2026-06-01
415082,Riverview Healthcare Community,546 Main Street,Coventry,RI,02816,2026-04-02,Health,F,Pharmacy Service Deficiencies,0761,"Ensure drugs and biologicals used in the facility are labeled in accordance with currently accepted professional principles; and all drugs and biologicals must be stored in locked compartments, separately locked, compartments for controlled drugs.",E,"Deficient, Provider has date of correction",2026-04-19,1,Y,N,N,N,N,"546 Main Street,Coventry,RI,02816",2026-06-01
415082,Riverview Healthcare Community,546 Main Street,Coventry,RI,02816,2025-01-28,Health,F,Quality of Life and Care Deficiencies,0689,Ensure that a nursing home area is free from accident hazards and provides adequate supervision to prevent accidents.,E,"Deficient, Provider has date of correction",2025-02-13,2,N,Y,N,N,N,"546 Main Street,Coventry,RI,02816",2026-06-01
415082,Riverview Healthcare Community,546 Main Street,Coventry,RI,02816,2025-01-03,Health,F,Resident Assessment and Care Planning Deficiencies,0658,Ensure services provided by the nursing facility meet professional standards of quality.,E,"Deficient, Provider has date of correction",2025-01-22,2,Y,N,N,N,N,"546 Main Street,Coventry,RI,02816",2026-06-01
415082,Riverview Healthcare Community,546 Main Street,Coventry,RI,02816,2025-01-03,Health,F,Quality of Life and Care Deficiencies,0689,Ensure that a nursing home area is free from accident hazards and provides adequate supervision to prevent accidents.,D,"Deficient, Provider has date of correction",2025-01-22,2,Y,N,N,N,N,"546 Main Street,Coventry,RI,02816",2026-06-01
415082,Riverview Healthcare Community,546 Main Street,Coventry,RI,02816,2025-01-03,Health,F,Nutrition and Dietary Deficiencies,0812,"Procure food from sources approved or considered satisfactory and store, prepare, distribute and serve food in accordance with professional standards.",F,"Deficient, Provider has date of correction",2025-01-22,2,Y,N,N,N,N,"546 Main Street,Coventry,RI,02816",2026-06-01
415082,Riverview Healthcare Community,546 Main Street,Coventry,RI,02816,2025-01-03,Health,F,Infection Control Deficiencies,0880,Provide and implement an infection prevention and control program.,E,"Deficient, Provider has date of correction",2025-01-22,2,Y,N,N,N,N,"546 Main Street,Coventry,RI,02816",2026-06-01
415082,Riverview Healthcare Community,546 Main Street,Coventry,RI,02816,2025-01-03,Health,F,Environmental Deficiencies,0919,Make sure that a working call system is available in each resident's  bathroom and bathing area.,F,"Deficient, Provider has date of correction",2025-01-22,2,Y,N,N,N,N,"546 Main Street,Coventry,RI,02816",2026-06-01
415082,Riverview Healthcare Community,546 Main Street,Coventry,RI,02816,2024-05-08,Health,F,Quality of Life and Care Deficiencies,0686,Provide appropriate pressure ulcer care and prevent new ulcers from developing.,D,"Deficient, Provider has date of correction",2024-05-08,3,N,Y,N,N,N,"546 Main Street,Coventry,RI,02816",2026-06-01
415082,Riverview Healthcare Community,546 Main Street,Coventry,RI,02816,2024-05-08,Health,F,Quality of Life and Care Deficiencies,0695,Provide safe and appropriate respiratory care for a resident when needed.,D,"Deficient, Provider has date of correction",2024-05-08,3,N,Y,N,N,N,"546 Main Street,Coventry,RI,02816",2026-06-01
415082,Riverview Healthcare Community,546 Main Street,Coventry,RI,02816,2024-05-08,Health,F,Pharmacy Service Deficiencies,0760,Ensure that residents are free from significant medication errors.,K,"Deficient, Provider has date of correction",2024-05-08,3,N,Y,N,N,N,"546 Main Street,Coventry,RI,02816",2026-06-01
415082,Riverview Healthcare Community,546 Main Street,Coventry,RI,02816,2024-05-08,Health,F,Resident Assessment and Care Planning Deficiencies,0842,Safeguard resident-identifiable information and/or maintain medical records on each resident that are in accordance with accepted professional standards.,D,"Deficient, Provider has date of correction",2024-05-08,3,N,Y,N,N,N,"546 Main Street,Coventry,RI,02816",2026-06-01
415082,Riverview Healthcare Community,546 Main Street,Coventry,RI,02816,2024-04-15,Health,F,Resident Assessment and Care Planning Deficiencies,0658,Ensure services provided by the nursing facility meet professional standards of quality.,D,"Deficient, Provider has date of correction",2024-04-30,3,N,Y,N,N,N,"546 Main Street,Coventry,RI,02816",2026-06-01
415082,Riverview Healthcare Community,546 Main Street,Coventry,RI,02816,2023-07-28,Health,F,"Freedom from Abuse, Neglect, and Exploitation Deficiencies",0600,"Protect each resident from all types of abuse such as physical, mental, sexual abuse, physical punishment, and neglect by anybody.",D,"Deficient, Provider has date of correction",2023-08-22,3,N,Y,N,N,N,"546 Main Street,Coventry,RI,02816",2026-06-01
415082,Riverview Healthcare Community,546 Main Street,Coventry,RI,02816,2023-07-28,Health,F,Quality of Life and Care Deficiencies,0689,Ensure that a nursing home area is free from accident hazards and provides adequate supervision to prevent accidents.,D,"Deficient, Provider has date of correction",2023-08-22,3,N,Y,N,N,N,"546 Main Street,Coventry,RI,02816",2026-06-01
415082,Riverview Healthcare Community,546 Main Street,Coventry,RI,02816,2023-06-28,Health,F,"Freedom from Abuse, Neglect, and Exploitation Deficiencies",0600,"Protect each resident from all types of abuse such as physical, mental, sexual abuse, physical punishment, and neglect by anybody.",D,"Deficient, Provider has date of correction",2023-07-20,3,N,Y,N,N,N,"546 Main Street,Coventry,RI,02816",2026-06-01
415082,Riverview Healthcare Community,546 Main Street,Coventry,RI,02816,2023-06-28,Health,F,Quality of Life and Care Deficiencies,0675,"Honor each resident's preferences, choices, values and beliefs.",D,"Deficient, Provider has date of correction",2023-07-20,3,N,Y,N,N,N,"546 Main Street,Coventry,RI,02816",2026-06-01
415082,Riverview Healthcare Community,546 Main Street,Coventry,RI,02816,2023-06-28,Health,F,Quality of Life and Care Deficiencies,0684,"Provide appropriate treatment and care according to orders, resident’s preferences and goals.",D,"Deficient, Provider has date of correction",2023-07-20,3,N,Y,N,N,N,"546 Main Street,Coventry,RI,02816",2026-06-01
415082,Riverview Healthcare Community,546 Main Street,Coventry,RI,02816,2023-06-28,Health,F,Quality of Life and Care Deficiencies,0692,Provide enough food/fluids to maintain a resident's health.,D,"Deficient, Provider has date of correction",2023-07-20,3,N,Y,N,N,N,"546 Main Street,Coventry,RI,02816",2026-06-01
415082,Riverview Healthcare Community,546 Main Street,Coventry,RI,02816,2023-06-15,Health,F,"Freedom from Abuse, Neglect, and Exploitation Deficiencies",0609,"Timely report suspected abuse, neglect, or theft and report the results of the investigation to proper authorities.",D,"Deficient, Provider has date of correction",2023-07-03,3,N,Y,N,N,N,"546 Main Street,Coventry,RI,02816",2026-06-01
415082,Riverview Healthcare Community,546 Main Street,Coventry,RI,02816,2023-06-15,Health,F,"Freedom from Abuse, Neglect, and Exploitation Deficiencies",0610,Respond appropriately to all alleged violations.,D,"Deficient, Provider has date of correction",2023-07-03,3,N,Y,N,N,N,"546 Main Street,Coventry,RI,02816",2026-06-01
415082,Riverview Healthcare Community,546 Main Street,Coventry,RI,02816,2023-06-15,Health,F,Environmental Deficiencies,0921,"Make sure that the nursing home area is safe, easy to use, clean and comfortable for residents, staff and the public.",E,"Deficient, Provider has date of correction",2023-07-03,3,N,Y,N,N,N,"546 Main Street,Coventry,RI,02816",2026-06-01
415082,Riverview Healthcare Community,546 Main Street,Coventry,RI,02816,2024-01-25,Health,F,Resident Assessment and Care Planning Deficiencies,0655,Create and put into place a plan for meeting the resident's most immediate needs within 48 hours of being admitted,D,"Deficient, Provider has date of correction",2024-02-13,3,Y,N,N,N,N,"546 Main Street,Coventry,RI,02816",2026-06-01
415082,Riverview Healthcare Community,546 Main Street,Coventry,RI,02816,2024-01-25,Health,F,Quality of Life and Care Deficiencies,0686,Provide appropriate pressure ulcer care and prevent new ulcers from developing.,E,"Deficient, Provider has date of correction",2024-02-13,3,Y,N,N,N,N,"546 Main Street,Coventry,RI,02816",2026-06-01
415082,Riverview Healthcare Community,546 Main Street,Coventry,RI,02816,2024-01-25,Health,F,Quality of Life and Care Deficiencies,0690,"Provide appropriate care for residents who are continent or incontinent of bowel/bladder, appropriate catheter care,  and appropriate care  to prevent urinary tract infections.",E,"Deficient, Provider has date of correction",2024-02-13,3,Y,N,N,N,N,"546 Main Street,Coventry,RI,02816",2026-06-01
415082,Riverview Healthcare Community,546 Main Street,Coventry,RI,02816,2024-01-25,Health,F,Quality of Life and Care Deficiencies,0697,"Provide safe, appropriate pain management for a resident who requires such services.",D,"Deficient, Provider has date of correction",2024-02-13,3,Y,N,N,N,N,"546 Main Street,Coventry,RI,02816",2026-06-01
415082,Riverview Healthcare Community,546 Main Street,Coventry,RI,02816,2024-01-25,Health,F,Pharmacy Service Deficiencies,0760,Ensure that residents are free from significant medication errors.,D,"Deficient, Provider has date of correction",2024-02-13,3,Y,N,N,N,N,"546 Main Street,Coventry,RI,02816",2026-06-01
415082,Riverview Healthcare Community,546 Main Street,Coventry,RI,02816,2024-01-25,Health,F,Resident Assessment and Care Planning Deficiencies,0842,Safeguard resident-identifiable information and/or maintain medical records on each resident that are in accordance with accepted professional standards.,D,"Deficient, Provider has date of correction",2024-02-13,3,Y,N,N,N,N,"546 Main Street,Coventry,RI,02816",2026-06-01
415082,Riverview Healthcare Community,546 Main Street,Coventry,RI,02816,2024-01-25,Health,F,Infection Control Deficiencies,0880,Provide and implement an infection prevention and control program.,E,"Deficient, Provider has date of correction",2024-02-13,3,Y,N,N,N,N,"546 Main Street,Coventry,RI,02816",2026-06-01
415083,Eastgate Nursing & Rehabilitation Center,198 Waterman Avenue,East Providence,RI,02914,2026-02-19,Health,F,Resident Assessment and Care Planning Deficiencies,0657,"Develop the complete care plan within 7 days of the comprehensive assessment; and prepared, reviewed, and revised by a team of health professionals.",E,"Deficient, Provider has date of correction",2026-03-21,1,Y,N,N,N,N,"198 Waterman Avenue,East Providence,RI,02914",2026-06-01
415083,Eastgate Nursing & Rehabilitation Center,198 Waterman Avenue,East Providence,RI,02914,2026-02-19,Health,F,Quality of Life and Care Deficiencies,0695,Provide safe and appropriate respiratory care for a resident when needed.,D,"Deficient, Provider has date of correction",2026-03-21,1,Y,N,N,N,N,"198 Waterman Avenue,East Providence,RI,02914",2026-06-01
415083,Eastgate Nursing & Rehabilitation Center,198 Waterman Avenue,East Providence,RI,02914,2026-02-19,Health,F,Quality of Life and Care Deficiencies,0700,"Try different approaches before using a bed rail.  If a bed rail is needed, the facility must (1) assess a resident for safety risk; (2) review these risks and benefits with the resident/representative; (3) get informed consent; and (4) Correctly install and maintain the bed rail.",D,"Deficient, Provider has date of correction",2026-03-21,1,Y,N,N,N,N,"198 Waterman Avenue,East Providence,RI,02914",2026-06-01
415083,Eastgate Nursing & Rehabilitation Center,198 Waterman Avenue,East Providence,RI,02914,2026-02-19,Health,F,Infection Control Deficiencies,0880,Provide and implement an infection prevention and control program.,D,"Deficient, Provider has date of correction",2026-03-21,1,Y,N,N,N,N,"198 Waterman Avenue,East Providence,RI,02914",2026-06-01
415083,Eastgate Nursing & Rehabilitation Center,198 Waterman Avenue,East Providence,RI,02914,2024-11-21,Health,F,Resident Assessment and Care Planning Deficiencies,0656,"Develop and implement a complete care plan that meets all the resident's needs, with timetables and actions that can be measured.",D,"Deficient, Provider has date of correction",2024-12-21,2,Y,N,N,N,N,"198 Waterman Avenue,East Providence,RI,02914",2026-06-01
415083,Eastgate Nursing & Rehabilitation Center,198 Waterman Avenue,East Providence,RI,02914,2024-11-21,Health,F,Quality of Life and Care Deficiencies,0688,"Provide appropriate care for a resident to maintain and/or improve range of motion (ROM), limited ROM and/or mobility, unless a decline is for a medical reason.",D,"Deficient, Provider has date of correction",2024-12-21,2,Y,N,N,N,N,"198 Waterman Avenue,East Providence,RI,02914",2026-06-01
415083,Eastgate Nursing & Rehabilitation Center,198 Waterman Avenue,East Providence,RI,02914,2024-11-21,Health,F,Quality of Life and Care Deficiencies,0695,Provide safe and appropriate respiratory care for a resident when needed.,E,"Deficient, Provider has date of correction",2024-12-21,2,Y,N,N,N,N,"198 Waterman Avenue,East Providence,RI,02914",2026-06-01
415083,Eastgate Nursing & Rehabilitation Center,198 Waterman Avenue,East Providence,RI,02914,2024-11-21,Health,F,Nutrition and Dietary Deficiencies,0812,"Procure food from sources approved or considered satisfactory and store, prepare, distribute and serve food in accordance with professional standards.",F,"Deficient, Provider has date of correction",2024-12-21,2,Y,N,N,N,N,"198 Waterman Avenue,East Providence,RI,02914",2026-06-01
415083,Eastgate Nursing & Rehabilitation Center,198 Waterman Avenue,East Providence,RI,02914,2024-11-21,Health,F,Infection Control Deficiencies,0880,Provide and implement an infection prevention and control program.,D,"Deficient, Provider has date of correction",2024-12-21,2,Y,N,N,N,N,"198 Waterman Avenue,East Providence,RI,02914",2026-06-01
415083,Eastgate Nursing & Rehabilitation Center,198 Waterman Avenue,East Providence,RI,02914,2024-03-01,Health,F,Pharmacy Service Deficiencies,0760,Ensure that residents are free from significant medication errors.,D,"Deficient, Provider has date of correction",2024-03-31,3,N,Y,N,N,N,"198 Waterman Avenue,East Providence,RI,02914",2026-06-01
415083,Eastgate Nursing & Rehabilitation Center,198 Waterman Avenue,East Providence,RI,02914,2023-12-01,Health,F,Pharmacy Service Deficiencies,0760,Ensure that residents are free from significant medication errors.,E,"Deficient, Provider has date of correction",2023-12-29,3,Y,N,N,N,N,"198 Waterman Avenue,East Providence,RI,02914",2026-06-01
415083,Eastgate Nursing & Rehabilitation Center,198 Waterman Avenue,East Providence,RI,02914,2023-12-01,Health,F,Environmental Deficiencies,0921,"Make sure that the nursing home area is safe, easy to use, clean and comfortable for residents, staff and the public.",D,"Deficient, Provider has date of correction",2023-12-29,3,Y,N,N,N,N,"198 Waterman Avenue,East Providence,RI,02914",2026-06-01
415084,Elmhurst Rehabilitation and Healthcare Center,50 Maude Street,Providence,RI,02908,2026-04-24,Health,F,Quality of Life and Care Deficiencies,0689,Ensure that a nursing home area is free from accident hazards and provides adequate supervision to prevent accidents.,J,Past Non-Compliance,2026-04-12,1,N,Y,N,N,N,"50 Maude Street,Providence,RI,02908",2026-06-01
415084,Elmhurst Rehabilitation and Healthcare Center,50 Maude Street,Providence,RI,02908,2026-04-07,Health,F,"Freedom from Abuse, Neglect, and Exploitation Deficiencies",0602,Protect each resident from the wrongful use of the resident's belongings or money.,D,"Deficient, Provider has date of correction",2026-04-17,1,N,Y,N,Y,N,"50 Maude Street,Providence,RI,02908",2026-06-01
415084,Elmhurst Rehabilitation and Healthcare Center,50 Maude Street,Providence,RI,02908,2026-04-07,Health,F,"Freedom from Abuse, Neglect, and Exploitation Deficiencies",0609,"Timely report suspected abuse, neglect, or theft and report the results of the investigation to proper authorities.",D,"Deficient, Provider has date of correction",2026-04-17,1,N,Y,N,Y,N,"50 Maude Street,Providence,RI,02908",2026-06-01
415084,Elmhurst Rehabilitation and Healthcare Center,50 Maude Street,Providence,RI,02908,2026-04-07,Health,F,Resident Assessment and Care Planning Deficiencies,0842,Safeguard resident-identifiable information and/or maintain medical records on each resident that are in accordance with accepted professional standards.,D,"Deficient, Provider has date of correction",2026-04-17,1,N,Y,N,N,N,"50 Maude Street,Providence,RI,02908",2026-06-01
415084,Elmhurst Rehabilitation and Healthcare Center,50 Maude Street,Providence,RI,02908,2026-03-09,Health,F,Resident Rights Deficiencies,0628,"Provide the required documentation or notification related to the resident's needs, appeal rights, or bed-hold policies.",D,"Deficient, Provider has date of correction",2026-03-20,1,N,Y,N,N,N,"50 Maude Street,Providence,RI,02908",2026-06-01
415084,Elmhurst Rehabilitation and Healthcare Center,50 Maude Street,Providence,RI,02908,2025-12-17,Health,F,Resident Rights Deficiencies,0557,Honor the resident's right to be treated with respect and dignity and to retain and use personal possessions.,D,"Deficient, Provider has date of correction",2026-01-02,1,N,Y,N,N,N,"50 Maude Street,Providence,RI,02908",2026-06-01
415084,Elmhurst Rehabilitation and Healthcare Center,50 Maude Street,Providence,RI,02908,2025-12-01,Health,F,Resident Assessment and Care Planning Deficiencies,0658,Ensure services provided by the nursing facility meet professional standards of quality.,D,"Deficient, Provider has date of correction",2025-12-03,1,N,Y,N,N,N,"50 Maude Street,Providence,RI,02908",2026-06-01
415084,Elmhurst Rehabilitation and Healthcare Center,50 Maude Street,Providence,RI,02908,2025-06-11,Health,F,"Freedom from Abuse, Neglect, and Exploitation Deficiencies",0600,"Protect each resident from all types of abuse such as physical, mental, sexual abuse, physical punishment, and neglect by anybody.",G,"Deficient, Provider has date of correction",2025-06-24,1,N,Y,N,N,N,"50 Maude Street,Providence,RI,02908",2026-06-01
415084,Elmhurst Rehabilitation and Healthcare Center,50 Maude Street,Providence,RI,02908,2025-06-11,Health,F,Resident Rights Deficiencies,0627,Ensure the transfer/discharge meets the resident's needs/preferences and that the resident is prepared for a safe transfer/discharge.,D,"Deficient, Provider has date of correction",2025-06-24,1,N,Y,N,N,N,"50 Maude Street,Providence,RI,02908",2026-06-01
415084,Elmhurst Rehabilitation and Healthcare Center,50 Maude Street,Providence,RI,02908,2025-06-11,Health,F,Quality of Life and Care Deficiencies,0684,"Provide appropriate treatment and care according to orders, resident’s preferences and goals.",D,"Deficient, Provider has date of correction",2025-06-24,1,N,Y,N,N,N,"50 Maude Street,Providence,RI,02908",2026-06-01
415084,Elmhurst Rehabilitation and Healthcare Center,50 Maude Street,Providence,RI,02908,2025-06-11,Health,F,Administration Deficiencies,0835,Administer the facility in a manner that enables it to use its resources effectively and efficiently.,D,"Deficient, Provider has date of correction",2025-06-24,1,N,Y,N,N,N,"50 Maude Street,Providence,RI,02908",2026-06-01
415084,Elmhurst Rehabilitation and Healthcare Center,50 Maude Street,Providence,RI,02908,2025-06-11,Health,F,Resident Assessment and Care Planning Deficiencies,0842,Safeguard resident-identifiable information and/or maintain medical records on each resident that are in accordance with accepted professional standards.,D,"Deficient, Provider has date of correction",2025-06-24,1,N,Y,N,N,N,"50 Maude Street,Providence,RI,02908",2026-06-01
415084,Elmhurst Rehabilitation and Healthcare Center,50 Maude Street,Providence,RI,02908,2026-01-15,Health,F,Resident Assessment and Care Planning Deficiencies,0658,Ensure services provided by the nursing facility meet professional standards of quality.,D,"Deficient, Provider has date of correction",2026-02-03,1,Y,N,N,N,N,"50 Maude Street,Providence,RI,02908",2026-06-01
415084,Elmhurst Rehabilitation and Healthcare Center,50 Maude Street,Providence,RI,02908,2026-01-15,Health,F,Quality of Life and Care Deficiencies,0684,"Provide appropriate treatment and care according to orders, resident’s preferences and goals.",E,"Deficient, Provider has date of correction",2026-02-03,1,Y,N,N,N,N,"50 Maude Street,Providence,RI,02908",2026-06-01
415084,Elmhurst Rehabilitation and Healthcare Center,50 Maude Street,Providence,RI,02908,2026-01-15,Health,F,Pharmacy Service Deficiencies,0759,Ensure medication error rates are not 5 percent or greater.,D,"Deficient, Provider has date of correction",2026-02-03,1,Y,N,N,N,N,"50 Maude Street,Providence,RI,02908",2026-06-01
415084,Elmhurst Rehabilitation and Healthcare Center,50 Maude Street,Providence,RI,02908,2025-01-28,Health,F,Pharmacy Service Deficiencies,0756,"Ensure a licensed pharmacist perform a monthly drug regimen review, including the medical chart, following irregularity reporting guidelines in developed policies and procedures.",J,"Deficient, Provider has date of correction",2025-02-17,2,N,Y,N,N,N,"50 Maude Street,Providence,RI,02908",2026-06-01
415084,Elmhurst Rehabilitation and Healthcare Center,50 Maude Street,Providence,RI,02908,2025-01-28,Health,F,Pharmacy Service Deficiencies,0757,Ensure each resident’s drug regimen must be free from unnecessary drugs.,K,"Deficient, Provider has date of correction",2025-02-17,2,N,Y,N,N,N,"50 Maude Street,Providence,RI,02908",2026-06-01
415084,Elmhurst Rehabilitation and Healthcare Center,50 Maude Street,Providence,RI,02908,2025-01-28,Health,F,Resident Assessment and Care Planning Deficiencies,0842,Safeguard resident-identifiable information and/or maintain medical records on each resident that are in accordance with accepted professional standards.,D,"Deficient, Provider has date of correction",2025-02-17,2,N,Y,N,N,N,"50 Maude Street,Providence,RI,02908",2026-06-01
415084,Elmhurst Rehabilitation and Healthcare Center,50 Maude Street,Providence,RI,02908,2025-01-28,Health,F,Administration Deficiencies,0865,Have a  plan that describes the process for conducting QAPI and QAA activities.,E,"Deficient, Provider has date of correction",2025-02-17,2,N,Y,N,N,N,"50 Maude Street,Providence,RI,02908",2026-06-01
415084,Elmhurst Rehabilitation and Healthcare Center,50 Maude Street,Providence,RI,02908,2024-12-26,Health,F,Nursing and Physician Services Deficiencies,0725,Provide enough nursing staff every day to meet the needs of every resident; and have a licensed nurse in charge on each shift.,D,"Deficient, Provider has date of correction",2025-01-13,2,N,Y,N,N,N,"50 Maude Street,Providence,RI,02908",2026-06-01
415084,Elmhurst Rehabilitation and Healthcare Center,50 Maude Street,Providence,RI,02908,2024-08-28,Health,F,Resident Rights Deficiencies,0578,"Honor the resident's right to request, refuse, and/or discontinue treatment, to participate in or refuse to participate in experimental research, and to formulate an advance directive.",G,"Deficient, Provider has date of correction",2024-09-24,2,N,Y,N,N,N,"50 Maude Street,Providence,RI,02908",2026-06-01
415084,Elmhurst Rehabilitation and Healthcare Center,50 Maude Street,Providence,RI,02908,2024-08-28,Health,F,Quality of Life and Care Deficiencies,0690,"Provide appropriate care for residents who are continent or incontinent of bowel/bladder, appropriate catheter care,  and appropriate care  to prevent urinary tract infections.",E,"Deficient, Provider has date of correction",2024-09-24,2,N,Y,N,N,N,"50 Maude Street,Providence,RI,02908",2026-06-01
415084,Elmhurst Rehabilitation and Healthcare Center,50 Maude Street,Providence,RI,02908,2025-07-31,Health,F,Resident Rights Deficiencies,0550,"Honor the resident's right to a dignified existence, self-determination, communication, and to exercise his or her rights.",D,"Deficient, Provider has date of correction",2025-08-13,2,Y,N,N,N,N,"50 Maude Street,Providence,RI,02908",2026-06-01
415084,Elmhurst Rehabilitation and Healthcare Center,50 Maude Street,Providence,RI,02908,2025-07-31,Health,F,Resident Assessment and Care Planning Deficiencies,0658,Ensure services provided by the nursing facility meet professional standards of quality.,D,"Deficient, Provider has date of correction",2025-08-13,2,Y,N,N,N,N,"50 Maude Street,Providence,RI,02908",2026-06-01
415084,Elmhurst Rehabilitation and Healthcare Center,50 Maude Street,Providence,RI,02908,2025-07-31,Health,F,Quality of Life and Care Deficiencies,0684,"Provide appropriate treatment and care according to orders, resident’s preferences and goals.",D,"Deficient, Provider has date of correction",2025-08-13,2,Y,N,N,N,N,"50 Maude Street,Providence,RI,02908",2026-06-01
415084,Elmhurst Rehabilitation and Healthcare Center,50 Maude Street,Providence,RI,02908,2025-07-31,Health,F,Pharmacy Service Deficiencies,0759,Ensure medication error rates are not 5 percent or greater.,D,"Deficient, Provider has date of correction",2025-08-13,2,Y,N,N,N,N,"50 Maude Street,Providence,RI,02908",2026-06-01
415084,Elmhurst Rehabilitation and Healthcare Center,50 Maude Street,Providence,RI,02908,2025-07-31,Health,F,Nutrition and Dietary Deficiencies,0812,"Procure food from sources approved or considered satisfactory and store, prepare, distribute and serve food in accordance with professional standards.",F,"Deficient, Provider has date of correction",2025-08-13,2,Y,N,N,N,N,"50 Maude Street,Providence,RI,02908",2026-06-01
415084,Elmhurst Rehabilitation and Healthcare Center,50 Maude Street,Providence,RI,02908,2025-07-31,Health,F,Environmental Deficiencies,0919,Make sure that a working call system is available in each resident's  bathroom and bathing area.,E,"Deficient, Provider has date of correction",2025-08-13,2,Y,N,N,N,N,"50 Maude Street,Providence,RI,02908",2026-06-01
415084,Elmhurst Rehabilitation and Healthcare Center,50 Maude Street,Providence,RI,02908,2024-05-21,Health,F,Nursing and Physician Services Deficiencies,0726,Ensure that nurses and nurse aides have the appropriate competencies to care for every resident in a way that maximizes each resident's well being.,D,"Deficient, Provider has date of correction",2024-06-13,3,N,Y,N,N,N,"50 Maude Street,Providence,RI,02908",2026-06-01
415084,Elmhurst Rehabilitation and Healthcare Center,50 Maude Street,Providence,RI,02908,2024-05-21,Health,F,Infection Control Deficiencies,0880,Provide and implement an infection prevention and control program.,D,"Deficient, Provider has date of correction",2024-06-13,3,N,Y,N,N,N,"50 Maude Street,Providence,RI,02908",2026-06-01
415084,Elmhurst Rehabilitation and Healthcare Center,50 Maude Street,Providence,RI,02908,2023-11-21,Health,F,Quality of Life and Care Deficiencies,0699,Provide care or services that was trauma informed and/or culturally competent.,E,"Deficient, Provider has date of correction",2023-12-08,3,N,Y,N,N,N,"50 Maude Street,Providence,RI,02908",2026-06-01
415084,Elmhurst Rehabilitation and Healthcare Center,50 Maude Street,Providence,RI,02908,2023-11-14,Health,F,Pharmacy Service Deficiencies,0760,Ensure that residents are free from significant medication errors.,J,"Deficient, Provider has date of correction",2023-12-08,3,N,Y,N,N,N,"50 Maude Street,Providence,RI,02908",2026-06-01
415084,Elmhurst Rehabilitation and Healthcare Center,50 Maude Street,Providence,RI,02908,2023-11-14,Health,F,Administration Deficiencies,0835,Administer the facility in a manner that enables it to use its resources effectively and efficiently.,F,"Deficient, Provider has date of correction",2023-12-08,3,N,Y,N,N,N,"50 Maude Street,Providence,RI,02908",2026-06-01
415084,Elmhurst Rehabilitation and Healthcare Center,50 Maude Street,Providence,RI,02908,2023-09-11,Health,F,Resident Assessment and Care Planning Deficiencies,0658,Ensure services provided by the nursing facility meet professional standards of quality.,D,"Deficient, Provider has date of correction",2023-10-04,3,N,Y,N,N,N,"50 Maude Street,Providence,RI,02908",2026-06-01
415084,Elmhurst Rehabilitation and Healthcare Center,50 Maude Street,Providence,RI,02908,2023-09-11,Health,F,Quality of Life and Care Deficiencies,0686,Provide appropriate pressure ulcer care and prevent new ulcers from developing.,D,"Deficient, Provider has date of correction",2023-10-04,3,N,Y,N,N,N,"50 Maude Street,Providence,RI,02908",2026-06-01
415084,Elmhurst Rehabilitation and Healthcare Center,50 Maude Street,Providence,RI,02908,2023-09-11,Health,F,Quality of Life and Care Deficiencies,0689,Ensure that a nursing home area is free from accident hazards and provides adequate supervision to prevent accidents.,D,"Deficient, Provider has date of correction",2023-10-04,3,N,Y,N,N,N,"50 Maude Street,Providence,RI,02908",2026-06-01
415084,Elmhurst Rehabilitation and Healthcare Center,50 Maude Street,Providence,RI,02908,2023-09-11,Health,F,Pharmacy Service Deficiencies,0756,"Ensure a licensed pharmacist perform a monthly drug regimen review, including the medical chart, following irregularity reporting guidelines in developed policies and procedures.",E,"Deficient, Provider has date of correction",2023-10-04,3,N,Y,N,N,N,"50 Maude Street,Providence,RI,02908",2026-06-01
415084,Elmhurst Rehabilitation and Healthcare Center,50 Maude Street,Providence,RI,02908,2023-09-11,Health,F,Pharmacy Service Deficiencies,0761,"Ensure drugs and biologicals used in the facility are labeled in accordance with currently accepted professional principles; and all drugs and biologicals must be stored in locked compartments, separately locked, compartments for controlled drugs.",D,"Deficient, Provider has date of correction",2023-10-04,3,N,Y,N,N,N,"50 Maude Street,Providence,RI,02908",2026-06-01
415084,Elmhurst Rehabilitation and Healthcare Center,50 Maude Street,Providence,RI,02908,2023-09-11,Health,F,Nutrition and Dietary Deficiencies,0812,"Procure food from sources approved or considered satisfactory and store, prepare, distribute and serve food in accordance with professional standards.",F,"Deficient, Provider has date of correction",2023-10-04,3,N,Y,N,N,N,"50 Maude Street,Providence,RI,02908",2026-06-01
415084,Elmhurst Rehabilitation and Healthcare Center,50 Maude Street,Providence,RI,02908,2023-09-11,Health,F,Resident Assessment and Care Planning Deficiencies,0842,Safeguard resident-identifiable information and/or maintain medical records on each resident that are in accordance with accepted professional standards.,D,"Deficient, Provider has date of correction",2023-10-04,3,N,Y,N,N,N,"50 Maude Street,Providence,RI,02908",2026-06-01
415084,Elmhurst Rehabilitation and Healthcare Center,50 Maude Street,Providence,RI,02908,2023-09-11,Health,F,Infection Control Deficiencies,0880,Provide and implement an infection prevention and control program.,E,"Deficient, Provider has date of correction",2023-10-04,3,N,Y,N,N,N,"50 Maude Street,Providence,RI,02908",2026-06-01
415084,Elmhurst Rehabilitation and Healthcare Center,50 Maude Street,Providence,RI,02908,2023-08-16,Health,F,Pharmacy Service Deficiencies,0757,Ensure each resident’s drug regimen must be free from unnecessary drugs.,D,"Deficient, Provider has date of correction",2023-09-05,3,N,Y,N,N,N,"50 Maude Street,Providence,RI,02908",2026-06-01
415084,Elmhurst Rehabilitation and Healthcare Center,50 Maude Street,Providence,RI,02908,2023-08-16,Health,F,Pharmacy Service Deficiencies,0760,Ensure that residents are free from significant medication errors.,D,"Deficient, Provider has date of correction",2023-09-05,3,N,Y,N,N,N,"50 Maude Street,Providence,RI,02908",2026-06-01
415084,Elmhurst Rehabilitation and Healthcare Center,50 Maude Street,Providence,RI,02908,2023-07-20,Health,F,Resident Rights Deficiencies,0550,"Honor the resident's right to a dignified existence, self-determination, communication, and to exercise his or her rights.",D,"Deficient, Provider has date of correction",2023-08-14,3,N,Y,N,N,N,"50 Maude Street,Providence,RI,02908",2026-06-01
415084,Elmhurst Rehabilitation and Healthcare Center,50 Maude Street,Providence,RI,02908,2023-06-19,Health,F,Quality of Life and Care Deficiencies,0689,Ensure that a nursing home area is free from accident hazards and provides adequate supervision to prevent accidents.,D,"Deficient, Provider has date of correction",2023-07-10,3,N,Y,N,N,N,"50 Maude Street,Providence,RI,02908",2026-06-01
415084,Elmhurst Rehabilitation and Healthcare Center,50 Maude Street,Providence,RI,02908,2023-06-19,Health,F,Quality of Life and Care Deficiencies,0690,"Provide appropriate care for residents who are continent or incontinent of bowel/bladder, appropriate catheter care,  and appropriate care  to prevent urinary tract infections.",D,"Deficient, Provider has date of correction",2023-07-10,3,N,Y,N,N,N,"50 Maude Street,Providence,RI,02908",2026-06-01
415084,Elmhurst Rehabilitation and Healthcare Center,50 Maude Street,Providence,RI,02908,2023-06-19,Health,F,Nursing and Physician Services Deficiencies,0726,Ensure that nurses and nurse aides have the appropriate competencies to care for every resident in a way that maximizes each resident's well being.,J,"Deficient, Provider has date of correction",2023-07-10,3,N,Y,N,N,N,"50 Maude Street,Providence,RI,02908",2026-06-01
415084,Elmhurst Rehabilitation and Healthcare Center,50 Maude Street,Providence,RI,02908,2023-06-19,Health,F,Pharmacy Service Deficiencies,0757,Ensure each resident’s drug regimen must be free from unnecessary drugs.,J,"Deficient, Provider has date of correction",2023-07-10,3,N,Y,N,N,N,"50 Maude Street,Providence,RI,02908",2026-06-01
415084,Elmhurst Rehabilitation and Healthcare Center,50 Maude Street,Providence,RI,02908,2025-02-06,Health,F,Resident Rights Deficiencies,0550,"Honor the resident's right to a dignified existence, self-determination, communication, and to exercise his or her rights.",D,"Deficient, Provider has date of correction",2025-03-04,3,Y,N,N,N,N,"50 Maude Street,Providence,RI,02908",2026-06-01
415084,Elmhurst Rehabilitation and Healthcare Center,50 Maude Street,Providence,RI,02908,2025-02-06,Health,F,Resident Assessment and Care Planning Deficiencies,0655,Create and put into place a plan for meeting the resident's most immediate needs within 48 hours of being admitted,D,"Deficient, Provider has date of correction",2025-03-04,3,Y,N,N,N,N,"50 Maude Street,Providence,RI,02908",2026-06-01
415084,Elmhurst Rehabilitation and Healthcare Center,50 Maude Street,Providence,RI,02908,2025-02-06,Health,F,Resident Assessment and Care Planning Deficiencies,0658,Ensure services provided by the nursing facility meet professional standards of quality.,G,"Deficient, Provider has date of correction",2025-03-04,3,Y,N,N,N,N,"50 Maude Street,Providence,RI,02908",2026-06-01
415084,Elmhurst Rehabilitation and Healthcare Center,50 Maude Street,Providence,RI,02908,2025-02-06,Health,F,Quality of Life and Care Deficiencies,0684,"Provide appropriate treatment and care according to orders, resident’s preferences and goals.",E,"Deficient, Provider has date of correction",2025-03-04,3,Y,N,N,N,N,"50 Maude Street,Providence,RI,02908",2026-06-01
415084,Elmhurst Rehabilitation and Healthcare Center,50 Maude Street,Providence,RI,02908,2025-02-06,Health,F,Quality of Life and Care Deficiencies,0698,"Provide safe, appropriate dialysis care/services for a resident who requires such services.",D,"Deficient, Provider has date of correction",2025-03-04,3,Y,N,N,N,N,"50 Maude Street,Providence,RI,02908",2026-06-01
415084,Elmhurst Rehabilitation and Healthcare Center,50 Maude Street,Providence,RI,02908,2025-02-06,Health,F,Quality of Life and Care Deficiencies,0700,"Try different approaches before using a bed rail.  If a bed rail is needed, the facility must (1) assess a resident for safety risk; (2) review these risks and benefits with the resident/representative; (3) get informed consent; and (4) Correctly install and maintain the bed rail.",E,"Deficient, Provider has date of correction",2025-03-04,3,Y,N,N,N,N,"50 Maude Street,Providence,RI,02908",2026-06-01
415084,Elmhurst Rehabilitation and Healthcare Center,50 Maude Street,Providence,RI,02908,2025-02-06,Health,F,Pharmacy Service Deficiencies,0755,Provide pharmaceutical services to meet the needs of each resident and employ or obtain the services of a licensed pharmacist.,D,"Deficient, Provider has date of correction",2025-03-04,3,Y,N,N,N,N,"50 Maude Street,Providence,RI,02908",2026-06-01
415084,Elmhurst Rehabilitation and Healthcare Center,50 Maude Street,Providence,RI,02908,2025-02-06,Health,F,Nutrition and Dietary Deficiencies,0810,Provide special eating equipment and utensils for residents who need them and appropriate assistance.,D,"Deficient, Provider has date of correction",2025-03-04,3,Y,N,N,N,N,"50 Maude Street,Providence,RI,02908",2026-06-01
415084,Elmhurst Rehabilitation and Healthcare Center,50 Maude Street,Providence,RI,02908,2025-02-06,Health,F,Infection Control Deficiencies,0880,Provide and implement an infection prevention and control program.,E,"Deficient, Provider has date of correction",2025-03-04,3,Y,N,N,N,N,"50 Maude Street,Providence,RI,02908",2026-06-01
415085,Mount St Rita Health Centre,15 Sumner Brown Road,Cumberland,RI,02864,2026-02-17,Health,F,Environmental Deficiencies,0921,"Make sure that the nursing home area is safe, easy to use, clean and comfortable for residents, staff and the public.",E,"Deficient, Provider has date of correction",2026-03-09,1,N,Y,N,N,N,"15 Sumner Brown Road,Cumberland,RI,02864",2026-06-01
415085,Mount St Rita Health Centre,15 Sumner Brown Road,Cumberland,RI,02864,2025-12-30,Health,F,Quality of Life and Care Deficiencies,0689,Ensure that a nursing home area is free from accident hazards and provides adequate supervision to prevent accidents.,G,"Deficient, Provider has date of correction",2026-01-15,1,N,Y,N,N,N,"15 Sumner Brown Road,Cumberland,RI,02864",2026-06-01
415085,Mount St Rita Health Centre,15 Sumner Brown Road,Cumberland,RI,02864,2025-12-04,Health,F,Resident Assessment and Care Planning Deficiencies,0658,Ensure services provided by the nursing facility meet professional standards of quality.,E,"Deficient, Provider has date of correction",2026-01-30,1,Y,N,N,N,N,"15 Sumner Brown Road,Cumberland,RI,02864",2026-06-01
415085,Mount St Rita Health Centre,15 Sumner Brown Road,Cumberland,RI,02864,2025-12-04,Health,F,Quality of Life and Care Deficiencies,0686,Provide appropriate pressure ulcer care and prevent new ulcers from developing.,D,"Deficient, Provider has date of correction",2026-01-03,1,Y,N,N,N,N,"15 Sumner Brown Road,Cumberland,RI,02864",2026-06-01
415085,Mount St Rita Health Centre,15 Sumner Brown Road,Cumberland,RI,02864,2025-12-04,Health,F,Nursing and Physician Services Deficiencies,0726,Ensure that nurses and nurse aides have the appropriate competencies to care for every resident in a way that maximizes each resident's well being.,D,"Deficient, Provider has date of correction",2026-01-03,1,Y,N,N,N,N,"15 Sumner Brown Road,Cumberland,RI,02864",2026-06-01
415085,Mount St Rita Health Centre,15 Sumner Brown Road,Cumberland,RI,02864,2025-12-04,Health,F,Resident Assessment and Care Planning Deficiencies,0842,Safeguard resident-identifiable information and/or maintain medical records on each resident that are in accordance with accepted professional standards.,E,"Deficient, Provider has date of correction",2026-01-03,1,Y,N,N,N,N,"15 Sumner Brown Road,Cumberland,RI,02864",2026-06-01
415085,Mount St Rita Health Centre,15 Sumner Brown Road,Cumberland,RI,02864,2025-12-04,Health,F,Infection Control Deficiencies,0880,Provide and implement an infection prevention and control program.,D,"Deficient, Provider has date of correction",2026-01-03,1,Y,N,N,N,N,"15 Sumner Brown Road,Cumberland,RI,02864",2026-06-01
415085,Mount St Rita Health Centre,15 Sumner Brown Road,Cumberland,RI,02864,2024-09-26,Health,F,Resident Assessment and Care Planning Deficiencies,0658,Ensure services provided by the nursing facility meet professional standards of quality.,E,"Deficient, Provider has date of correction",2024-10-26,2,Y,N,N,N,N,"15 Sumner Brown Road,Cumberland,RI,02864",2026-06-01
415085,Mount St Rita Health Centre,15 Sumner Brown Road,Cumberland,RI,02864,2024-09-26,Health,F,Quality of Life and Care Deficiencies,0686,Provide appropriate pressure ulcer care and prevent new ulcers from developing.,D,"Deficient, Provider has date of correction",2024-10-26,2,Y,N,N,N,N,"15 Sumner Brown Road,Cumberland,RI,02864",2026-06-01
415085,Mount St Rita Health Centre,15 Sumner Brown Road,Cumberland,RI,02864,2024-09-26,Health,F,Pharmacy Service Deficiencies,0761,"Ensure drugs and biologicals used in the facility are labeled in accordance with currently accepted professional principles; and all drugs and biologicals must be stored in locked compartments, separately locked, compartments for controlled drugs.",E,"Deficient, Provider has date of correction",2024-10-26,2,Y,N,N,N,N,"15 Sumner Brown Road,Cumberland,RI,02864",2026-06-01
415085,Mount St Rita Health Centre,15 Sumner Brown Road,Cumberland,RI,02864,2024-09-26,Health,F,Infection Control Deficiencies,0881,Implement a program that monitors antibiotic use.,D,"Deficient, Provider has date of correction",2024-10-26,2,Y,N,N,N,N,"15 Sumner Brown Road,Cumberland,RI,02864",2026-06-01
415085,Mount St Rita Health Centre,15 Sumner Brown Road,Cumberland,RI,02864,2024-05-21,Health,F,Pharmacy Service Deficiencies,0760,Ensure that residents are free from significant medication errors.,D,"Deficient, Provider has date of correction",2024-06-05,3,N,Y,N,N,N,"15 Sumner Brown Road,Cumberland,RI,02864",2026-06-01
415085,Mount St Rita Health Centre,15 Sumner Brown Road,Cumberland,RI,02864,2023-09-14,Health,F,Resident Rights Deficiencies,0573,Let each resident or the resident's legal representative access or purchase copies of all the resident's records.,D,"Deficient, Provider has date of correction",2023-10-14,3,N,Y,N,N,N,"15 Sumner Brown Road,Cumberland,RI,02864",2026-06-01
415085,Mount St Rita Health Centre,15 Sumner Brown Road,Cumberland,RI,02864,2023-09-14,Health,F,"Freedom from Abuse, Neglect, and Exploitation Deficiencies",0600,"Protect each resident from all types of abuse such as physical, mental, sexual abuse, physical punishment, and neglect by anybody.",D,"Deficient, Provider has date of correction",2023-10-14,3,N,Y,N,N,N,"15 Sumner Brown Road,Cumberland,RI,02864",2026-06-01
415085,Mount St Rita Health Centre,15 Sumner Brown Road,Cumberland,RI,02864,2023-09-06,Health,F,Quality of Life and Care Deficiencies,0686,Provide appropriate pressure ulcer care and prevent new ulcers from developing.,D,"Deficient, Provider has date of correction",2023-10-06,3,N,Y,N,N,N,"15 Sumner Brown Road,Cumberland,RI,02864",2026-06-01
415085,Mount St Rita Health Centre,15 Sumner Brown Road,Cumberland,RI,02864,2023-08-09,Health,F,Quality of Life and Care Deficiencies,0684,"Provide appropriate treatment and care according to orders, resident’s preferences and goals.",K,"Deficient, Provider has date of correction",2023-09-05,3,N,Y,N,N,N,"15 Sumner Brown Road,Cumberland,RI,02864",2026-06-01
415085,Mount St Rita Health Centre,15 Sumner Brown Road,Cumberland,RI,02864,2023-06-12,Health,F,Pharmacy Service Deficiencies,0760,Ensure that residents are free from significant medication errors.,D,"Deficient, Provider has date of correction",2023-06-23,3,N,Y,N,N,N,"15 Sumner Brown Road,Cumberland,RI,02864",2026-06-01
415085,Mount St Rita Health Centre,15 Sumner Brown Road,Cumberland,RI,02864,2023-10-25,Health,F,Resident Rights Deficiencies,0583,Keep residents' personal and medical records private and confidential.,D,"Deficient, Provider has date of correction",2023-11-24,3,Y,N,N,N,N,"15 Sumner Brown Road,Cumberland,RI,02864",2026-06-01
415085,Mount St Rita Health Centre,15 Sumner Brown Road,Cumberland,RI,02864,2023-10-25,Health,F,Resident Assessment and Care Planning Deficiencies,0658,Ensure services provided by the nursing facility meet professional standards of quality.,D,"Deficient, Provider has date of correction",2023-11-24,3,Y,N,N,N,N,"15 Sumner Brown Road,Cumberland,RI,02864",2026-06-01
415085,Mount St Rita Health Centre,15 Sumner Brown Road,Cumberland,RI,02864,2023-10-25,Health,F,Quality of Life and Care Deficiencies,0684,"Provide appropriate treatment and care according to orders, resident’s preferences and goals.",D,"Deficient, Provider has date of correction",2023-11-24,3,Y,N,N,N,N,"15 Sumner Brown Road,Cumberland,RI,02864",2026-06-01
415085,Mount St Rita Health Centre,15 Sumner Brown Road,Cumberland,RI,02864,2023-10-25,Health,F,Quality of Life and Care Deficiencies,0693,Ensure that feeding tubes are  not used unless there is a medical reason and the resident agrees; and provide appropriate care for a resident with a feeding tube.,D,"Deficient, Provider has date of correction",2023-11-24,3,Y,N,N,N,N,"15 Sumner Brown Road,Cumberland,RI,02864",2026-06-01
415085,Mount St Rita Health Centre,15 Sumner Brown Road,Cumberland,RI,02864,2023-10-25,Health,F,Quality of Life and Care Deficiencies,0697,"Provide safe, appropriate pain management for a resident who requires such services.",D,"Deficient, Provider has date of correction",2023-11-24,3,Y,N,N,N,N,"15 Sumner Brown Road,Cumberland,RI,02864",2026-06-01
415085,Mount St Rita Health Centre,15 Sumner Brown Road,Cumberland,RI,02864,2023-10-25,Health,F,Quality of Life and Care Deficiencies,0699,Provide care or services that was trauma informed and/or culturally competent.,G,"Deficient, Provider has date of correction",2023-11-24,3,Y,N,N,N,N,"15 Sumner Brown Road,Cumberland,RI,02864",2026-06-01
415085,Mount St Rita Health Centre,15 Sumner Brown Road,Cumberland,RI,02864,2023-10-25,Health,F,Nursing and Physician Services Deficiencies,0726,Ensure that nurses and nurse aides have the appropriate competencies to care for every resident in a way that maximizes each resident's well being.,D,"Deficient, Provider has date of correction",2023-11-24,3,Y,N,N,N,N,"15 Sumner Brown Road,Cumberland,RI,02864",2026-06-01
415085,Mount St Rita Health Centre,15 Sumner Brown Road,Cumberland,RI,02864,2023-10-25,Health,F,Nutrition and Dietary Deficiencies,0812,"Procure food from sources approved or considered satisfactory and store, prepare, distribute and serve food in accordance with professional standards.",F,"Deficient, Provider has date of correction",2023-11-24,3,Y,N,N,N,N,"15 Sumner Brown Road,Cumberland,RI,02864",2026-06-01
415085,Mount St Rita Health Centre,15 Sumner Brown Road,Cumberland,RI,02864,2023-10-25,Health,F,Infection Control Deficiencies,0880,Provide and implement an infection prevention and control program.,E,"Deficient, Provider has date of correction",2023-11-24,3,Y,N,N,N,N,"15 Sumner Brown Road,Cumberland,RI,02864",2026-06-01
415085,Mount St Rita Health Centre,15 Sumner Brown Road,Cumberland,RI,02864,2023-10-25,Health,F,Administration Deficiencies,0949,Provide behavior health training consistent with the requirements and as determined by a facility assessment.,E,"Deficient, Provider has date of correction",2023-11-24,3,Y,N,N,N,N,"15 Sumner Brown Road,Cumberland,RI,02864",2026-06-01
415085,Mount St Rita Health Centre,15 Sumner Brown Road,Cumberland,RI,02864,2023-10-25,Health,F,Pharmacy Service Deficiencies,0760,Ensure that residents are free from significant medication errors.,D,"Deficient, Provider has date of correction",2023-11-24,3,Y,Y,N,N,N,"15 Sumner Brown Road,Cumberland,RI,02864",2026-06-01
415087,Greenville Operations RI LLC DBA Greenville Skille,735 Putnam Pike,Greenville,RI,02828,2025-12-02,Health,F,Quality of Life and Care Deficiencies,0791,Provide or obtain dental services for each resident.,D,"Deficient, Provider has date of correction",2025-12-31,1,N,Y,N,N,N,"735 Putnam Pike,Greenville,RI,02828",2026-06-01
415087,Greenville Operations RI LLC DBA Greenville Skille,735 Putnam Pike,Greenville,RI,02828,2025-12-01,Health,F,Nutrition and Dietary Deficiencies,0812,"Procure food from sources approved or considered satisfactory and store, prepare, distribute and serve food in accordance with professional standards.",F,"Deficient, Provider has date of correction",2025-12-26,1,N,Y,N,N,N,"735 Putnam Pike,Greenville,RI,02828",2026-06-01
415087,Greenville Operations RI LLC DBA Greenville Skille,735 Putnam Pike,Greenville,RI,02828,2026-03-12,Health,F,"Freedom from Abuse, Neglect, and Exploitation Deficiencies",0600,"Protect each resident from all types of abuse such as physical, mental, sexual abuse, physical punishment, and neglect by anybody.",D,"Deficient, Provider has date of correction",2026-04-08,1,Y,N,N,N,N,"735 Putnam Pike,Greenville,RI,02828",2026-06-01
415087,Greenville Operations RI LLC DBA Greenville Skille,735 Putnam Pike,Greenville,RI,02828,2026-03-12,Health,F,Resident Assessment and Care Planning Deficiencies,0658,Ensure services provided by the nursing facility meet professional standards of quality.,D,"Deficient, Provider has date of correction",2026-04-08,1,Y,N,N,N,N,"735 Putnam Pike,Greenville,RI,02828",2026-06-01
415087,Greenville Operations RI LLC DBA Greenville Skille,735 Putnam Pike,Greenville,RI,02828,2026-03-12,Health,F,Quality of Life and Care Deficiencies,0679,Provide activities to meet all resident's needs.,F,"Deficient, Provider has date of correction",2026-04-08,1,Y,N,N,N,N,"735 Putnam Pike,Greenville,RI,02828",2026-06-01
415087,Greenville Operations RI LLC DBA Greenville Skille,735 Putnam Pike,Greenville,RI,02828,2026-03-12,Health,F,Quality of Life and Care Deficiencies,0684,"Provide appropriate treatment and care according to orders, resident’s preferences and goals.",D,"Deficient, Provider has date of correction",2026-04-08,1,Y,N,N,N,N,"735 Putnam Pike,Greenville,RI,02828",2026-06-01
415087,Greenville Operations RI LLC DBA Greenville Skille,735 Putnam Pike,Greenville,RI,02828,2026-03-12,Health,F,Quality of Life and Care Deficiencies,0686,Provide appropriate pressure ulcer care and prevent new ulcers from developing.,D,"Deficient, Provider has date of correction",2026-04-08,1,Y,N,N,N,N,"735 Putnam Pike,Greenville,RI,02828",2026-06-01
415087,Greenville Operations RI LLC DBA Greenville Skille,735 Putnam Pike,Greenville,RI,02828,2026-03-12,Health,F,Quality of Life and Care Deficiencies,0695,Provide safe and appropriate respiratory care for a resident when needed.,D,"Deficient, Provider has date of correction",2026-04-08,1,Y,N,N,N,N,"735 Putnam Pike,Greenville,RI,02828",2026-06-01
415087,Greenville Operations RI LLC DBA Greenville Skille,735 Putnam Pike,Greenville,RI,02828,2026-03-12,Health,F,Quality of Life and Care Deficiencies,0698,"Provide safe, appropriate dialysis care/services for a resident who requires such services.",D,"Deficient, Provider has date of correction",2026-04-08,1,Y,N,N,N,N,"735 Putnam Pike,Greenville,RI,02828",2026-06-01
415087,Greenville Operations RI LLC DBA Greenville Skille,735 Putnam Pike,Greenville,RI,02828,2026-03-12,Health,F,Nursing and Physician Services Deficiencies,0726,Ensure that nurses and nurse aides have the appropriate competencies to care for every resident in a way that maximizes each resident's well being.,E,"Deficient, Provider has date of correction",2026-04-08,1,Y,N,N,N,N,"735 Putnam Pike,Greenville,RI,02828",2026-06-01
415087,Greenville Operations RI LLC DBA Greenville Skille,735 Putnam Pike,Greenville,RI,02828,2026-03-12,Health,F,Pharmacy Service Deficiencies,0756,"Ensure a licensed pharmacist perform a monthly drug regimen review, including the medical chart, following irregularity reporting guidelines in developed policies and procedures.",D,"Deficient, Provider has date of correction",2026-04-08,1,Y,N,N,N,N,"735 Putnam Pike,Greenville,RI,02828",2026-06-01
415087,Greenville Operations RI LLC DBA Greenville Skille,735 Putnam Pike,Greenville,RI,02828,2026-03-12,Health,F,Pharmacy Service Deficiencies,0760,Ensure that residents are free from significant medication errors.,D,"Deficient, Provider has date of correction",2026-04-08,1,Y,N,N,N,N,"735 Putnam Pike,Greenville,RI,02828",2026-06-01
415087,Greenville Operations RI LLC DBA Greenville Skille,735 Putnam Pike,Greenville,RI,02828,2026-03-12,Health,F,Pharmacy Service Deficiencies,0761,"Ensure drugs and biologicals used in the facility are labeled in accordance with currently accepted professional principles; and all drugs and biologicals must be stored in locked compartments, separately locked, compartments for controlled drugs.",D,"Deficient, Provider has date of correction",2026-04-08,1,Y,N,N,N,N,"735 Putnam Pike,Greenville,RI,02828",2026-06-01
415087,Greenville Operations RI LLC DBA Greenville Skille,735 Putnam Pike,Greenville,RI,02828,2026-03-12,Health,F,Nutrition and Dietary Deficiencies,0805,Ensure each resident receives and the facility provides food prepared in a form designed to meet individual needs.,K,"Deficient, Provider has date of correction",2026-04-08,1,Y,N,N,N,N,"735 Putnam Pike,Greenville,RI,02828",2026-06-01
415087,Greenville Operations RI LLC DBA Greenville Skille,735 Putnam Pike,Greenville,RI,02828,2026-03-12,Health,F,Nutrition and Dietary Deficiencies,0806,"Ensure each resident receives and the facility provides food that accommodates resident allergies, intolerances, and preferences, as well as appealing options.",E,"Deficient, Provider has date of correction",2026-04-08,1,Y,N,N,N,N,"735 Putnam Pike,Greenville,RI,02828",2026-06-01
415087,Greenville Operations RI LLC DBA Greenville Skille,735 Putnam Pike,Greenville,RI,02828,2026-03-12,Health,F,Administration Deficiencies,0838,Conduct and document a facility-wide assessment to determine what resources are necessary to care for residents competently during both day-to-day operations (including nights and weekends) and emergencies.,F,"Deficient, Provider has date of correction",2026-04-08,1,Y,N,N,N,N,"735 Putnam Pike,Greenville,RI,02828",2026-06-01
415087,Greenville Operations RI LLC DBA Greenville Skille,735 Putnam Pike,Greenville,RI,02828,2025-04-18,Health,F,Resident Rights Deficiencies,0550,"Honor the resident's right to a dignified existence, self-determination, communication, and to exercise his or her rights.",D,"Deficient, Provider has date of correction",2025-04-29,2,N,Y,N,N,N,"735 Putnam Pike,Greenville,RI,02828",2026-06-01
415087,Greenville Operations RI LLC DBA Greenville Skille,735 Putnam Pike,Greenville,RI,02828,2025-04-18,Health,F,Quality of Life and Care Deficiencies,0689,Ensure that a nursing home area is free from accident hazards and provides adequate supervision to prevent accidents.,G,"Deficient, Provider has date of correction",2025-04-29,2,N,Y,N,N,N,"735 Putnam Pike,Greenville,RI,02828",2026-06-01
415087,Greenville Operations RI LLC DBA Greenville Skille,735 Putnam Pike,Greenville,RI,02828,2024-12-05,Health,F,Quality of Life and Care Deficiencies,0698,"Provide safe, appropriate dialysis care/services for a resident who requires such services.",E,"Deficient, Provider has date of correction",2025-01-03,2,Y,N,N,N,N,"735 Putnam Pike,Greenville,RI,02828",2026-06-01
415087,Greenville Operations RI LLC DBA Greenville Skille,735 Putnam Pike,Greenville,RI,02828,2024-12-05,Health,F,Pharmacy Service Deficiencies,0757,Ensure each resident’s drug regimen must be free from unnecessary drugs.,E,"Deficient, Provider has date of correction",2025-01-03,2,Y,N,N,N,N,"735 Putnam Pike,Greenville,RI,02828",2026-06-01
415087,Greenville Operations RI LLC DBA Greenville Skille,735 Putnam Pike,Greenville,RI,02828,2024-12-05,Health,F,Nutrition and Dietary Deficiencies,0806,"Ensure each resident receives and the facility provides food that accommodates resident allergies, intolerances, and preferences, as well as appealing options.",D,"Deficient, Provider has date of correction",2025-01-03,2,Y,N,N,N,N,"735 Putnam Pike,Greenville,RI,02828",2026-06-01
415087,Greenville Operations RI LLC DBA Greenville Skille,735 Putnam Pike,Greenville,RI,02828,2024-12-05,Health,F,Nutrition and Dietary Deficiencies,0812,"Procure food from sources approved or considered satisfactory and store, prepare, distribute and serve food in accordance with professional standards.",F,"Deficient, Provider has date of correction",2025-01-03,2,Y,N,N,N,N,"735 Putnam Pike,Greenville,RI,02828",2026-06-01
415087,Greenville Operations RI LLC DBA Greenville Skille,735 Putnam Pike,Greenville,RI,02828,2024-12-05,Health,F,Infection Control Deficiencies,0881,Implement a program that monitors antibiotic use.,E,"Deficient, Provider has date of correction",2025-01-03,2,Y,N,N,N,N,"735 Putnam Pike,Greenville,RI,02828",2026-06-01
415087,Greenville Operations RI LLC DBA Greenville Skille,735 Putnam Pike,Greenville,RI,02828,2024-05-08,Health,F,Resident Rights Deficiencies,0550,"Honor the resident's right to a dignified existence, self-determination, communication, and to exercise his or her rights.",D,"Deficient, Provider has date of correction",2024-05-30,3,N,Y,N,N,N,"735 Putnam Pike,Greenville,RI,02828",2026-06-01
415087,Greenville Operations RI LLC DBA Greenville Skille,735 Putnam Pike,Greenville,RI,02828,2024-05-08,Health,F,"Freedom from Abuse, Neglect, and Exploitation Deficiencies",0600,"Protect each resident from all types of abuse such as physical, mental, sexual abuse, physical punishment, and neglect by anybody.",J,"Deficient, Provider has date of correction",2024-05-30,3,N,Y,N,N,N,"735 Putnam Pike,Greenville,RI,02828",2026-06-01
415087,Greenville Operations RI LLC DBA Greenville Skille,735 Putnam Pike,Greenville,RI,02828,2024-05-08,Health,F,"Freedom from Abuse, Neglect, and Exploitation Deficiencies",0604,"Ensure that each resident is free from the use of physical restraints, unless needed for medical treatment.",K,"Deficient, Provider has date of correction",2024-05-30,3,N,Y,N,N,N,"735 Putnam Pike,Greenville,RI,02828",2026-06-01
415087,Greenville Operations RI LLC DBA Greenville Skille,735 Putnam Pike,Greenville,RI,02828,2024-05-08,Health,F,"Freedom from Abuse, Neglect, and Exploitation Deficiencies",0610,Respond appropriately to all alleged violations.,K,"Deficient, Provider has date of correction",2024-05-30,3,N,Y,N,N,N,"735 Putnam Pike,Greenville,RI,02828",2026-06-01
415087,Greenville Operations RI LLC DBA Greenville Skille,735 Putnam Pike,Greenville,RI,02828,2024-05-08,Health,F,Nursing and Physician Services Deficiencies,0726,Ensure that nurses and nurse aides have the appropriate competencies to care for every resident in a way that maximizes each resident's well being.,E,"Deficient, Provider has date of correction",2024-05-30,3,N,Y,N,N,N,"735 Putnam Pike,Greenville,RI,02828",2026-06-01
415087,Greenville Operations RI LLC DBA Greenville Skille,735 Putnam Pike,Greenville,RI,02828,2024-05-08,Health,F,Pharmacy Service Deficiencies,0756,"Ensure a licensed pharmacist perform a monthly drug regimen review, including the medical chart, following irregularity reporting guidelines in developed policies and procedures.",E,"Deficient, Provider has date of correction",2024-05-30,3,N,Y,N,N,N,"735 Putnam Pike,Greenville,RI,02828",2026-06-01
415087,Greenville Operations RI LLC DBA Greenville Skille,735 Putnam Pike,Greenville,RI,02828,2024-05-08,Health,F,Pharmacy Service Deficiencies,0758,"Implement gradual dose reductions(GDR) and non-pharmacological interventions, unless contraindicated, prior to initiating or instead of continuing psychotropic medication; and PRN orders for psychotropic medications are only used when the medication is necessary and PRN use is limited.",E,"Deficient, Provider has date of correction",2024-05-30,3,N,Y,N,N,N,"735 Putnam Pike,Greenville,RI,02828",2026-06-01
415087,Greenville Operations RI LLC DBA Greenville Skille,735 Putnam Pike,Greenville,RI,02828,2024-05-08,Health,F,Administration Deficiencies,0867,Set up an ongoing quality assessment and assurance group to review quality deficiencies  and develop corrective plans of action.,F,"Deficient, Provider has date of correction",2024-05-30,3,N,Y,N,N,N,"735 Putnam Pike,Greenville,RI,02828",2026-06-01
415087,Greenville Operations RI LLC DBA Greenville Skille,735 Putnam Pike,Greenville,RI,02828,2024-05-08,Health,F,Administration Deficiencies,0941,"Develop, implement, and/or maintain an effective training program that includes effective communications for direct care staff members.",E,"Deficient, Provider has date of correction",2024-05-30,3,N,Y,N,N,N,"735 Putnam Pike,Greenville,RI,02828",2026-06-01
415087,Greenville Operations RI LLC DBA Greenville Skille,735 Putnam Pike,Greenville,RI,02828,2024-05-08,Health,F,Administration Deficiencies,0944,"Conduct mandatory training, for all staff, on the facility’s Quality Assurance and Performance Improvement Program.",E,"Deficient, Provider has date of correction",2024-05-30,3,N,Y,N,N,N,"735 Putnam Pike,Greenville,RI,02828",2026-06-01
415087,Greenville Operations RI LLC DBA Greenville Skille,735 Putnam Pike,Greenville,RI,02828,2024-05-08,Health,F,Administration Deficiencies,0946,Provide training in compliance and ethics.,E,"Deficient, Provider has date of correction",2024-05-30,3,N,Y,N,N,N,"735 Putnam Pike,Greenville,RI,02828",2026-06-01
415087,Greenville Operations RI LLC DBA Greenville Skille,735 Putnam Pike,Greenville,RI,02828,2024-05-08,Health,F,Administration Deficiencies,0949,Provide behavior health training consistent with the requirements and as determined by a facility assessment.,E,"Deficient, Provider has date of correction",2024-05-30,3,N,Y,N,N,N,"735 Putnam Pike,Greenville,RI,02828",2026-06-01
415087,Greenville Operations RI LLC DBA Greenville Skille,735 Putnam Pike,Greenville,RI,02828,2024-02-19,Health,F,"Freedom from Abuse, Neglect, and Exploitation Deficiencies",0600,"Protect each resident from all types of abuse such as physical, mental, sexual abuse, physical punishment, and neglect by anybody.",D,"Deficient, Provider has date of correction",2024-03-20,3,N,Y,N,N,N,"735 Putnam Pike,Greenville,RI,02828",2026-06-01
415087,Greenville Operations RI LLC DBA Greenville Skille,735 Putnam Pike,Greenville,RI,02828,2024-01-24,Health,F,"Freedom from Abuse, Neglect, and Exploitation Deficiencies",0600,"Protect each resident from all types of abuse such as physical, mental, sexual abuse, physical punishment, and neglect by anybody.",D,"Deficient, Provider has date of correction",2024-02-23,3,N,Y,N,N,N,"735 Putnam Pike,Greenville,RI,02828",2026-06-01
415087,Greenville Operations RI LLC DBA Greenville Skille,735 Putnam Pike,Greenville,RI,02828,2024-01-24,Health,F,"Freedom from Abuse, Neglect, and Exploitation Deficiencies",0609,"Timely report suspected abuse, neglect, or theft and report the results of the investigation to proper authorities.",D,"Deficient, Provider has date of correction",2024-02-23,3,N,Y,N,N,N,"735 Putnam Pike,Greenville,RI,02828",2026-06-01
415087,Greenville Operations RI LLC DBA Greenville Skille,735 Putnam Pike,Greenville,RI,02828,2024-01-17,Health,F,Resident Rights Deficiencies,0580,"Immediately tell the resident, the resident's doctor, and a family member of situations (injury/decline/room, etc.)  that affect the resident.",D,"Deficient, Provider has date of correction",2024-02-15,3,N,Y,N,N,N,"735 Putnam Pike,Greenville,RI,02828",2026-06-01
415087,Greenville Operations RI LLC DBA Greenville Skille,735 Putnam Pike,Greenville,RI,02828,2024-01-17,Health,F,Resident Assessment and Care Planning Deficiencies,0658,Ensure services provided by the nursing facility meet professional standards of quality.,G,"Deficient, Provider has date of correction",2024-02-15,3,N,Y,N,N,N,"735 Putnam Pike,Greenville,RI,02828",2026-06-01
415087,Greenville Operations RI LLC DBA Greenville Skille,735 Putnam Pike,Greenville,RI,02828,2024-01-17,Health,F,Quality of Life and Care Deficiencies,0689,Ensure that a nursing home area is free from accident hazards and provides adequate supervision to prevent accidents.,G,"Deficient, Provider has date of correction",2024-02-15,3,N,Y,N,N,N,"735 Putnam Pike,Greenville,RI,02828",2026-06-01
415087,Greenville Operations RI LLC DBA Greenville Skille,735 Putnam Pike,Greenville,RI,02828,2023-08-31,Health,F,Resident Assessment and Care Planning Deficiencies,0641,Ensure each resident receives an accurate assessment.,D,"Deficient, Provider has date of correction",2023-09-15,3,N,Y,N,N,N,"735 Putnam Pike,Greenville,RI,02828",2026-06-01
415087,Greenville Operations RI LLC DBA Greenville Skille,735 Putnam Pike,Greenville,RI,02828,2023-08-09,Health,F,Resident Rights Deficiencies,0584,"Honor the resident's right to a safe, clean, comfortable and homelike environment, including but not limited to receiving treatment and supports for daily living safely.",D,"Deficient, Provider has date of correction",2023-09-15,3,N,Y,N,N,N,"735 Putnam Pike,Greenville,RI,02828",2026-06-01
415087,Greenville Operations RI LLC DBA Greenville Skille,735 Putnam Pike,Greenville,RI,02828,2023-08-09,Health,F,Resident Assessment and Care Planning Deficiencies,0658,Ensure services provided by the nursing facility meet professional standards of quality.,D,"Deficient, Provider has date of correction",2023-09-15,3,N,Y,N,N,N,"735 Putnam Pike,Greenville,RI,02828",2026-06-01
415087,Greenville Operations RI LLC DBA Greenville Skille,735 Putnam Pike,Greenville,RI,02828,2023-12-21,Health,F,Resident Rights Deficiencies,0584,"Honor the resident's right to a safe, clean, comfortable and homelike environment, including but not limited to receiving treatment and supports for daily living safely.",D,"Deficient, Provider has date of correction",2024-01-20,3,Y,N,N,N,N,"735 Putnam Pike,Greenville,RI,02828",2026-06-01
415087,Greenville Operations RI LLC DBA Greenville Skille,735 Putnam Pike,Greenville,RI,02828,2023-12-21,Health,F,Resident Assessment and Care Planning Deficiencies,0655,Create and put into place a plan for meeting the resident's most immediate needs within 48 hours of being admitted,D,"Deficient, Provider has date of correction",2024-01-20,3,Y,N,N,N,N,"735 Putnam Pike,Greenville,RI,02828",2026-06-01
415087,Greenville Operations RI LLC DBA Greenville Skille,735 Putnam Pike,Greenville,RI,02828,2023-12-21,Health,F,Quality of Life and Care Deficiencies,0684,"Provide appropriate treatment and care according to orders, resident’s preferences and goals.",E,"Deficient, Provider has date of correction",2024-01-20,3,Y,N,N,N,N,"735 Putnam Pike,Greenville,RI,02828",2026-06-01
415087,Greenville Operations RI LLC DBA Greenville Skille,735 Putnam Pike,Greenville,RI,02828,2023-12-21,Health,F,Pharmacy Service Deficiencies,0761,"Ensure drugs and biologicals used in the facility are labeled in accordance with currently accepted professional principles; and all drugs and biologicals must be stored in locked compartments, separately locked, compartments for controlled drugs.",E,"Deficient, Provider has date of correction",2024-01-20,3,Y,N,N,N,N,"735 Putnam Pike,Greenville,RI,02828",2026-06-01
415087,Greenville Operations RI LLC DBA Greenville Skille,735 Putnam Pike,Greenville,RI,02828,2023-12-21,Health,F,Nutrition and Dietary Deficiencies,0812,"Procure food from sources approved or considered satisfactory and store, prepare, distribute and serve food in accordance with professional standards.",E,"Deficient, Provider has date of correction",2024-01-20,3,Y,N,N,N,N,"735 Putnam Pike,Greenville,RI,02828",2026-06-01
415087,Greenville Operations RI LLC DBA Greenville Skille,735 Putnam Pike,Greenville,RI,02828,2023-12-21,Health,F,Administration Deficiencies,0838,Conduct and document a facility-wide assessment to determine what resources are necessary to care for residents competently during both day-to-day operations (including nights and weekends) and emergencies.,F,"Deficient, Provider has date of correction",2024-01-20,3,Y,N,N,N,N,"735 Putnam Pike,Greenville,RI,02828",2026-06-01
415087,Greenville Operations RI LLC DBA Greenville Skille,735 Putnam Pike,Greenville,RI,02828,2023-12-21,Health,F,Infection Control Deficiencies,0880,Provide and implement an infection prevention and control program.,E,"Deficient, Provider has date of correction",2024-01-20,3,Y,N,N,N,N,"735 Putnam Pike,Greenville,RI,02828",2026-06-01
415089,Alpine Nursing Home Inc,557 Weaver Hill Road,Coventry,RI,02816,2025-03-27,Health,F,Nutrition and Dietary Deficiencies,0803,"Ensure menus must meet the nutritional needs of residents, be prepared in advance, be followed, be updated, be reviewed by dietician, and meet the needs of the resident.",F,"Deficient, Provider has date of correction",2025-04-21,1,Y,N,N,N,N,"557 Weaver Hill Road,Coventry,RI,02816",2026-06-01
415089,Alpine Nursing Home Inc,557 Weaver Hill Road,Coventry,RI,02816,2025-03-27,Health,F,Nutrition and Dietary Deficiencies,0812,"Procure food from sources approved or considered satisfactory and store, prepare, distribute and serve food in accordance with professional standards.",F,"Deficient, Provider has date of correction",2025-04-21,1,Y,N,N,N,N,"557 Weaver Hill Road,Coventry,RI,02816",2026-06-01
415089,Alpine Nursing Home Inc,557 Weaver Hill Road,Coventry,RI,02816,2024-04-15,Health,F,Resident Assessment and Care Planning Deficiencies,0641,Ensure each resident receives an accurate assessment.,B,"Deficient, Provider has date of correction",2024-05-26,2,Y,N,N,N,N,"557 Weaver Hill Road,Coventry,RI,02816",2026-06-01
415089,Alpine Nursing Home Inc,557 Weaver Hill Road,Coventry,RI,02816,2024-04-15,Health,F,Resident Assessment and Care Planning Deficiencies,0658,Ensure services provided by the nursing facility meet professional standards of quality.,E,"Deficient, Provider has date of correction",2024-05-26,2,Y,N,N,N,N,"557 Weaver Hill Road,Coventry,RI,02816",2026-06-01
415089,Alpine Nursing Home Inc,557 Weaver Hill Road,Coventry,RI,02816,2024-04-15,Health,F,Quality of Life and Care Deficiencies,0695,Provide safe and appropriate respiratory care for a resident when needed.,D,"Deficient, Provider has date of correction",2024-05-26,2,Y,N,N,N,N,"557 Weaver Hill Road,Coventry,RI,02816",2026-06-01
415089,Alpine Nursing Home Inc,557 Weaver Hill Road,Coventry,RI,02816,2024-04-15,Health,F,Quality of Life and Care Deficiencies,0699,Provide care or services that was trauma informed and/or culturally competent.,E,"Deficient, Provider has date of correction",2024-05-26,2,Y,N,N,N,N,"557 Weaver Hill Road,Coventry,RI,02816",2026-06-01
415089,Alpine Nursing Home Inc,557 Weaver Hill Road,Coventry,RI,02816,2024-04-15,Health,F,Nursing and Physician Services Deficiencies,0726,Ensure that nurses and nurse aides have the appropriate competencies to care for every resident in a way that maximizes each resident's well being.,E,"Deficient, Provider has date of correction",2024-05-26,2,Y,N,N,N,N,"557 Weaver Hill Road,Coventry,RI,02816",2026-06-01
415089,Alpine Nursing Home Inc,557 Weaver Hill Road,Coventry,RI,02816,2024-04-15,Health,F,Resident Assessment and Care Planning Deficiencies,0842,Safeguard resident-identifiable information and/or maintain medical records on each resident that are in accordance with accepted professional standards.,D,"Deficient, Provider has date of correction",2024-05-26,2,Y,N,N,N,N,"557 Weaver Hill Road,Coventry,RI,02816",2026-06-01
415089,Alpine Nursing Home Inc,557 Weaver Hill Road,Coventry,RI,02816,2024-04-15,Health,F,Infection Control Deficiencies,0880,Provide and implement an infection prevention and control program.,D,"Deficient, Provider has date of correction",2024-05-26,2,Y,N,N,N,N,"557 Weaver Hill Road,Coventry,RI,02816",2026-06-01
415089,Alpine Nursing Home Inc,557 Weaver Hill Road,Coventry,RI,02816,2023-03-17,Health,F,Quality of Life and Care Deficiencies,0689,Ensure that a nursing home area is free from accident hazards and provides adequate supervision to prevent accidents.,G,"Deficient, Provider has date of correction",2023-04-04,3,Y,N,N,N,N,"557 Weaver Hill Road,Coventry,RI,02816",2026-06-01
415089,Alpine Nursing Home Inc,557 Weaver Hill Road,Coventry,RI,02816,2023-03-17,Health,F,Quality of Life and Care Deficiencies,0692,Provide enough food/fluids to maintain a resident's health.,D,"Deficient, Provider has date of correction",2023-04-04,3,Y,N,N,N,N,"557 Weaver Hill Road,Coventry,RI,02816",2026-06-01
415089,Alpine Nursing Home Inc,557 Weaver Hill Road,Coventry,RI,02816,2023-03-17,Health,F,Nutrition and Dietary Deficiencies,0812,"Procure food from sources approved or considered satisfactory and store, prepare, distribute and serve food in accordance with professional standards.",F,"Deficient, Provider has date of correction",2023-04-04,3,Y,N,N,N,N,"557 Weaver Hill Road,Coventry,RI,02816",2026-06-01
415091,Steere House Nursing and Rehabilitation Center,100 Borden Street,Providence,RI,02903,2026-03-05,Health,F,Quality of Life and Care Deficiencies,0684,"Provide appropriate treatment and care according to orders, resident’s preferences and goals.",D,"Deficient, Provider has date of correction",2026-04-03,1,Y,N,N,N,N,"100 Borden Street,Providence,RI,02903",2026-06-01
415091,Steere House Nursing and Rehabilitation Center,100 Borden Street,Providence,RI,02903,2026-03-05,Health,F,Quality of Life and Care Deficiencies,0698,"Provide safe, appropriate dialysis care/services for a resident who requires such services.",D,"Deficient, Provider has date of correction",2026-04-03,1,Y,N,N,N,N,"100 Borden Street,Providence,RI,02903",2026-06-01
415091,Steere House Nursing and Rehabilitation Center,100 Borden Street,Providence,RI,02903,2026-03-05,Health,F,Nursing and Physician Services Deficiencies,0726,Ensure that nurses and nurse aides have the appropriate competencies to care for every resident in a way that maximizes each resident's well being.,D,"Deficient, Provider has date of correction",2026-04-03,1,Y,N,N,N,N,"100 Borden Street,Providence,RI,02903",2026-06-01
415091,Steere House Nursing and Rehabilitation Center,100 Borden Street,Providence,RI,02903,2026-03-05,Health,F,Administration Deficiencies,0770,"Provide timely, quality laboratory services/tests to meet the needs of residents.",D,"Deficient, Provider has date of correction",2026-04-03,1,Y,N,N,N,N,"100 Borden Street,Providence,RI,02903",2026-06-01
415091,Steere House Nursing and Rehabilitation Center,100 Borden Street,Providence,RI,02903,2026-03-05,Health,F,Nutrition and Dietary Deficiencies,0812,"Procure food from sources approved or considered satisfactory and store, prepare, distribute and serve food in accordance with professional standards.",F,"Deficient, Provider has date of correction",2026-04-03,1,Y,N,N,N,N,"100 Borden Street,Providence,RI,02903",2026-06-01
415091,Steere House Nursing and Rehabilitation Center,100 Borden Street,Providence,RI,02903,2024-07-30,Health,F,"Freedom from Abuse, Neglect, and Exploitation Deficiencies",0600,"Protect each resident from all types of abuse such as physical, mental, sexual abuse, physical punishment, and neglect by anybody.",G,"Deficient, Provider has date of correction",2024-08-29,2,N,Y,N,N,N,"100 Borden Street,Providence,RI,02903",2026-06-01
415091,Steere House Nursing and Rehabilitation Center,100 Borden Street,Providence,RI,02903,2024-07-30,Health,F,Resident Assessment and Care Planning Deficiencies,0656,"Develop and implement a complete care plan that meets all the resident's needs, with timetables and actions that can be measured.",D,"Deficient, Provider has date of correction",2024-08-29,2,N,Y,N,N,N,"100 Borden Street,Providence,RI,02903",2026-06-01
415091,Steere House Nursing and Rehabilitation Center,100 Borden Street,Providence,RI,02903,2024-07-30,Health,F,Quality of Life and Care Deficiencies,0689,Ensure that a nursing home area is free from accident hazards and provides adequate supervision to prevent accidents.,G,"Deficient, Provider has date of correction",2024-08-29,2,N,Y,N,N,N,"100 Borden Street,Providence,RI,02903",2026-06-01
415091,Steere House Nursing and Rehabilitation Center,100 Borden Street,Providence,RI,02903,2024-11-04,Health,F,Pharmacy Service Deficiencies,0761,"Ensure drugs and biologicals used in the facility are labeled in accordance with currently accepted professional principles; and all drugs and biologicals must be stored in locked compartments, separately locked, compartments for controlled drugs.",E,"Deficient, Provider has date of correction",2024-11-25,2,Y,N,N,N,N,"100 Borden Street,Providence,RI,02903",2026-06-01
415091,Steere House Nursing and Rehabilitation Center,100 Borden Street,Providence,RI,02903,2024-11-04,Health,F,Nutrition and Dietary Deficiencies,0805,Ensure each resident receives and the facility provides food prepared in a form designed to meet individual needs.,K,"Deficient, Provider has date of correction",2024-11-25,2,Y,N,N,N,N,"100 Borden Street,Providence,RI,02903",2026-06-01
415091,Steere House Nursing and Rehabilitation Center,100 Borden Street,Providence,RI,02903,2024-11-04,Health,F,Infection Control Deficiencies,0880,Provide and implement an infection prevention and control program.,E,"Deficient, Provider has date of correction",2024-11-25,2,Y,N,N,N,N,"100 Borden Street,Providence,RI,02903",2026-06-01
415091,Steere House Nursing and Rehabilitation Center,100 Borden Street,Providence,RI,02903,2023-11-30,Health,F,Nursing and Physician Services Deficiencies,0726,Ensure that nurses and nurse aides have the appropriate competencies to care for every resident in a way that maximizes each resident's well being.,G,"Deficient, Provider has date of correction",2023-12-30,3,Y,N,N,N,N,"100 Borden Street,Providence,RI,02903",2026-06-01
415091,Steere House Nursing and Rehabilitation Center,100 Borden Street,Providence,RI,02903,2023-11-30,Health,F,Infection Control Deficiencies,0880,Provide and implement an infection prevention and control program.,D,"Deficient, Provider has date of correction",2023-12-30,3,Y,N,N,N,N,"100 Borden Street,Providence,RI,02903",2026-06-01
415096,Bethany Home of Rhode Island,111 South Angell Street,Providence,RI,02906,2025-11-05,Health,F,Quality of Life and Care Deficiencies,0689,Ensure that a nursing home area is free from accident hazards and provides adequate supervision to prevent accidents.,G,"Deficient, Provider has date of correction",2025-12-05,1,N,Y,N,N,N,"111 South Angell Street,Providence,RI,02906",2026-06-01
415096,Bethany Home of Rhode Island,111 South Angell Street,Providence,RI,02906,2025-11-26,Health,F,Resident Rights Deficiencies,0554,Allow residents to self-administer drugs if determined clinically appropriate.,E,"Deficient, Provider has date of correction",2025-12-26,1,Y,N,N,N,N,"111 South Angell Street,Providence,RI,02906",2026-06-01
415096,Bethany Home of Rhode Island,111 South Angell Street,Providence,RI,02906,2025-11-26,Health,F,Resident Rights Deficiencies,0577,Allow residents to easily view the nursing home's survey results and communicate with advocate agencies.,B,"Deficient, Provider has date of correction",2025-12-26,1,Y,N,N,N,N,"111 South Angell Street,Providence,RI,02906",2026-06-01
415096,Bethany Home of Rhode Island,111 South Angell Street,Providence,RI,02906,2025-11-26,Health,F,Resident Assessment and Care Planning Deficiencies,0658,Ensure services provided by the nursing facility meet professional standards of quality.,E,"Deficient, Provider has date of correction",2025-12-26,1,Y,N,N,N,N,"111 South Angell Street,Providence,RI,02906",2026-06-01
415096,Bethany Home of Rhode Island,111 South Angell Street,Providence,RI,02906,2025-11-26,Health,F,Nursing and Physician Services Deficiencies,0726,Ensure that nurses and nurse aides have the appropriate competencies to care for every resident in a way that maximizes each resident's well being.,E,"Deficient, Provider has date of correction",2025-12-26,1,Y,N,N,N,N,"111 South Angell Street,Providence,RI,02906",2026-06-01
415096,Bethany Home of Rhode Island,111 South Angell Street,Providence,RI,02906,2025-11-26,Health,F,Nutrition and Dietary Deficiencies,0813,Have a policy regarding use and storage of foods brought to residents by family and other visitors.,F,"Deficient, Provider has date of correction",2025-12-26,1,Y,N,N,N,N,"111 South Angell Street,Providence,RI,02906",2026-06-01
415096,Bethany Home of Rhode Island,111 South Angell Street,Providence,RI,02906,2025-11-26,Health,F,Resident Assessment and Care Planning Deficiencies,0842,Safeguard resident-identifiable information and/or maintain medical records on each resident that are in accordance with accepted professional standards.,D,"Deficient, Provider has date of correction",2025-12-26,1,Y,N,N,N,N,"111 South Angell Street,Providence,RI,02906",2026-06-01
415096,Bethany Home of Rhode Island,111 South Angell Street,Providence,RI,02906,2024-09-26,Health,F,Resident Rights Deficiencies,0583,Keep residents' personal and medical records private and confidential.,E,"Deficient, Provider has date of correction",2024-10-26,2,Y,N,N,N,N,"111 South Angell Street,Providence,RI,02906",2026-06-01
415096,Bethany Home of Rhode Island,111 South Angell Street,Providence,RI,02906,2024-09-26,Health,F,Resident Rights Deficiencies,0623,"Provide timely notification to the resident, and if applicable to the resident representative and ombudsman, before transfer or discharge, including appeal rights.",F,"Deficient, Provider has date of correction",2024-10-26,2,Y,N,N,N,N,"111 South Angell Street,Providence,RI,02906",2026-06-01
415096,Bethany Home of Rhode Island,111 South Angell Street,Providence,RI,02906,2024-09-26,Health,F,Resident Assessment and Care Planning Deficiencies,0658,Ensure services provided by the nursing facility meet professional standards of quality.,D,"Deficient, Provider has date of correction",2024-10-26,2,Y,N,N,N,N,"111 South Angell Street,Providence,RI,02906",2026-06-01
415096,Bethany Home of Rhode Island,111 South Angell Street,Providence,RI,02906,2024-09-26,Health,F,Quality of Life and Care Deficiencies,0699,Provide care or services that was trauma informed and/or culturally competent.,D,"Deficient, Provider has date of correction",2024-10-26,2,Y,N,N,N,N,"111 South Angell Street,Providence,RI,02906",2026-06-01
415096,Bethany Home of Rhode Island,111 South Angell Street,Providence,RI,02906,2024-09-26,Health,F,Nursing and Physician Services Deficiencies,0726,Ensure that nurses and nurse aides have the appropriate competencies to care for every resident in a way that maximizes each resident's well being.,E,"Deficient, Provider has date of correction",2024-10-26,2,Y,N,N,N,N,"111 South Angell Street,Providence,RI,02906",2026-06-01
415096,Bethany Home of Rhode Island,111 South Angell Street,Providence,RI,02906,2024-09-26,Health,F,Pharmacy Service Deficiencies,0760,Ensure that residents are free from significant medication errors.,D,"Deficient, Provider has date of correction",2024-10-26,2,Y,N,N,N,N,"111 South Angell Street,Providence,RI,02906",2026-06-01
415096,Bethany Home of Rhode Island,111 South Angell Street,Providence,RI,02906,2024-09-26,Health,F,Administration Deficiencies,0865,Have a  plan that describes the process for conducting QAPI and QAA activities.,F,"Deficient, Provider has date of correction",2024-10-26,2,Y,N,N,N,N,"111 South Angell Street,Providence,RI,02906",2026-06-01
415096,Bethany Home of Rhode Island,111 South Angell Street,Providence,RI,02906,2024-09-26,Health,F,Infection Control Deficiencies,0880,Provide and implement an infection prevention and control program.,F,"Deficient, Provider has date of correction",2024-10-26,2,Y,N,N,N,N,"111 South Angell Street,Providence,RI,02906",2026-06-01
415096,Bethany Home of Rhode Island,111 South Angell Street,Providence,RI,02906,2023-11-08,Health,F,Resident Assessment and Care Planning Deficiencies,0658,Ensure services provided by the nursing facility meet professional standards of quality.,D,"Deficient, Provider has date of correction",2023-12-08,3,Y,N,N,N,N,"111 South Angell Street,Providence,RI,02906",2026-06-01
415096,Bethany Home of Rhode Island,111 South Angell Street,Providence,RI,02906,2023-11-08,Health,F,Quality of Life and Care Deficiencies,0699,Provide care or services that was trauma informed and/or culturally competent.,D,"Deficient, Provider has date of correction",2023-12-08,3,Y,N,N,N,N,"111 South Angell Street,Providence,RI,02906",2026-06-01
415096,Bethany Home of Rhode Island,111 South Angell Street,Providence,RI,02906,2023-11-08,Health,F,Pharmacy Service Deficiencies,0757,Ensure each resident’s drug regimen must be free from unnecessary drugs.,D,"Deficient, Provider has date of correction",2023-12-08,3,Y,N,N,N,N,"111 South Angell Street,Providence,RI,02906",2026-06-01
415096,Bethany Home of Rhode Island,111 South Angell Street,Providence,RI,02906,2023-11-08,Health,F,Nutrition and Dietary Deficiencies,0812,"Procure food from sources approved or considered satisfactory and store, prepare, distribute and serve food in accordance with professional standards.",F,"Deficient, Provider has date of correction",2023-12-08,3,Y,N,N,N,N,"111 South Angell Street,Providence,RI,02906",2026-06-01
415097,Mansion Nursing and Rehab Center,104 Clay Street,Central Falls,RI,02863,2026-01-21,Health,F,Resident Assessment and Care Planning Deficiencies,0658,Ensure services provided by the nursing facility meet professional standards of quality.,E,"Deficient, Provider has date of correction",2026-02-20,1,N,Y,N,N,N,"104 Clay Street,Central Falls,RI,02863",2026-06-01
415097,Mansion Nursing and Rehab Center,104 Clay Street,Central Falls,RI,02863,2025-12-16,Health,F,Resident Rights Deficiencies,0628,"Provide the required documentation or notification related to the resident's needs, appeal rights, or bed-hold policies.",D,"Deficient, Provider has date of correction",2026-01-15,1,N,Y,N,N,N,"104 Clay Street,Central Falls,RI,02863",2026-06-01
415097,Mansion Nursing and Rehab Center,104 Clay Street,Central Falls,RI,02863,2025-12-16,Health,F,Pharmacy Service Deficiencies,0760,Ensure that residents are free from significant medication errors.,D,"Deficient, Provider has date of correction",2026-01-15,1,N,Y,N,N,N,"104 Clay Street,Central Falls,RI,02863",2026-06-01
415097,Mansion Nursing and Rehab Center,104 Clay Street,Central Falls,RI,02863,2025-07-18,Health,F,Resident Rights Deficiencies,0569,"Notify each resident of certain balances and convey resident funds upon discharge, eviction, or death.",B,"Deficient, Provider has date of correction",2025-08-17,1,Y,N,N,N,N,"104 Clay Street,Central Falls,RI,02863",2026-06-01
415097,Mansion Nursing and Rehab Center,104 Clay Street,Central Falls,RI,02863,2025-07-18,Health,F,Quality of Life and Care Deficiencies,0740,Ensure each resident must receive and the facility must provide necessary behavioral health care and services.,D,"Deficient, Provider has date of correction",2025-08-17,1,Y,N,N,N,N,"104 Clay Street,Central Falls,RI,02863",2026-06-01
415097,Mansion Nursing and Rehab Center,104 Clay Street,Central Falls,RI,02863,2025-07-18,Health,F,Pharmacy Service Deficiencies,0756,"Ensure a licensed pharmacist perform a monthly drug regimen review, including the medical chart, following irregularity reporting guidelines in developed policies and procedures.",E,"Deficient, Provider has date of correction",2025-08-17,1,Y,N,N,N,N,"104 Clay Street,Central Falls,RI,02863",2026-06-01
415097,Mansion Nursing and Rehab Center,104 Clay Street,Central Falls,RI,02863,2025-07-18,Health,F,Pharmacy Service Deficiencies,0757,Ensure each resident’s drug regimen must be free from unnecessary drugs.,D,"Deficient, Provider has date of correction",2025-08-17,1,Y,N,N,N,N,"104 Clay Street,Central Falls,RI,02863",2026-06-01
415097,Mansion Nursing and Rehab Center,104 Clay Street,Central Falls,RI,02863,2025-07-18,Health,F,Administration Deficiencies,0867,Set up an ongoing quality assessment and assurance group to review quality deficiencies  and develop corrective plans of action.,F,"Deficient, Provider has date of correction",2025-08-17,1,Y,N,N,N,N,"104 Clay Street,Central Falls,RI,02863",2026-06-01
415097,Mansion Nursing and Rehab Center,104 Clay Street,Central Falls,RI,02863,2024-07-05,Health,F,Resident Rights Deficiencies,0567,Honor the resident's right to manage his or her financial affairs.,B,"Deficient, Provider has date of correction",2024-08-04,2,Y,N,N,N,N,"104 Clay Street,Central Falls,RI,02863",2026-06-01
415097,Mansion Nursing and Rehab Center,104 Clay Street,Central Falls,RI,02863,2024-07-05,Health,F,Resident Rights Deficiencies,0568,"Properly hold, secure, and manage each resident's personal money which is deposited with the nursing home.",B,"Deficient, Provider has date of correction",2024-08-04,2,Y,N,N,N,N,"104 Clay Street,Central Falls,RI,02863",2026-06-01
415097,Mansion Nursing and Rehab Center,104 Clay Street,Central Falls,RI,02863,2024-07-05,Health,F,Resident Rights Deficiencies,0569,"Notify each resident of certain balances and convey resident funds upon discharge, eviction, or death.",B,"Deficient, Provider has date of correction",2024-08-04,2,Y,N,N,N,N,"104 Clay Street,Central Falls,RI,02863",2026-06-01
415097,Mansion Nursing and Rehab Center,104 Clay Street,Central Falls,RI,02863,2024-07-05,Health,F,Resident Rights Deficiencies,0583,Keep residents' personal and medical records private and confidential.,B,"Deficient, Provider has date of correction",2024-08-04,2,Y,N,N,N,N,"104 Clay Street,Central Falls,RI,02863",2026-06-01
415097,Mansion Nursing and Rehab Center,104 Clay Street,Central Falls,RI,02863,2024-07-05,Health,F,Resident Assessment and Care Planning Deficiencies,0658,Ensure services provided by the nursing facility meet professional standards of quality.,D,"Deficient, Provider has date of correction",2024-08-04,2,Y,N,N,N,N,"104 Clay Street,Central Falls,RI,02863",2026-06-01
415097,Mansion Nursing and Rehab Center,104 Clay Street,Central Falls,RI,02863,2024-07-05,Health,F,Quality of Life and Care Deficiencies,0695,Provide safe and appropriate respiratory care for a resident when needed.,D,"Deficient, Provider has date of correction",2024-08-04,2,Y,N,N,N,N,"104 Clay Street,Central Falls,RI,02863",2026-06-01
415097,Mansion Nursing and Rehab Center,104 Clay Street,Central Falls,RI,02863,2024-07-05,Health,F,Pharmacy Service Deficiencies,0761,"Ensure drugs and biologicals used in the facility are labeled in accordance with currently accepted professional principles; and all drugs and biologicals must be stored in locked compartments, separately locked, compartments for controlled drugs.",E,"Deficient, Provider has date of correction",2024-08-04,2,Y,N,N,N,N,"104 Clay Street,Central Falls,RI,02863",2026-06-01
415097,Mansion Nursing and Rehab Center,104 Clay Street,Central Falls,RI,02863,2024-07-05,Health,F,Nutrition and Dietary Deficiencies,0812,"Procure food from sources approved or considered satisfactory and store, prepare, distribute and serve food in accordance with professional standards.",F,"Deficient, Provider has date of correction",2024-08-04,2,Y,N,N,N,N,"104 Clay Street,Central Falls,RI,02863",2026-06-01
415097,Mansion Nursing and Rehab Center,104 Clay Street,Central Falls,RI,02863,2024-07-05,Health,F,Infection Control Deficiencies,0880,Provide and implement an infection prevention and control program.,F,"Deficient, Provider has date of correction",2024-08-04,2,Y,N,N,N,N,"104 Clay Street,Central Falls,RI,02863",2026-06-01
415097,Mansion Nursing and Rehab Center,104 Clay Street,Central Falls,RI,02863,2024-07-05,Health,F,Environmental Deficiencies,0921,"Make sure that the nursing home area is safe, easy to use, clean and comfortable for residents, staff and the public.",E,"Deficient, Provider has date of correction",2024-08-04,2,Y,N,N,N,N,"104 Clay Street,Central Falls,RI,02863",2026-06-01
415097,Mansion Nursing and Rehab Center,104 Clay Street,Central Falls,RI,02863,2023-08-29,Health,F,Resident Rights Deficiencies,0584,"Honor the resident's right to a safe, clean, comfortable and homelike environment, including but not limited to receiving treatment and supports for daily living safely.",D,"Deficient, Provider has date of correction",2023-09-28,3,N,Y,N,N,N,"104 Clay Street,Central Falls,RI,02863",2026-06-01
415097,Mansion Nursing and Rehab Center,104 Clay Street,Central Falls,RI,02863,2023-06-06,Health,F,Resident Assessment and Care Planning Deficiencies,0658,Ensure services provided by the nursing facility meet professional standards of quality.,D,"Deficient, Provider has date of correction",2023-07-06,3,N,Y,N,N,N,"104 Clay Street,Central Falls,RI,02863",2026-06-01
415097,Mansion Nursing and Rehab Center,104 Clay Street,Central Falls,RI,02863,2023-07-21,Health,F,Nursing and Physician Services Deficiencies,0710,Obtain a doctor's order to admit a resident and ensure the resident is under a doctor's care.,E,"Deficient, Provider has date of correction",2023-08-20,3,Y,N,N,N,N,"104 Clay Street,Central Falls,RI,02863",2026-06-01
415097,Mansion Nursing and Rehab Center,104 Clay Street,Central Falls,RI,02863,2023-07-21,Health,F,Nutrition and Dietary Deficiencies,0812,"Procure food from sources approved or considered satisfactory and store, prepare, distribute and serve food in accordance with professional standards.",F,"Deficient, Provider has date of correction",2023-08-20,3,Y,N,N,N,N,"104 Clay Street,Central Falls,RI,02863",2026-06-01
415097,Mansion Nursing and Rehab Center,104 Clay Street,Central Falls,RI,02863,2023-07-21,Health,F,Administration Deficiencies,0838,Conduct and document a facility-wide assessment to determine what resources are necessary to care for residents competently during both day-to-day operations (including nights and weekends) and emergencies.,F,"Deficient, Provider has date of correction",2023-08-20,3,Y,N,N,N,N,"104 Clay Street,Central Falls,RI,02863",2026-06-01
415097,Mansion Nursing and Rehab Center,104 Clay Street,Central Falls,RI,02863,2023-07-21,Health,F,Resident Assessment and Care Planning Deficiencies,0842,Safeguard resident-identifiable information and/or maintain medical records on each resident that are in accordance with accepted professional standards.,E,"Deficient, Provider has date of correction",2023-08-20,3,Y,N,N,N,N,"104 Clay Street,Central Falls,RI,02863",2026-06-01
415097,Mansion Nursing and Rehab Center,104 Clay Street,Central Falls,RI,02863,2023-07-21,Health,F,Resident Rights Deficiencies,0942,Ensure that staff members are educated on resident rights and facility responsibilities to properly care for its residents.,E,"Deficient, Provider has date of correction",2023-08-20,3,Y,N,N,N,N,"104 Clay Street,Central Falls,RI,02863",2026-06-01
415097,Mansion Nursing and Rehab Center,104 Clay Street,Central Falls,RI,02863,2023-07-21,Health,F,"Freedom from Abuse, Neglect, and Exploitation Deficiencies",0943,"Give their staff education on dementia care, and what abuse, neglect, and exploitation are; and how to report abuse, neglect, and exploitation.",E,"Deficient, Provider has date of correction",2023-08-20,3,Y,N,N,N,N,"104 Clay Street,Central Falls,RI,02863",2026-06-01
415097,Mansion Nursing and Rehab Center,104 Clay Street,Central Falls,RI,02863,2023-07-21,Health,F,Administration Deficiencies,0944,"Conduct mandatory training, for all staff, on the facility’s Quality Assurance and Performance Improvement Program.",C,"Deficient, Provider has date of correction",2023-08-20,3,Y,N,N,N,N,"104 Clay Street,Central Falls,RI,02863",2026-06-01
415097,Mansion Nursing and Rehab Center,104 Clay Street,Central Falls,RI,02863,2023-07-21,Health,F,Resident Assessment and Care Planning Deficiencies,0658,Ensure services provided by the nursing facility meet professional standards of quality.,D,"Deficient, Provider has date of correction",2023-08-20,3,Y,Y,N,N,N,"104 Clay Street,Central Falls,RI,02863",2026-06-01
415098,Harris Health Center LLC,833 Broadway,East Providence,RI,02914,2025-09-17,Health,F,Quality of Life and Care Deficiencies,0689,Ensure that a nursing home area is free from accident hazards and provides adequate supervision to prevent accidents.,D,"Deficient, Provider has date of correction",2025-10-17,1,N,Y,N,N,N,"833 Broadway,East Providence,RI,02914",2026-06-01
415098,Harris Health Center LLC,833 Broadway,East Providence,RI,02914,2026-01-30,Health,F,Resident Rights Deficiencies,0552,"Ensure that residents are fully informed and understand their health status, care and treatments.",E,"Deficient, Provider has date of correction",2026-03-12,1,Y,N,N,N,N,"833 Broadway,East Providence,RI,02914",2026-06-01
415098,Harris Health Center LLC,833 Broadway,East Providence,RI,02914,2026-01-30,Health,F,"Freedom from Abuse, Neglect, and Exploitation Deficiencies",0605,Prevent the use of unnecessary psychotropic medications or use medications that may restrain a resident's ability to function.,E,"Deficient, Provider has date of correction",2026-03-12,1,Y,N,N,N,N,"833 Broadway,East Providence,RI,02914",2026-06-01
415098,Harris Health Center LLC,833 Broadway,East Providence,RI,02914,2026-01-30,Health,F,Resident Rights Deficiencies,0628,"Provide the required documentation or notification related to the resident's needs, appeal rights, or bed-hold policies.",D,"Deficient, Provider has date of correction",2026-03-12,1,Y,N,N,N,N,"833 Broadway,East Providence,RI,02914",2026-06-01
415098,Harris Health Center LLC,833 Broadway,East Providence,RI,02914,2026-01-30,Health,F,Resident Assessment and Care Planning Deficiencies,0636,"Assess the resident completely in a timely manner  when first admitted, and then periodically, at least every 12 months.",D,"Deficient, Provider has date of correction",2026-03-12,1,Y,N,N,N,N,"833 Broadway,East Providence,RI,02914",2026-06-01
415098,Harris Health Center LLC,833 Broadway,East Providence,RI,02914,2026-01-30,Health,F,Resident Assessment and Care Planning Deficiencies,0657,"Develop the complete care plan within 7 days of the comprehensive assessment; and prepared, reviewed, and revised by a team of health professionals.",D,"Deficient, Provider has date of correction",2026-03-12,1,Y,N,N,N,N,"833 Broadway,East Providence,RI,02914",2026-06-01
415098,Harris Health Center LLC,833 Broadway,East Providence,RI,02914,2026-01-30,Health,F,Resident Assessment and Care Planning Deficiencies,0658,Ensure services provided by the nursing facility meet professional standards of quality.,D,"Deficient, Provider has date of correction",2026-03-12,1,Y,N,N,N,N,"833 Broadway,East Providence,RI,02914",2026-06-01
415098,Harris Health Center LLC,833 Broadway,East Providence,RI,02914,2026-01-30,Health,F,Pharmacy Service Deficiencies,0761,"Ensure drugs and biologicals used in the facility are labeled in accordance with currently accepted professional principles; and all drugs and biologicals must be stored in locked compartments, separately locked, compartments for controlled drugs.",D,"Deficient, Provider has date of correction",2026-03-12,1,Y,N,N,N,N,"833 Broadway,East Providence,RI,02914",2026-06-01
415098,Harris Health Center LLC,833 Broadway,East Providence,RI,02914,2026-01-30,Health,F,Nutrition and Dietary Deficiencies,0812,"Procure food from sources approved or considered satisfactory and store, prepare, distribute and serve food in accordance with professional standards.",F,"Deficient, Provider has date of correction",2026-03-12,1,Y,N,N,N,N,"833 Broadway,East Providence,RI,02914",2026-06-01
415098,Harris Health Center LLC,833 Broadway,East Providence,RI,02914,2026-01-30,Health,F,Administration Deficiencies,0838,Conduct and document a facility-wide assessment to determine what resources are necessary to care for residents competently during both day-to-day operations (including nights and weekends) and emergencies.,C,"Deficient, Provider has date of correction",2026-03-12,1,Y,N,N,N,N,"833 Broadway,East Providence,RI,02914",2026-06-01
415098,Harris Health Center LLC,833 Broadway,East Providence,RI,02914,2026-01-30,Health,F,Resident Assessment and Care Planning Deficiencies,0842,Safeguard resident-identifiable information and/or maintain medical records on each resident that are in accordance with accepted professional standards.,D,"Deficient, Provider has date of correction",2026-03-12,1,Y,N,N,N,N,"833 Broadway,East Providence,RI,02914",2026-06-01
415098,Harris Health Center LLC,833 Broadway,East Providence,RI,02914,2026-01-30,Health,F,Infection Control Deficiencies,0881,Implement a program that monitors antibiotic use.,D,"Deficient, Provider has date of correction",2026-03-12,1,Y,N,N,N,N,"833 Broadway,East Providence,RI,02914",2026-06-01
415098,Harris Health Center LLC,833 Broadway,East Providence,RI,02914,2026-01-30,Health,F,"Freedom from Abuse, Neglect, and Exploitation Deficiencies",0600,"Protect each resident from all types of abuse such as physical, mental, sexual abuse, physical punishment, and neglect by anybody.",D,"Deficient, Provider has date of correction",2026-03-12,1,Y,Y,N,N,N,"833 Broadway,East Providence,RI,02914",2026-06-01
415098,Harris Health Center LLC,833 Broadway,East Providence,RI,02914,2024-10-04,Health,F,Resident Assessment and Care Planning Deficiencies,0656,"Develop and implement a complete care plan that meets all the resident's needs, with timetables and actions that can be measured.",D,"Deficient, Provider has date of correction",2024-11-03,2,Y,N,N,N,N,"833 Broadway,East Providence,RI,02914",2026-06-01
415098,Harris Health Center LLC,833 Broadway,East Providence,RI,02914,2024-10-04,Health,F,Resident Assessment and Care Planning Deficiencies,0658,Ensure services provided by the nursing facility meet professional standards of quality.,D,"Deficient, Provider has date of correction",2024-11-03,2,Y,N,N,N,N,"833 Broadway,East Providence,RI,02914",2026-06-01
415098,Harris Health Center LLC,833 Broadway,East Providence,RI,02914,2024-10-04,Health,F,Quality of Life and Care Deficiencies,0692,Provide enough food/fluids to maintain a resident's health.,E,"Deficient, Provider has date of correction",2024-11-03,2,Y,N,N,N,N,"833 Broadway,East Providence,RI,02914",2026-06-01
415098,Harris Health Center LLC,833 Broadway,East Providence,RI,02914,2024-10-04,Health,F,Pharmacy Service Deficiencies,0761,"Ensure drugs and biologicals used in the facility are labeled in accordance with currently accepted professional principles; and all drugs and biologicals must be stored in locked compartments, separately locked, compartments for controlled drugs.",D,"Deficient, Provider has date of correction",2024-11-03,2,Y,N,N,N,N,"833 Broadway,East Providence,RI,02914",2026-06-01
415098,Harris Health Center LLC,833 Broadway,East Providence,RI,02914,2024-10-04,Health,F,Environmental Deficiencies,0909,"Regularly inspect all bed frames, mattresses, and bed rails (if any) for safety; and all bed rails and mattresses must attach safely to the bed frame.",E,"Deficient, Provider has date of correction",2024-11-03,2,Y,N,N,N,N,"833 Broadway,East Providence,RI,02914",2026-06-01
415098,Harris Health Center LLC,833 Broadway,East Providence,RI,02914,2024-02-28,Health,F,Environmental Deficiencies,0921,"Make sure that the nursing home area is safe, easy to use, clean and comfortable for residents, staff and the public.",F,"Deficient, Provider has date of correction",2024-03-29,3,N,Y,N,N,N,"833 Broadway,East Providence,RI,02914",2026-06-01
415098,Harris Health Center LLC,833 Broadway,East Providence,RI,02914,2023-10-18,Health,F,Quality of Life and Care Deficiencies,0689,Ensure that a nursing home area is free from accident hazards and provides adequate supervision to prevent accidents.,D,"Deficient, Provider has date of correction",2023-11-15,3,N,Y,N,N,N,"833 Broadway,East Providence,RI,02914",2026-06-01
415098,Harris Health Center LLC,833 Broadway,East Providence,RI,02914,2023-08-03,Health,F,Quality of Life and Care Deficiencies,0689,Ensure that a nursing home area is free from accident hazards and provides adequate supervision to prevent accidents.,D,"Deficient, Provider has date of correction",2023-09-02,3,N,Y,N,N,N,"833 Broadway,East Providence,RI,02914",2026-06-01
415098,Harris Health Center LLC,833 Broadway,East Providence,RI,02914,2023-11-10,Health,F,Resident Assessment and Care Planning Deficiencies,0657,"Develop the complete care plan within 7 days of the comprehensive assessment; and prepared, reviewed, and revised by a team of health professionals.",E,"Deficient, Provider has date of correction",2023-12-10,3,Y,N,N,N,N,"833 Broadway,East Providence,RI,02914",2026-06-01
415098,Harris Health Center LLC,833 Broadway,East Providence,RI,02914,2023-11-10,Health,F,Resident Assessment and Care Planning Deficiencies,0658,Ensure services provided by the nursing facility meet professional standards of quality.,D,"Deficient, Provider has date of correction",2023-12-10,3,Y,N,N,N,N,"833 Broadway,East Providence,RI,02914",2026-06-01
415098,Harris Health Center LLC,833 Broadway,East Providence,RI,02914,2023-11-10,Health,F,Quality of Life and Care Deficiencies,0684,"Provide appropriate treatment and care according to orders, resident’s preferences and goals.",E,"Deficient, Provider has date of correction",2023-12-10,3,Y,N,N,N,N,"833 Broadway,East Providence,RI,02914",2026-06-01
415098,Harris Health Center LLC,833 Broadway,East Providence,RI,02914,2023-11-10,Health,F,Quality of Life and Care Deficiencies,0692,Provide enough food/fluids to maintain a resident's health.,E,"Deficient, Provider has date of correction",2023-12-10,3,Y,N,N,N,N,"833 Broadway,East Providence,RI,02914",2026-06-01
415098,Harris Health Center LLC,833 Broadway,East Providence,RI,02914,2023-11-10,Health,F,Pharmacy Service Deficiencies,0761,"Ensure drugs and biologicals used in the facility are labeled in accordance with currently accepted professional principles; and all drugs and biologicals must be stored in locked compartments, separately locked, compartments for controlled drugs.",E,"Deficient, Provider has date of correction",2023-12-10,3,Y,N,N,N,N,"833 Broadway,East Providence,RI,02914",2026-06-01
415098,Harris Health Center LLC,833 Broadway,East Providence,RI,02914,2023-11-10,Health,F,Nutrition and Dietary Deficiencies,0805,Ensure each resident receives and the facility provides food prepared in a form designed to meet individual needs.,D,"Deficient, Provider has date of correction",2023-12-10,3,Y,N,N,N,N,"833 Broadway,East Providence,RI,02914",2026-06-01
415098,Harris Health Center LLC,833 Broadway,East Providence,RI,02914,2023-11-10,Health,F,Nutrition and Dietary Deficiencies,0812,"Procure food from sources approved or considered satisfactory and store, prepare, distribute and serve food in accordance with professional standards.",F,"Deficient, Provider has date of correction",2023-12-10,3,Y,N,N,N,N,"833 Broadway,East Providence,RI,02914",2026-06-01
415098,Harris Health Center LLC,833 Broadway,East Providence,RI,02914,2023-11-10,Health,F,Administration Deficiencies,0867,Set up an ongoing quality assessment and assurance group to review quality deficiencies  and develop corrective plans of action.,F,"Deficient, Provider has date of correction",2023-12-10,3,Y,N,N,N,N,"833 Broadway,East Providence,RI,02914",2026-06-01
415098,Harris Health Center LLC,833 Broadway,East Providence,RI,02914,2023-11-10,Health,F,Infection Control Deficiencies,0880,Provide and implement an infection prevention and control program.,J,"Deficient, Provider has date of correction",2023-12-10,3,Y,N,N,N,N,"833 Broadway,East Providence,RI,02914",2026-06-01
415098,Harris Health Center LLC,833 Broadway,East Providence,RI,02914,2023-11-10,Health,F,Infection Control Deficiencies,0881,Implement a program that monitors antibiotic use.,F,"Deficient, Provider has date of correction",2023-12-10,3,Y,N,N,N,N,"833 Broadway,East Providence,RI,02914",2026-06-01
415098,Harris Health Center LLC,833 Broadway,East Providence,RI,02914,2023-11-10,Health,F,Infection Control Deficiencies,0882,Designate a qualified infection preventionist to be responsible for the infection prevent and control program in the nursing home.,F,"Deficient, Provider has date of correction",2023-12-10,3,Y,N,N,N,N,"833 Broadway,East Providence,RI,02914",2026-06-01
415098,Harris Health Center LLC,833 Broadway,East Providence,RI,02914,2023-11-10,Health,F,Infection Control Deficiencies,0883,Develop and implement policies and procedures for flu and pneumonia vaccinations.,E,"Deficient, Provider has date of correction",2023-12-10,3,Y,N,N,N,N,"833 Broadway,East Providence,RI,02914",2026-06-01
415099,Crystal Lake Rehabilitation and Care Center,999 South Main Street,Pascoag,RI,02859,2025-04-17,Health,F,Resident Rights Deficiencies,0582,Give residents notice of Medicaid/Medicare coverage and potential liability for services not covered.,B,"Deficient, Provider has date of correction",2025-05-17,1,Y,N,N,N,N,"999 South Main Street,Pascoag,RI,02859",2026-06-01
415099,Crystal Lake Rehabilitation and Care Center,999 South Main Street,Pascoag,RI,02859,2025-04-17,Health,F,Resident Assessment and Care Planning Deficiencies,0641,Ensure each resident receives an accurate assessment.,E,"Deficient, Provider has date of correction",2025-05-17,1,Y,N,N,N,N,"999 South Main Street,Pascoag,RI,02859",2026-06-01
415099,Crystal Lake Rehabilitation and Care Center,999 South Main Street,Pascoag,RI,02859,2025-04-17,Health,F,Resident Assessment and Care Planning Deficiencies,0658,Ensure services provided by the nursing facility meet professional standards of quality.,D,"Deficient, Provider has date of correction",2025-05-17,1,Y,N,N,N,N,"999 South Main Street,Pascoag,RI,02859",2026-06-01
415099,Crystal Lake Rehabilitation and Care Center,999 South Main Street,Pascoag,RI,02859,2025-04-17,Health,F,Quality of Life and Care Deficiencies,0684,"Provide appropriate treatment and care according to orders, resident’s preferences and goals.",E,"Deficient, Provider has date of correction",2025-05-17,1,Y,N,N,N,N,"999 South Main Street,Pascoag,RI,02859",2026-06-01
415099,Crystal Lake Rehabilitation and Care Center,999 South Main Street,Pascoag,RI,02859,2025-04-17,Health,F,Nutrition and Dietary Deficiencies,0812,"Procure food from sources approved or considered satisfactory and store, prepare, distribute and serve food in accordance with professional standards.",F,"Deficient, Provider has date of correction",2025-05-17,1,Y,N,N,N,N,"999 South Main Street,Pascoag,RI,02859",2026-06-01
415099,Crystal Lake Rehabilitation and Care Center,999 South Main Street,Pascoag,RI,02859,2025-04-17,Health,F,Administration Deficiencies,0838,Conduct and document a facility-wide assessment to determine what resources are necessary to care for residents competently during both day-to-day operations (including nights and weekends) and emergencies.,F,"Deficient, Provider has date of correction",2025-05-17,1,Y,N,N,N,N,"999 South Main Street,Pascoag,RI,02859",2026-06-01
415099,Crystal Lake Rehabilitation and Care Center,999 South Main Street,Pascoag,RI,02859,2024-11-06,Health,F,Resident Assessment and Care Planning Deficiencies,0658,Ensure services provided by the nursing facility meet professional standards of quality.,E,"Deficient, Provider has date of correction",2024-11-20,2,N,Y,N,N,N,"999 South Main Street,Pascoag,RI,02859",2026-06-01
415099,Crystal Lake Rehabilitation and Care Center,999 South Main Street,Pascoag,RI,02859,2024-11-06,Health,F,Pharmacy Service Deficiencies,0760,Ensure that residents are free from significant medication errors.,E,"Deficient, Provider has date of correction",2024-11-20,2,N,Y,N,N,N,"999 South Main Street,Pascoag,RI,02859",2026-06-01
415099,Crystal Lake Rehabilitation and Care Center,999 South Main Street,Pascoag,RI,02859,2024-11-06,Health,F,Administration Deficiencies,0839,"Employ staff that are licensed, certified, or registered in accordance with state laws.",F,"Deficient, Provider has date of correction",2024-11-20,2,N,Y,N,N,N,"999 South Main Street,Pascoag,RI,02859",2026-06-01
415099,Crystal Lake Rehabilitation and Care Center,999 South Main Street,Pascoag,RI,02859,2024-09-25,Health,F,Pharmacy Service Deficiencies,0760,Ensure that residents are free from significant medication errors.,G,"Deficient, Provider has date of correction",2024-10-07,2,N,Y,N,N,N,"999 South Main Street,Pascoag,RI,02859",2026-06-01
415099,Crystal Lake Rehabilitation and Care Center,999 South Main Street,Pascoag,RI,02859,2024-06-13,Health,F,Quality of Life and Care Deficiencies,0689,Ensure that a nursing home area is free from accident hazards and provides adequate supervision to prevent accidents.,J,"Deficient, Provider has date of correction",2024-06-27,2,N,Y,N,N,N,"999 South Main Street,Pascoag,RI,02859",2026-06-01
415099,Crystal Lake Rehabilitation and Care Center,999 South Main Street,Pascoag,RI,02859,2024-05-08,Health,F,Resident Rights Deficiencies,0550,"Honor the resident's right to a dignified existence, self-determination, communication, and to exercise his or her rights.",D,"Deficient, Provider has date of correction",2024-05-29,2,Y,N,N,N,N,"999 South Main Street,Pascoag,RI,02859",2026-06-01
415099,Crystal Lake Rehabilitation and Care Center,999 South Main Street,Pascoag,RI,02859,2024-05-08,Health,F,Resident Rights Deficiencies,0577,Allow residents to easily view the nursing home's survey results and communicate with advocate agencies.,C,"Deficient, Provider has date of correction",2024-05-29,2,Y,N,N,N,N,"999 South Main Street,Pascoag,RI,02859",2026-06-01
415099,Crystal Lake Rehabilitation and Care Center,999 South Main Street,Pascoag,RI,02859,2024-05-08,Health,F,Resident Assessment and Care Planning Deficiencies,0641,Ensure each resident receives an accurate assessment.,E,"Deficient, Provider has date of correction",2024-05-29,2,Y,N,N,N,N,"999 South Main Street,Pascoag,RI,02859",2026-06-01
415099,Crystal Lake Rehabilitation and Care Center,999 South Main Street,Pascoag,RI,02859,2024-05-08,Health,F,Resident Assessment and Care Planning Deficiencies,0656,"Develop and implement a complete care plan that meets all the resident's needs, with timetables and actions that can be measured.",E,"Deficient, Provider has date of correction",2024-05-29,2,Y,N,N,N,N,"999 South Main Street,Pascoag,RI,02859",2026-06-01
415099,Crystal Lake Rehabilitation and Care Center,999 South Main Street,Pascoag,RI,02859,2024-05-08,Health,F,Resident Assessment and Care Planning Deficiencies,0658,Ensure services provided by the nursing facility meet professional standards of quality.,D,"Deficient, Provider has date of correction",2024-05-29,2,Y,N,N,N,N,"999 South Main Street,Pascoag,RI,02859",2026-06-01
415099,Crystal Lake Rehabilitation and Care Center,999 South Main Street,Pascoag,RI,02859,2024-05-08,Health,F,Quality of Life and Care Deficiencies,0684,"Provide appropriate treatment and care according to orders, resident’s preferences and goals.",H,"Deficient, Provider has date of correction",2024-05-29,2,Y,N,N,N,N,"999 South Main Street,Pascoag,RI,02859",2026-06-01
415099,Crystal Lake Rehabilitation and Care Center,999 South Main Street,Pascoag,RI,02859,2024-05-08,Health,F,Quality of Life and Care Deficiencies,0686,Provide appropriate pressure ulcer care and prevent new ulcers from developing.,D,"Deficient, Provider has date of correction",2024-05-29,2,Y,N,N,N,N,"999 South Main Street,Pascoag,RI,02859",2026-06-01
415099,Crystal Lake Rehabilitation and Care Center,999 South Main Street,Pascoag,RI,02859,2024-05-08,Health,F,Quality of Life and Care Deficiencies,0690,"Provide appropriate care for residents who are continent or incontinent of bowel/bladder, appropriate catheter care,  and appropriate care  to prevent urinary tract infections.",E,"Deficient, Provider has date of correction",2024-05-29,2,Y,N,N,N,N,"999 South Main Street,Pascoag,RI,02859",2026-06-01
415099,Crystal Lake Rehabilitation and Care Center,999 South Main Street,Pascoag,RI,02859,2024-05-08,Health,F,Quality of Life and Care Deficiencies,0695,Provide safe and appropriate respiratory care for a resident when needed.,D,"Deficient, Provider has date of correction",2024-05-29,2,Y,N,N,N,N,"999 South Main Street,Pascoag,RI,02859",2026-06-01
415099,Crystal Lake Rehabilitation and Care Center,999 South Main Street,Pascoag,RI,02859,2024-05-08,Health,F,Nursing and Physician Services Deficiencies,0726,Ensure that nurses and nurse aides have the appropriate competencies to care for every resident in a way that maximizes each resident's well being.,E,"Deficient, Provider has date of correction",2024-05-29,2,Y,N,N,N,N,"999 South Main Street,Pascoag,RI,02859",2026-06-01
415099,Crystal Lake Rehabilitation and Care Center,999 South Main Street,Pascoag,RI,02859,2024-05-08,Health,F,Quality of Life and Care Deficiencies,0740,Ensure each resident must receive and the facility must provide necessary behavioral health care and services.,E,"Deficient, Provider has date of correction",2024-05-29,2,Y,N,N,N,N,"999 South Main Street,Pascoag,RI,02859",2026-06-01
415099,Crystal Lake Rehabilitation and Care Center,999 South Main Street,Pascoag,RI,02859,2024-05-08,Health,F,Pharmacy Service Deficiencies,0759,Ensure medication error rates are not 5 percent or greater.,E,"Deficient, Provider has date of correction",2024-05-29,2,Y,N,N,N,N,"999 South Main Street,Pascoag,RI,02859",2026-06-01
415099,Crystal Lake Rehabilitation and Care Center,999 South Main Street,Pascoag,RI,02859,2024-05-08,Health,F,Pharmacy Service Deficiencies,0760,Ensure that residents are free from significant medication errors.,E,"Deficient, Provider has date of correction",2024-05-29,2,Y,N,N,N,N,"999 South Main Street,Pascoag,RI,02859",2026-06-01
415099,Crystal Lake Rehabilitation and Care Center,999 South Main Street,Pascoag,RI,02859,2024-05-08,Health,F,Pharmacy Service Deficiencies,0761,"Ensure drugs and biologicals used in the facility are labeled in accordance with currently accepted professional principles; and all drugs and biologicals must be stored in locked compartments, separately locked, compartments for controlled drugs.",D,"Deficient, Provider has date of correction",2024-05-29,2,Y,N,N,N,N,"999 South Main Street,Pascoag,RI,02859",2026-06-01
415099,Crystal Lake Rehabilitation and Care Center,999 South Main Street,Pascoag,RI,02859,2024-05-08,Health,F,Nutrition and Dietary Deficiencies,0805,Ensure each resident receives and the facility provides food prepared in a form designed to meet individual needs.,K,"Deficient, Provider has date of correction",2024-05-29,2,Y,N,N,N,N,"999 South Main Street,Pascoag,RI,02859",2026-06-01
415099,Crystal Lake Rehabilitation and Care Center,999 South Main Street,Pascoag,RI,02859,2024-05-08,Health,F,Nutrition and Dietary Deficiencies,0809,"Ensure meals and snacks are served at times in accordance with resident’s needs, preferences, and requests.  Suitable and nourishing alternative meals and snacks must be provided for residents who want to eat at non-traditional times or outside of scheduled meal times.",F,"Deficient, Provider has date of correction",2024-05-29,2,Y,N,N,N,N,"999 South Main Street,Pascoag,RI,02859",2026-06-01
415099,Crystal Lake Rehabilitation and Care Center,999 South Main Street,Pascoag,RI,02859,2024-05-08,Health,F,Nutrition and Dietary Deficiencies,0812,"Procure food from sources approved or considered satisfactory and store, prepare, distribute and serve food in accordance with professional standards.",F,"Deficient, Provider has date of correction",2024-05-29,2,Y,N,N,N,N,"999 South Main Street,Pascoag,RI,02859",2026-06-01
415099,Crystal Lake Rehabilitation and Care Center,999 South Main Street,Pascoag,RI,02859,2024-05-08,Health,F,Administration Deficiencies,0835,Administer the facility in a manner that enables it to use its resources effectively and efficiently.,F,"Deficient, Provider has date of correction",2024-05-29,2,Y,N,N,N,N,"999 South Main Street,Pascoag,RI,02859",2026-06-01
415099,Crystal Lake Rehabilitation and Care Center,999 South Main Street,Pascoag,RI,02859,2024-05-08,Health,F,Resident Assessment and Care Planning Deficiencies,0842,Safeguard resident-identifiable information and/or maintain medical records on each resident that are in accordance with accepted professional standards.,D,"Deficient, Provider has date of correction",2024-05-29,2,Y,N,N,N,N,"999 South Main Street,Pascoag,RI,02859",2026-06-01
415099,Crystal Lake Rehabilitation and Care Center,999 South Main Street,Pascoag,RI,02859,2024-05-08,Health,F,Infection Control Deficiencies,0880,Provide and implement an infection prevention and control program.,F,"Deficient, Provider has date of correction",2024-05-29,2,Y,N,N,N,N,"999 South Main Street,Pascoag,RI,02859",2026-06-01
415099,Crystal Lake Rehabilitation and Care Center,999 South Main Street,Pascoag,RI,02859,2024-05-08,Health,F,Infection Control Deficiencies,0881,Implement a program that monitors antibiotic use.,F,"Deficient, Provider has date of correction",2024-05-29,2,Y,N,N,N,N,"999 South Main Street,Pascoag,RI,02859",2026-06-01
415099,Crystal Lake Rehabilitation and Care Center,999 South Main Street,Pascoag,RI,02859,2024-05-08,Health,F,Nursing and Physician Services Deficiencies,0947,"Ensure nurse aides have the skills they need to care for residents, and give nurse aides education in dementia care and abuse prevention.",F,"Deficient, Provider has date of correction",2024-05-29,2,Y,N,N,N,N,"999 South Main Street,Pascoag,RI,02859",2026-06-01
415099,Crystal Lake Rehabilitation and Care Center,999 South Main Street,Pascoag,RI,02859,2024-04-04,Health,F,Resident Rights Deficiencies,0550,"Honor the resident's right to a dignified existence, self-determination, communication, and to exercise his or her rights.",E,"Deficient, Provider has date of correction",2024-04-19,3,N,Y,N,N,N,"999 South Main Street,Pascoag,RI,02859",2026-06-01
415099,Crystal Lake Rehabilitation and Care Center,999 South Main Street,Pascoag,RI,02859,2024-04-04,Health,F,Quality of Life and Care Deficiencies,0676,Ensure residents do not lose the ability to perform activities of daily living unless there is a medical reason.,E,"Deficient, Provider has date of correction",2024-04-19,3,N,Y,N,N,N,"999 South Main Street,Pascoag,RI,02859",2026-06-01
415099,Crystal Lake Rehabilitation and Care Center,999 South Main Street,Pascoag,RI,02859,2024-04-04,Health,F,Quality of Life and Care Deficiencies,0689,Ensure that a nursing home area is free from accident hazards and provides adequate supervision to prevent accidents.,J,"Deficient, Provider has date of correction",2024-04-19,3,N,Y,N,N,N,"999 South Main Street,Pascoag,RI,02859",2026-06-01
415099,Crystal Lake Rehabilitation and Care Center,999 South Main Street,Pascoag,RI,02859,2024-03-28,Health,F,Quality of Life and Care Deficiencies,0684,"Provide appropriate treatment and care according to orders, resident’s preferences and goals.",D,"Deficient, Provider has date of correction",2024-05-29,3,N,Y,N,N,N,"999 South Main Street,Pascoag,RI,02859",2026-06-01
415099,Crystal Lake Rehabilitation and Care Center,999 South Main Street,Pascoag,RI,02859,2024-03-22,Health,F,Quality of Life and Care Deficiencies,0690,"Provide appropriate care for residents who are continent or incontinent of bowel/bladder, appropriate catheter care,  and appropriate care  to prevent urinary tract infections.",E,"Deficient, Provider has date of correction",2024-04-19,3,N,Y,N,N,N,"999 South Main Street,Pascoag,RI,02859",2026-06-01
415099,Crystal Lake Rehabilitation and Care Center,999 South Main Street,Pascoag,RI,02859,2024-02-29,Health,F,Resident Rights Deficiencies,0550,"Honor the resident's right to a dignified existence, self-determination, communication, and to exercise his or her rights.",D,"Deficient, Provider has date of correction",2024-03-19,3,N,Y,N,N,N,"999 South Main Street,Pascoag,RI,02859",2026-06-01
415099,Crystal Lake Rehabilitation and Care Center,999 South Main Street,Pascoag,RI,02859,2024-02-29,Health,F,Resident Rights Deficiencies,0583,Keep residents' personal and medical records private and confidential.,D,"Deficient, Provider has date of correction",2024-03-19,3,N,Y,N,N,N,"999 South Main Street,Pascoag,RI,02859",2026-06-01
415099,Crystal Lake Rehabilitation and Care Center,999 South Main Street,Pascoag,RI,02859,2024-02-29,Health,F,Resident Assessment and Care Planning Deficiencies,0658,Ensure services provided by the nursing facility meet professional standards of quality.,E,"Deficient, Provider has date of correction",2024-03-19,3,N,Y,N,N,N,"999 South Main Street,Pascoag,RI,02859",2026-06-01
415099,Crystal Lake Rehabilitation and Care Center,999 South Main Street,Pascoag,RI,02859,2024-02-29,Health,F,Administration Deficiencies,0835,Administer the facility in a manner that enables it to use its resources effectively and efficiently.,F,"Deficient, Provider has date of correction",2024-03-19,3,N,Y,N,N,N,"999 South Main Street,Pascoag,RI,02859",2026-06-01
415099,Crystal Lake Rehabilitation and Care Center,999 South Main Street,Pascoag,RI,02859,2024-02-27,Health,F,Resident Rights Deficiencies,0558,Reasonably accommodate the needs and preferences of each resident.,G,"Deficient, Provider has date of correction",2024-03-19,3,N,Y,N,N,N,"999 South Main Street,Pascoag,RI,02859",2026-06-01
415099,Crystal Lake Rehabilitation and Care Center,999 South Main Street,Pascoag,RI,02859,2024-02-27,Health,F,Resident Rights Deficiencies,0573,Let each resident or the resident's legal representative access or purchase copies of all the resident's records.,B,"Deficient, Provider has date of correction",2024-03-19,3,N,Y,N,N,N,"999 South Main Street,Pascoag,RI,02859",2026-06-01
415099,Crystal Lake Rehabilitation and Care Center,999 South Main Street,Pascoag,RI,02859,2024-02-27,Health,F,Resident Rights Deficiencies,0625,Notify the resident or the resident’s representative in writing how long the nursing home will hold the resident’s bed in cases of transfer to a hospital or therapeutic leave.,D,"Deficient, Provider has date of correction",2024-03-19,3,N,Y,N,N,N,"999 South Main Street,Pascoag,RI,02859",2026-06-01
415099,Crystal Lake Rehabilitation and Care Center,999 South Main Street,Pascoag,RI,02859,2024-02-27,Health,F,Quality of Life and Care Deficiencies,0684,"Provide appropriate treatment and care according to orders, resident’s preferences and goals.",D,"Deficient, Provider has date of correction",2024-03-19,3,N,Y,N,N,N,"999 South Main Street,Pascoag,RI,02859",2026-06-01
415099,Crystal Lake Rehabilitation and Care Center,999 South Main Street,Pascoag,RI,02859,2024-01-10,Health,F,Resident Rights Deficiencies,0567,Honor the resident's right to manage his or her financial affairs.,E,"Deficient, Provider has date of correction",2024-01-23,3,N,Y,N,N,N,"999 South Main Street,Pascoag,RI,02859",2026-06-01
415099,Crystal Lake Rehabilitation and Care Center,999 South Main Street,Pascoag,RI,02859,2023-12-07,Health,F,"Freedom from Abuse, Neglect, and Exploitation Deficiencies",0600,"Protect each resident from all types of abuse such as physical, mental, sexual abuse, physical punishment, and neglect by anybody.",J,"Deficient, Provider has date of correction",2024-01-06,3,N,Y,N,N,N,"999 South Main Street,Pascoag,RI,02859",2026-06-01
415099,Crystal Lake Rehabilitation and Care Center,999 South Main Street,Pascoag,RI,02859,2023-12-07,Health,F,Quality of Life and Care Deficiencies,0679,Provide activities to meet all resident's needs.,E,"Deficient, Provider has date of correction",2024-01-06,3,N,Y,N,N,N,"999 South Main Street,Pascoag,RI,02859",2026-06-01
415099,Crystal Lake Rehabilitation and Care Center,999 South Main Street,Pascoag,RI,02859,2023-12-07,Health,F,Quality of Life and Care Deficiencies,0740,Ensure each resident must receive and the facility must provide necessary behavioral health care and services.,J,"Deficient, Provider has date of correction",2024-01-06,3,N,Y,N,N,N,"999 South Main Street,Pascoag,RI,02859",2026-06-01
415099,Crystal Lake Rehabilitation and Care Center,999 South Main Street,Pascoag,RI,02859,2023-12-07,Health,F,Administration Deficiencies,0940,"Develop, implement, and/or maintain an effective training program for all new and existing staff members.",E,"Deficient, Provider has date of correction",2024-01-06,3,N,Y,N,N,N,"999 South Main Street,Pascoag,RI,02859",2026-06-01
415099,Crystal Lake Rehabilitation and Care Center,999 South Main Street,Pascoag,RI,02859,2023-09-12,Health,F,"Freedom from Abuse, Neglect, and Exploitation Deficiencies",0600,"Protect each resident from all types of abuse such as physical, mental, sexual abuse, physical punishment, and neglect by anybody.",E,"Deficient, Provider has date of correction",2023-10-12,3,N,Y,N,N,N,"999 South Main Street,Pascoag,RI,02859",2026-06-01
415099,Crystal Lake Rehabilitation and Care Center,999 South Main Street,Pascoag,RI,02859,2023-08-16,Health,F,Pharmacy Service Deficiencies,0760,Ensure that residents are free from significant medication errors.,E,"Deficient, Provider has date of correction",2023-08-31,3,N,Y,N,N,N,"999 South Main Street,Pascoag,RI,02859",2026-06-01
415099,Crystal Lake Rehabilitation and Care Center,999 South Main Street,Pascoag,RI,02859,2023-07-14,Health,F,Resident Rights Deficiencies,0550,"Honor the resident's right to a dignified existence, self-determination, communication, and to exercise his or her rights.",D,"Deficient, Provider has date of correction",2023-08-13,3,Y,N,N,N,N,"999 South Main Street,Pascoag,RI,02859",2026-06-01
415099,Crystal Lake Rehabilitation and Care Center,999 South Main Street,Pascoag,RI,02859,2023-07-14,Health,F,Resident Assessment and Care Planning Deficiencies,0658,Ensure services provided by the nursing facility meet professional standards of quality.,D,"Deficient, Provider has date of correction",2023-08-13,3,Y,N,N,N,N,"999 South Main Street,Pascoag,RI,02859",2026-06-01
415099,Crystal Lake Rehabilitation and Care Center,999 South Main Street,Pascoag,RI,02859,2023-07-14,Health,F,Quality of Life and Care Deficiencies,0684,"Provide appropriate treatment and care according to orders, resident’s preferences and goals.",D,"Deficient, Provider has date of correction",2023-08-13,3,Y,N,N,N,N,"999 South Main Street,Pascoag,RI,02859",2026-06-01
415099,Crystal Lake Rehabilitation and Care Center,999 South Main Street,Pascoag,RI,02859,2023-07-14,Health,F,Quality of Life and Care Deficiencies,0689,Ensure that a nursing home area is free from accident hazards and provides adequate supervision to prevent accidents.,D,"Deficient, Provider has date of correction",2023-08-13,3,Y,N,N,N,N,"999 South Main Street,Pascoag,RI,02859",2026-06-01
415099,Crystal Lake Rehabilitation and Care Center,999 South Main Street,Pascoag,RI,02859,2023-07-14,Health,F,Pharmacy Service Deficiencies,0760,Ensure that residents are free from significant medication errors.,E,"Deficient, Provider has date of correction",2023-08-13,3,Y,N,N,N,N,"999 South Main Street,Pascoag,RI,02859",2026-06-01
415099,Crystal Lake Rehabilitation and Care Center,999 South Main Street,Pascoag,RI,02859,2023-07-14,Health,F,Pharmacy Service Deficiencies,0761,"Ensure drugs and biologicals used in the facility are labeled in accordance with currently accepted professional principles; and all drugs and biologicals must be stored in locked compartments, separately locked, compartments for controlled drugs.",F,"Deficient, Provider has date of correction",2023-08-13,3,Y,N,N,N,N,"999 South Main Street,Pascoag,RI,02859",2026-06-01
415099,Crystal Lake Rehabilitation and Care Center,999 South Main Street,Pascoag,RI,02859,2023-07-14,Health,F,Infection Control Deficiencies,0880,Provide and implement an infection prevention and control program.,D,"Deficient, Provider has date of correction",2023-08-13,3,Y,N,N,N,N,"999 South Main Street,Pascoag,RI,02859",2026-06-01
415104,Roberts Health Centre Inc,25 Roberts Way,North Kingstown,RI,02852,2026-03-05,Health,F,Environmental Deficiencies,0921,"Make sure that the nursing home area is safe, easy to use, clean and comfortable for residents, staff and the public.",D,"Deficient, Provider has date of correction",2026-03-30,1,N,Y,N,N,N,"25 Roberts Way,North Kingstown,RI,02852",2026-06-01
415104,Roberts Health Centre Inc,25 Roberts Way,North Kingstown,RI,02852,2025-05-01,Health,F,Quality of Life and Care Deficiencies,0695,Provide safe and appropriate respiratory care for a resident when needed.,D,"Deficient, Provider has date of correction",2025-05-31,1,Y,Y,N,N,N,"25 Roberts Way,North Kingstown,RI,02852",2026-06-01
415104,Roberts Health Centre Inc,25 Roberts Way,North Kingstown,RI,02852,2025-05-01,Health,F,Nutrition and Dietary Deficiencies,0805,Ensure each resident receives and the facility provides food prepared in a form designed to meet individual needs.,D,"Deficient, Provider has date of correction",2025-05-31,1,Y,Y,N,N,N,"25 Roberts Way,North Kingstown,RI,02852",2026-06-01
415104,Roberts Health Centre Inc,25 Roberts Way,North Kingstown,RI,02852,2025-05-01,Health,F,Nutrition and Dietary Deficiencies,0812,"Procure food from sources approved or considered satisfactory and store, prepare, distribute and serve food in accordance with professional standards.",F,"Deficient, Provider has date of correction",2025-05-31,1,Y,Y,N,N,N,"25 Roberts Way,North Kingstown,RI,02852",2026-06-01
415104,Roberts Health Centre Inc,25 Roberts Way,North Kingstown,RI,02852,2025-05-01,Health,F,Administration Deficiencies,0849,Arrange for the provision of hospice services or assist the resident in transferring to a facility that will arrange for the provision of hospice services.,D,"Deficient, Provider has date of correction",2025-05-31,1,Y,Y,N,N,N,"25 Roberts Way,North Kingstown,RI,02852",2026-06-01
415106,St Antoine Residence,10 Rhodes Avenue,North Smithfield,RI,02896,2025-09-16,Health,F,Quality of Life and Care Deficiencies,0684,"Provide appropriate treatment and care according to orders, resident’s preferences and goals.",G,"Deficient, Provider has date of correction",2025-10-06,1,N,Y,N,N,N,"10 Rhodes Avenue,North Smithfield,RI,02896",2026-06-01
415106,St Antoine Residence,10 Rhodes Avenue,North Smithfield,RI,02896,2025-07-01,Health,F,Administration Deficiencies,0838,Conduct and document a facility-wide assessment to determine what resources are necessary to care for residents competently during both day-to-day operations (including nights and weekends) and emergencies.,D,"Deficient, Provider has date of correction",2025-07-18,1,N,Y,N,N,N,"10 Rhodes Avenue,North Smithfield,RI,02896",2026-06-01
415106,St Antoine Residence,10 Rhodes Avenue,North Smithfield,RI,02896,2025-07-01,Health,F,Infection Control Deficiencies,0880,Provide and implement an infection prevention and control program.,D,"Deficient, Provider has date of correction",2025-07-18,1,N,Y,N,N,N,"10 Rhodes Avenue,North Smithfield,RI,02896",2026-06-01
415106,St Antoine Residence,10 Rhodes Avenue,North Smithfield,RI,02896,2026-01-30,Health,F,Quality of Life and Care Deficiencies,0689,Ensure that a nursing home area is free from accident hazards and provides adequate supervision to prevent accidents.,D,"Deficient, Provider has date of correction",2026-02-20,1,Y,N,N,N,N,"10 Rhodes Avenue,North Smithfield,RI,02896",2026-06-01
415106,St Antoine Residence,10 Rhodes Avenue,North Smithfield,RI,02896,2026-01-30,Health,F,Quality of Life and Care Deficiencies,0695,Provide safe and appropriate respiratory care for a resident when needed.,D,"Deficient, Provider has date of correction",2026-02-20,1,Y,N,N,N,N,"10 Rhodes Avenue,North Smithfield,RI,02896",2026-06-01
415106,St Antoine Residence,10 Rhodes Avenue,North Smithfield,RI,02896,2026-01-30,Health,F,Infection Control Deficiencies,0881,Implement a program that monitors antibiotic use.,E,"Deficient, Provider has date of correction",2026-02-20,1,Y,N,N,N,N,"10 Rhodes Avenue,North Smithfield,RI,02896",2026-06-01
415106,St Antoine Residence,10 Rhodes Avenue,North Smithfield,RI,02896,2025-04-08,Health,F,"Freedom from Abuse, Neglect, and Exploitation Deficiencies",0600,"Protect each resident from all types of abuse such as physical, mental, sexual abuse, physical punishment, and neglect by anybody.",G,"Deficient, Provider has date of correction",2025-04-18,2,N,Y,N,N,N,"10 Rhodes Avenue,North Smithfield,RI,02896",2026-06-01
415106,St Antoine Residence,10 Rhodes Avenue,North Smithfield,RI,02896,2025-03-24,Health,F,Pharmacy Service Deficiencies,0756,"Ensure a licensed pharmacist perform a monthly drug regimen review, including the medical chart, following irregularity reporting guidelines in developed policies and procedures.",J,"Deficient, Provider has date of correction",2025-04-04,2,N,Y,N,N,N,"10 Rhodes Avenue,North Smithfield,RI,02896",2026-06-01
415106,St Antoine Residence,10 Rhodes Avenue,North Smithfield,RI,02896,2025-03-24,Health,F,Pharmacy Service Deficiencies,0760,Ensure that residents are free from significant medication errors.,J,"Deficient, Provider has date of correction",2025-04-04,2,N,Y,N,N,N,"10 Rhodes Avenue,North Smithfield,RI,02896",2026-06-01
415106,St Antoine Residence,10 Rhodes Avenue,North Smithfield,RI,02896,2024-10-24,Health,F,Quality of Life and Care Deficiencies,0686,Provide appropriate pressure ulcer care and prevent new ulcers from developing.,E,"Deficient, Provider has date of correction",2024-11-20,2,Y,N,N,N,N,"10 Rhodes Avenue,North Smithfield,RI,02896",2026-06-01
415106,St Antoine Residence,10 Rhodes Avenue,North Smithfield,RI,02896,2024-10-24,Health,F,Nursing and Physician Services Deficiencies,0710,Obtain a doctor's order to admit a resident and ensure the resident is under a doctor's care.,D,"Deficient, Provider has date of correction",2024-11-20,2,Y,N,N,N,N,"10 Rhodes Avenue,North Smithfield,RI,02896",2026-06-01
415106,St Antoine Residence,10 Rhodes Avenue,North Smithfield,RI,02896,2024-10-24,Health,F,Nutrition and Dietary Deficiencies,0812,"Procure food from sources approved or considered satisfactory and store, prepare, distribute and serve food in accordance with professional standards.",F,"Deficient, Provider has date of correction",2024-11-20,2,Y,N,N,N,N,"10 Rhodes Avenue,North Smithfield,RI,02896",2026-06-01
415106,St Antoine Residence,10 Rhodes Avenue,North Smithfield,RI,02896,2024-10-24,Health,F,Infection Control Deficiencies,0880,Provide and implement an infection prevention and control program.,E,"Deficient, Provider has date of correction",2024-11-20,2,Y,N,N,N,N,"10 Rhodes Avenue,North Smithfield,RI,02896",2026-06-01
415106,St Antoine Residence,10 Rhodes Avenue,North Smithfield,RI,02896,2024-01-12,Health,F,"Freedom from Abuse, Neglect, and Exploitation Deficiencies",0610,Respond appropriately to all alleged violations.,D,"Deficient, Provider has date of correction",2024-02-06,3,Y,N,N,N,N,"10 Rhodes Avenue,North Smithfield,RI,02896",2026-06-01
415106,St Antoine Residence,10 Rhodes Avenue,North Smithfield,RI,02896,2024-01-12,Health,F,Quality of Life and Care Deficiencies,0689,Ensure that a nursing home area is free from accident hazards and provides adequate supervision to prevent accidents.,G,"Deficient, Provider has date of correction",2024-02-06,3,Y,N,N,N,N,"10 Rhodes Avenue,North Smithfield,RI,02896",2026-06-01
415106,St Antoine Residence,10 Rhodes Avenue,North Smithfield,RI,02896,2024-01-12,Health,F,Quality of Life and Care Deficiencies,0691,"Provide appropriate colostomy, urostomy, or ileostomy care/services for a resident who requires such services.",D,Past Non-Compliance,2024-01-03,3,Y,N,N,N,N,"10 Rhodes Avenue,North Smithfield,RI,02896",2026-06-01
415106,St Antoine Residence,10 Rhodes Avenue,North Smithfield,RI,02896,2024-01-12,Health,F,Quality of Life and Care Deficiencies,0692,Provide enough food/fluids to maintain a resident's health.,D,"Deficient, Provider has date of correction",2024-02-06,3,Y,N,N,N,N,"10 Rhodes Avenue,North Smithfield,RI,02896",2026-06-01
415106,St Antoine Residence,10 Rhodes Avenue,North Smithfield,RI,02896,2024-01-12,Health,F,Nursing and Physician Services Deficiencies,0726,Ensure that nurses and nurse aides have the appropriate competencies to care for every resident in a way that maximizes each resident's well being.,F,"Deficient, Provider has date of correction",2024-02-06,3,Y,N,N,N,N,"10 Rhodes Avenue,North Smithfield,RI,02896",2026-06-01
415106,St Antoine Residence,10 Rhodes Avenue,North Smithfield,RI,02896,2024-01-12,Health,F,Quality of Life and Care Deficiencies,0791,Provide or obtain dental services for each resident.,E,"Deficient, Provider has date of correction",2024-02-06,3,Y,N,N,N,N,"10 Rhodes Avenue,North Smithfield,RI,02896",2026-06-01
415106,St Antoine Residence,10 Rhodes Avenue,North Smithfield,RI,02896,2024-01-12,Health,F,Nutrition and Dietary Deficiencies,0812,"Procure food from sources approved or considered satisfactory and store, prepare, distribute and serve food in accordance with professional standards.",F,"Deficient, Provider has date of correction",2024-02-06,3,Y,N,N,N,N,"10 Rhodes Avenue,North Smithfield,RI,02896",2026-06-01
415106,St Antoine Residence,10 Rhodes Avenue,North Smithfield,RI,02896,2024-01-12,Health,F,Infection Control Deficiencies,0880,Provide and implement an infection prevention and control program.,E,"Deficient, Provider has date of correction",2024-02-06,3,Y,N,N,N,N,"10 Rhodes Avenue,North Smithfield,RI,02896",2026-06-01
415106,St Antoine Residence,10 Rhodes Avenue,North Smithfield,RI,02896,2024-01-12,Health,F,Environmental Deficiencies,0908,Keep all essential equipment working safely.,E,"Deficient, Provider has date of correction",2024-02-06,3,Y,N,N,N,N,"10 Rhodes Avenue,North Smithfield,RI,02896",2026-06-01
415107,KINGSTON CENTER FOR REHABILITATION AND HEALTH CARE,415 GARDNER ROAD,WEST KINGSTON,RI,02892,2024-02-07,Health,F,Pharmacy Service Deficiencies,0760,Ensure that residents are free from significant medication errors.,E,"Deficient, Provider has date of correction",2024-03-07,2,Y,N,N,N,N,"415 GARDNER ROAD,WEST KINGSTON,RI,02892",2026-06-01
415107,KINGSTON CENTER FOR REHABILITATION AND HEALTH CARE,415 GARDNER ROAD,WEST KINGSTON,RI,02892,2024-02-07,Health,F,Pharmacy Service Deficiencies,0761,"Ensure drugs and biologicals used in the facility are labeled in accordance with currently accepted professional principles; and all drugs and biologicals must be stored in locked compartments, separately locked, compartments for controlled drugs.",D,"Deficient, Provider has date of correction",2024-03-07,2,Y,Y,N,N,N,"415 GARDNER ROAD,WEST KINGSTON,RI,02892",2026-06-01
415107,KINGSTON CENTER FOR REHABILITATION AND HEALTH CARE,415 GARDNER ROAD,WEST KINGSTON,RI,02892,2024-02-07,Health,F,Infection Control Deficiencies,0880,Provide and implement an infection prevention and control program.,D,"Deficient, Provider has date of correction",2024-03-07,2,Y,Y,N,N,N,"415 GARDNER ROAD,WEST KINGSTON,RI,02892",2026-06-01
415107,KINGSTON CENTER FOR REHABILITATION AND HEALTH CARE,415 GARDNER ROAD,WEST KINGSTON,RI,02892,2024-02-07,Health,F,Infection Control Deficiencies,0883,Develop and implement policies and procedures for flu and pneumonia vaccinations.,E,"Deficient, Provider has date of correction",2024-03-07,2,Y,Y,N,N,N,"415 GARDNER ROAD,WEST KINGSTON,RI,02892",2026-06-01
415107,KINGSTON CENTER FOR REHABILITATION AND HEALTH CARE,415 GARDNER ROAD,WEST KINGSTON,RI,02892,2024-02-07,Health,F,Environmental Deficiencies,0908,Keep all essential equipment working safely.,F,"Deficient, Provider has date of correction",2024-03-07,2,Y,Y,N,N,N,"415 GARDNER ROAD,WEST KINGSTON,RI,02892",2026-06-01
415107,KINGSTON CENTER FOR REHABILITATION AND HEALTH CARE,415 GARDNER ROAD,WEST KINGSTON,RI,02892,2023-11-14,Health,F,"Freedom from Abuse, Neglect, and Exploitation Deficiencies",0600,"Protect each resident from all types of abuse such as physical, mental, sexual abuse, physical punishment, and neglect by anybody.",D,"Deficient, Provider has date of correction",2023-12-12,3,N,Y,N,N,N,"415 GARDNER ROAD,WEST KINGSTON,RI,02892",2026-06-01
415107,KINGSTON CENTER FOR REHABILITATION AND HEALTH CARE,415 GARDNER ROAD,WEST KINGSTON,RI,02892,2023-08-11,Health,F,Quality of Life and Care Deficiencies,0689,Ensure that a nursing home area is free from accident hazards and provides adequate supervision to prevent accidents.,D,"Deficient, Provider has date of correction",2023-09-10,3,N,Y,N,N,N,"415 GARDNER ROAD,WEST KINGSTON,RI,02892",2026-06-01
415107,KINGSTON CENTER FOR REHABILITATION AND HEALTH CARE,415 GARDNER ROAD,WEST KINGSTON,RI,02892,2022-12-15,Health,F,Pharmacy Service Deficiencies,0761,"Ensure drugs and biologicals used in the facility are labeled in accordance with currently accepted professional principles; and all drugs and biologicals must be stored in locked compartments, separately locked, compartments for controlled drugs.",E,"Deficient, Provider has date of correction",2023-01-13,3,Y,N,N,N,N,"415 GARDNER ROAD,WEST KINGSTON,RI,02892",2026-06-01
415107,KINGSTON CENTER FOR REHABILITATION AND HEALTH CARE,415 GARDNER ROAD,WEST KINGSTON,RI,02892,2022-12-15,Health,F,Environmental Deficiencies,0921,"Make sure that the nursing home area is safe, easy to use, clean and comfortable for residents, staff and the public.",F,"Deficient, Provider has date of correction",2023-01-13,3,Y,N,N,N,N,"415 GARDNER ROAD,WEST KINGSTON,RI,02892",2026-06-01
415108,Harris Health Care Center North,60 Eben Brown Lane,Central Falls,RI,02863,2026-03-06,Health,F,"Freedom from Abuse, Neglect, and Exploitation Deficiencies",0603,"Protect each resident from separation (from other residents, his/her room, or confinement to his/her room).",D,"Deficient, Provider has date of correction",2026-04-05,1,N,Y,N,N,N,"60 Eben Brown Lane,Central Falls,RI,02863",2026-06-01
415108,Harris Health Care Center North,60 Eben Brown Lane,Central Falls,RI,02863,2025-12-05,Health,F,Resident Rights Deficiencies,0583,Keep residents' personal and medical records private and confidential.,E,"Deficient, Provider has date of correction",2026-01-11,1,Y,N,N,N,N,"60 Eben Brown Lane,Central Falls,RI,02863",2026-06-01
415108,Harris Health Care Center North,60 Eben Brown Lane,Central Falls,RI,02863,2025-12-05,Health,F,Resident Rights Deficiencies,0585,Honor the resident's right to voice grievances without discrimination or reprisal and the facility must establish a grievance policy and make prompt efforts to resolve grievances.,F,"Deficient, Provider has date of correction",2026-01-11,1,Y,N,N,N,N,"60 Eben Brown Lane,Central Falls,RI,02863",2026-06-01
415108,Harris Health Care Center North,60 Eben Brown Lane,Central Falls,RI,02863,2025-12-05,Health,F,"Freedom from Abuse, Neglect, and Exploitation Deficiencies",0605,Prevent the use of unnecessary psychotropic medications or use medications that may restrain a resident's ability to function.,E,"Deficient, Provider has date of correction",2026-01-11,1,Y,N,N,N,N,"60 Eben Brown Lane,Central Falls,RI,02863",2026-06-01
415108,Harris Health Care Center North,60 Eben Brown Lane,Central Falls,RI,02863,2025-12-05,Health,F,Resident Assessment and Care Planning Deficiencies,0658,Ensure services provided by the nursing facility meet professional standards of quality.,D,"Deficient, Provider has date of correction",2026-01-11,1,Y,N,N,N,N,"60 Eben Brown Lane,Central Falls,RI,02863",2026-06-01
415108,Harris Health Care Center North,60 Eben Brown Lane,Central Falls,RI,02863,2025-12-05,Health,F,Quality of Life and Care Deficiencies,0684,"Provide appropriate treatment and care according to orders, resident’s preferences and goals.",D,"Deficient, Provider has date of correction",2026-01-11,1,Y,N,N,N,N,"60 Eben Brown Lane,Central Falls,RI,02863",2026-06-01
415108,Harris Health Care Center North,60 Eben Brown Lane,Central Falls,RI,02863,2025-12-05,Health,F,Quality of Life and Care Deficiencies,0690,"Provide appropriate care for residents who are continent or incontinent of bowel/bladder, appropriate catheter care,  and appropriate care  to prevent urinary tract infections.",E,"Deficient, Provider has date of correction",2026-01-11,1,Y,N,N,N,N,"60 Eben Brown Lane,Central Falls,RI,02863",2026-06-01
415108,Harris Health Care Center North,60 Eben Brown Lane,Central Falls,RI,02863,2025-12-05,Health,F,Quality of Life and Care Deficiencies,0695,Provide safe and appropriate respiratory care for a resident when needed.,D,"Deficient, Provider has date of correction",2026-01-11,1,Y,N,N,N,N,"60 Eben Brown Lane,Central Falls,RI,02863",2026-06-01
415108,Harris Health Care Center North,60 Eben Brown Lane,Central Falls,RI,02863,2025-12-05,Health,F,Quality of Life and Care Deficiencies,0699,Provide care or services that was trauma informed and/or culturally competent.,E,"Deficient, Provider has date of correction",2026-01-11,1,Y,N,N,N,N,"60 Eben Brown Lane,Central Falls,RI,02863",2026-06-01
415108,Harris Health Care Center North,60 Eben Brown Lane,Central Falls,RI,02863,2025-12-05,Health,F,Nursing and Physician Services Deficiencies,0710,Obtain a doctor's order to admit a resident and ensure the resident is under a doctor's care.,E,"Deficient, Provider has date of correction",2026-02-10,1,Y,N,N,N,N,"60 Eben Brown Lane,Central Falls,RI,02863",2026-06-01
415108,Harris Health Care Center North,60 Eben Brown Lane,Central Falls,RI,02863,2025-12-05,Health,F,Pharmacy Service Deficiencies,0757,Ensure each resident’s drug regimen must be free from unnecessary drugs.,E,"Deficient, Provider has date of correction",2026-01-11,1,Y,N,N,N,N,"60 Eben Brown Lane,Central Falls,RI,02863",2026-06-01
415108,Harris Health Care Center North,60 Eben Brown Lane,Central Falls,RI,02863,2025-12-05,Health,F,Pharmacy Service Deficiencies,0759,Ensure medication error rates are not 5 percent or greater.,E,"Deficient, Provider has date of correction",2026-01-11,1,Y,N,N,N,N,"60 Eben Brown Lane,Central Falls,RI,02863",2026-06-01
415108,Harris Health Care Center North,60 Eben Brown Lane,Central Falls,RI,02863,2025-12-05,Health,F,Pharmacy Service Deficiencies,0760,Ensure that residents are free from significant medication errors.,E,"Deficient, Provider has date of correction",2026-01-11,1,Y,N,N,N,N,"60 Eben Brown Lane,Central Falls,RI,02863",2026-06-01
415108,Harris Health Care Center North,60 Eben Brown Lane,Central Falls,RI,02863,2025-12-05,Health,F,Pharmacy Service Deficiencies,0761,"Ensure drugs and biologicals used in the facility are labeled in accordance with currently accepted professional principles; and all drugs and biologicals must be stored in locked compartments, separately locked, compartments for controlled drugs.",D,"Deficient, Provider has date of correction",2026-02-10,1,Y,N,N,N,N,"60 Eben Brown Lane,Central Falls,RI,02863",2026-06-01
415108,Harris Health Care Center North,60 Eben Brown Lane,Central Falls,RI,02863,2025-12-05,Health,F,Nutrition and Dietary Deficiencies,0802,Provide sufficient support personnel to safely and effectively carry out the functions of the food and nutrition service.,E,"Deficient, Provider has date of correction",2026-01-11,1,Y,N,N,N,N,"60 Eben Brown Lane,Central Falls,RI,02863",2026-06-01
415108,Harris Health Care Center North,60 Eben Brown Lane,Central Falls,RI,02863,2025-12-05,Health,F,Nutrition and Dietary Deficiencies,0812,"Procure food from sources approved or considered satisfactory and store, prepare, distribute and serve food in accordance with professional standards.",F,"Deficient, Provider has date of correction",2026-01-11,1,Y,N,N,N,N,"60 Eben Brown Lane,Central Falls,RI,02863",2026-06-01
415108,Harris Health Care Center North,60 Eben Brown Lane,Central Falls,RI,02863,2025-12-05,Health,F,Resident Assessment and Care Planning Deficiencies,0842,Safeguard resident-identifiable information and/or maintain medical records on each resident that are in accordance with accepted professional standards.,D,"Deficient, Provider has date of correction",2026-02-10,1,Y,N,N,N,N,"60 Eben Brown Lane,Central Falls,RI,02863",2026-06-01
415108,Harris Health Care Center North,60 Eben Brown Lane,Central Falls,RI,02863,2025-12-05,Health,F,Administration Deficiencies,0865,Have a  plan that describes the process for conducting QAPI and QAA activities.,F,"Deficient, Provider has date of correction",2026-01-11,1,Y,N,N,N,N,"60 Eben Brown Lane,Central Falls,RI,02863",2026-06-01
415108,Harris Health Care Center North,60 Eben Brown Lane,Central Falls,RI,02863,2025-12-05,Health,F,Infection Control Deficiencies,0880,Provide and implement an infection prevention and control program.,F,"Deficient, Provider has date of correction",2026-01-11,1,Y,N,N,N,N,"60 Eben Brown Lane,Central Falls,RI,02863",2026-06-01
415108,Harris Health Care Center North,60 Eben Brown Lane,Central Falls,RI,02863,2025-12-05,Health,F,Infection Control Deficiencies,0883,Develop and implement policies and procedures for flu and pneumonia vaccinations.,D,"Deficient, Provider has date of correction",2026-01-11,1,Y,N,N,N,N,"60 Eben Brown Lane,Central Falls,RI,02863",2026-06-01
415108,Harris Health Care Center North,60 Eben Brown Lane,Central Falls,RI,02863,2024-10-11,Health,F,Resident Assessment and Care Planning Deficiencies,0658,Ensure services provided by the nursing facility meet professional standards of quality.,D,"Deficient, Provider has date of correction",2024-11-27,2,Y,N,N,N,N,"60 Eben Brown Lane,Central Falls,RI,02863",2026-06-01
415108,Harris Health Care Center North,60 Eben Brown Lane,Central Falls,RI,02863,2024-10-11,Health,F,Quality of Life and Care Deficiencies,0699,Provide care or services that was trauma informed and/or culturally competent.,E,"Deficient, Provider has date of correction",2024-11-27,2,Y,N,N,N,N,"60 Eben Brown Lane,Central Falls,RI,02863",2026-06-01
415108,Harris Health Care Center North,60 Eben Brown Lane,Central Falls,RI,02863,2024-10-11,Health,F,Resident Assessment and Care Planning Deficiencies,0842,Safeguard resident-identifiable information and/or maintain medical records on each resident that are in accordance with accepted professional standards.,E,"Deficient, Provider has date of correction",2024-11-27,2,Y,N,N,N,N,"60 Eben Brown Lane,Central Falls,RI,02863",2026-06-01
415108,Harris Health Care Center North,60 Eben Brown Lane,Central Falls,RI,02863,2024-10-11,Health,F,Environmental Deficiencies,0926,Have policies on smoking.,D,"Deficient, Provider has date of correction",2024-11-27,2,Y,N,N,N,N,"60 Eben Brown Lane,Central Falls,RI,02863",2026-06-01
415108,Harris Health Care Center North,60 Eben Brown Lane,Central Falls,RI,02863,2024-10-11,Health,F,Resident Assessment and Care Planning Deficiencies,0656,"Develop and implement a complete care plan that meets all the resident's needs, with timetables and actions that can be measured.",E,"Deficient, Provider has date of correction",2024-11-27,2,Y,Y,N,N,N,"60 Eben Brown Lane,Central Falls,RI,02863",2026-06-01
415108,Harris Health Care Center North,60 Eben Brown Lane,Central Falls,RI,02863,2024-10-11,Health,F,Quality of Life and Care Deficiencies,0686,Provide appropriate pressure ulcer care and prevent new ulcers from developing.,G,"Deficient, Provider has date of correction",2024-11-27,2,Y,Y,N,N,N,"60 Eben Brown Lane,Central Falls,RI,02863",2026-06-01
415108,Harris Health Care Center North,60 Eben Brown Lane,Central Falls,RI,02863,2024-10-11,Health,F,Pharmacy Service Deficiencies,0760,Ensure that residents are free from significant medication errors.,E,"Deficient, Provider has date of correction",2024-11-27,2,Y,Y,N,N,N,"60 Eben Brown Lane,Central Falls,RI,02863",2026-06-01
415108,Harris Health Care Center North,60 Eben Brown Lane,Central Falls,RI,02863,2024-10-11,Health,F,Pharmacy Service Deficiencies,0761,"Ensure drugs and biologicals used in the facility are labeled in accordance with currently accepted professional principles; and all drugs and biologicals must be stored in locked compartments, separately locked, compartments for controlled drugs.",D,"Deficient, Provider has date of correction",2024-11-27,2,Y,Y,N,N,N,"60 Eben Brown Lane,Central Falls,RI,02863",2026-06-01
415108,Harris Health Care Center North,60 Eben Brown Lane,Central Falls,RI,02863,2024-01-25,Health,F,Resident Assessment and Care Planning Deficiencies,0638,Assure that each resident’s assessment is updated at least once every 3 months.,C,"Deficient, Provider has date of correction",2024-03-01,3,N,Y,N,N,N,"60 Eben Brown Lane,Central Falls,RI,02863",2026-06-01
415108,Harris Health Care Center North,60 Eben Brown Lane,Central Falls,RI,02863,2023-10-18,Health,F,Resident Assessment and Care Planning Deficiencies,0636,"Assess the resident completely in a timely manner  when first admitted, and then periodically, at least every 12 months.",E,"Deficient, Provider has date of correction",2023-11-17,3,N,Y,N,N,N,"60 Eben Brown Lane,Central Falls,RI,02863",2026-06-01
415108,Harris Health Care Center North,60 Eben Brown Lane,Central Falls,RI,02863,2023-11-17,Health,F,Resident Assessment and Care Planning Deficiencies,0655,Create and put into place a plan for meeting the resident's most immediate needs within 48 hours of being admitted,D,"Deficient, Provider has date of correction",2023-12-17,3,Y,N,N,N,N,"60 Eben Brown Lane,Central Falls,RI,02863",2026-06-01
415108,Harris Health Care Center North,60 Eben Brown Lane,Central Falls,RI,02863,2023-11-17,Health,F,Quality of Life and Care Deficiencies,0684,"Provide appropriate treatment and care according to orders, resident’s preferences and goals.",D,"Deficient, Provider has date of correction",2023-12-17,3,Y,N,N,N,N,"60 Eben Brown Lane,Central Falls,RI,02863",2026-06-01
415108,Harris Health Care Center North,60 Eben Brown Lane,Central Falls,RI,02863,2023-11-17,Health,F,Quality of Life and Care Deficiencies,0699,Provide care or services that was trauma informed and/or culturally competent.,E,"Deficient, Provider has date of correction",2023-12-17,3,Y,N,N,N,N,"60 Eben Brown Lane,Central Falls,RI,02863",2026-06-01
415108,Harris Health Care Center North,60 Eben Brown Lane,Central Falls,RI,02863,2023-11-17,Health,F,Pharmacy Service Deficiencies,0756,"Ensure a licensed pharmacist perform a monthly drug regimen review, including the medical chart, following irregularity reporting guidelines in developed policies and procedures.",D,"Deficient, Provider has date of correction",2023-12-17,3,Y,N,N,N,N,"60 Eben Brown Lane,Central Falls,RI,02863",2026-06-01
415108,Harris Health Care Center North,60 Eben Brown Lane,Central Falls,RI,02863,2023-11-17,Health,F,Pharmacy Service Deficiencies,0759,Ensure medication error rates are not 5 percent or greater.,D,"Deficient, Provider has date of correction",2023-12-17,3,Y,N,N,N,N,"60 Eben Brown Lane,Central Falls,RI,02863",2026-06-01
415108,Harris Health Care Center North,60 Eben Brown Lane,Central Falls,RI,02863,2023-11-17,Health,F,Resident Assessment and Care Planning Deficiencies,0842,Safeguard resident-identifiable information and/or maintain medical records on each resident that are in accordance with accepted professional standards.,D,"Deficient, Provider has date of correction",2023-12-17,3,Y,N,N,N,N,"60 Eben Brown Lane,Central Falls,RI,02863",2026-06-01
415108,Harris Health Care Center North,60 Eben Brown Lane,Central Falls,RI,02863,2023-11-17,Health,F,Infection Control Deficiencies,0880,Provide and implement an infection prevention and control program.,D,"Deficient, Provider has date of correction",2023-12-17,3,Y,N,N,N,N,"60 Eben Brown Lane,Central Falls,RI,02863",2026-06-01
415110,AdviniaCare Oakland Grove LLC,560 Cumberland Hill Road,Woonsocket,RI,02895,2025-12-10,Health,F,Quality of Life and Care Deficiencies,0684,"Provide appropriate treatment and care according to orders, resident’s preferences and goals.",G,"Deficient, Provider has date of correction",2025-12-30,1,N,Y,N,N,N,"560 Cumberland Hill Road,Woonsocket,RI,02895",2026-06-01
415110,AdviniaCare Oakland Grove LLC,560 Cumberland Hill Road,Woonsocket,RI,02895,2025-12-02,Health,F,Resident Assessment and Care Planning Deficiencies,0658,Ensure services provided by the nursing facility meet professional standards of quality.,D,"Deficient, Provider has date of correction",2025-12-22,1,N,Y,N,N,N,"560 Cumberland Hill Road,Woonsocket,RI,02895",2026-06-01
415110,AdviniaCare Oakland Grove LLC,560 Cumberland Hill Road,Woonsocket,RI,02895,2025-12-02,Health,F,Environmental Deficiencies,0908,Keep all essential equipment working safely.,F,"Deficient, Provider has date of correction",2025-12-22,1,N,Y,N,N,N,"560 Cumberland Hill Road,Woonsocket,RI,02895",2026-06-01
415110,AdviniaCare Oakland Grove LLC,560 Cumberland Hill Road,Woonsocket,RI,02895,2025-08-06,Health,F,"Freedom from Abuse, Neglect, and Exploitation Deficiencies",0600,"Protect each resident from all types of abuse such as physical, mental, sexual abuse, physical punishment, and neglect by anybody.",G,"Deficient, Provider has date of correction",2025-08-26,1,N,Y,N,N,N,"560 Cumberland Hill Road,Woonsocket,RI,02895",2026-06-01
415110,AdviniaCare Oakland Grove LLC,560 Cumberland Hill Road,Woonsocket,RI,02895,2025-08-06,Health,F,Resident Assessment and Care Planning Deficiencies,0658,Ensure services provided by the nursing facility meet professional standards of quality.,D,"Deficient, Provider has date of correction",2025-08-26,1,N,Y,N,N,N,"560 Cumberland Hill Road,Woonsocket,RI,02895",2026-06-01
415110,AdviniaCare Oakland Grove LLC,560 Cumberland Hill Road,Woonsocket,RI,02895,2025-06-06,Health,F,Resident Rights Deficiencies,0578,"Honor the resident's right to request, refuse, and/or discontinue treatment, to participate in or refuse to participate in experimental research, and to formulate an advance directive.",D,"Deficient, Provider has date of correction",2025-06-16,1,N,Y,N,N,N,"560 Cumberland Hill Road,Woonsocket,RI,02895",2026-06-01
415110,AdviniaCare Oakland Grove LLC,560 Cumberland Hill Road,Woonsocket,RI,02895,2025-11-25,Health,F,Resident Rights Deficiencies,0557,Honor the resident's right to be treated with respect and dignity and to retain and use personal possessions.,D,"Deficient, Provider has date of correction",2025-12-16,1,Y,N,N,N,N,"560 Cumberland Hill Road,Woonsocket,RI,02895",2026-06-01
415110,AdviniaCare Oakland Grove LLC,560 Cumberland Hill Road,Woonsocket,RI,02895,2025-11-25,Health,F,Resident Assessment and Care Planning Deficiencies,0656,"Develop and implement a complete care plan that meets all the resident's needs, with timetables and actions that can be measured.",D,"Deficient, Provider has date of correction",2025-12-16,1,Y,N,N,N,N,"560 Cumberland Hill Road,Woonsocket,RI,02895",2026-06-01
415110,AdviniaCare Oakland Grove LLC,560 Cumberland Hill Road,Woonsocket,RI,02895,2025-11-25,Health,F,Quality of Life and Care Deficiencies,0684,"Provide appropriate treatment and care according to orders, resident’s preferences and goals.",E,"Deficient, Provider has date of correction",2025-12-16,1,Y,N,N,N,N,"560 Cumberland Hill Road,Woonsocket,RI,02895",2026-06-01
415110,AdviniaCare Oakland Grove LLC,560 Cumberland Hill Road,Woonsocket,RI,02895,2025-11-25,Health,F,Quality of Life and Care Deficiencies,0686,Provide appropriate pressure ulcer care and prevent new ulcers from developing.,D,"Deficient, Provider has date of correction",2025-12-16,1,Y,N,N,N,N,"560 Cumberland Hill Road,Woonsocket,RI,02895",2026-06-01
415110,AdviniaCare Oakland Grove LLC,560 Cumberland Hill Road,Woonsocket,RI,02895,2025-11-25,Health,F,Pharmacy Service Deficiencies,0760,Ensure that residents are free from significant medication errors.,E,"Deficient, Provider has date of correction",2025-12-16,1,Y,N,N,N,N,"560 Cumberland Hill Road,Woonsocket,RI,02895",2026-06-01
415110,AdviniaCare Oakland Grove LLC,560 Cumberland Hill Road,Woonsocket,RI,02895,2025-11-25,Health,F,Pharmacy Service Deficiencies,0761,"Ensure drugs and biologicals used in the facility are labeled in accordance with currently accepted professional principles; and all drugs and biologicals must be stored in locked compartments, separately locked, compartments for controlled drugs.",D,"Deficient, Provider has date of correction",2025-12-16,1,Y,N,N,N,N,"560 Cumberland Hill Road,Woonsocket,RI,02895",2026-06-01
415110,AdviniaCare Oakland Grove LLC,560 Cumberland Hill Road,Woonsocket,RI,02895,2024-12-05,Health,F,Resident Assessment and Care Planning Deficiencies,0658,Ensure services provided by the nursing facility meet professional standards of quality.,E,"Deficient, Provider has date of correction",2024-12-23,2,N,Y,N,N,N,"560 Cumberland Hill Road,Woonsocket,RI,02895",2026-06-01
415110,AdviniaCare Oakland Grove LLC,560 Cumberland Hill Road,Woonsocket,RI,02895,2024-12-05,Health,F,Resident Assessment and Care Planning Deficiencies,0842,Safeguard resident-identifiable information and/or maintain medical records on each resident that are in accordance with accepted professional standards.,D,"Deficient, Provider has date of correction",2024-12-23,2,N,Y,N,N,N,"560 Cumberland Hill Road,Woonsocket,RI,02895",2026-06-01
415110,AdviniaCare Oakland Grove LLC,560 Cumberland Hill Road,Woonsocket,RI,02895,2024-12-05,Health,F,Infection Control Deficiencies,0880,Provide and implement an infection prevention and control program.,E,"Deficient, Provider has date of correction",2024-12-23,2,N,Y,N,N,N,"560 Cumberland Hill Road,Woonsocket,RI,02895",2026-06-01
415110,AdviniaCare Oakland Grove LLC,560 Cumberland Hill Road,Woonsocket,RI,02895,2024-10-08,Health,F,Resident Assessment and Care Planning Deficiencies,0658,Ensure services provided by the nursing facility meet professional standards of quality.,D,"Deficient, Provider has date of correction",2024-10-08,2,N,Y,N,N,N,"560 Cumberland Hill Road,Woonsocket,RI,02895",2026-06-01
415110,AdviniaCare Oakland Grove LLC,560 Cumberland Hill Road,Woonsocket,RI,02895,2024-10-08,Health,F,Pharmacy Service Deficiencies,0760,Ensure that residents are free from significant medication errors.,J,"Deficient, Provider has date of correction",2024-10-08,2,N,Y,N,N,N,"560 Cumberland Hill Road,Woonsocket,RI,02895",2026-06-01
415110,AdviniaCare Oakland Grove LLC,560 Cumberland Hill Road,Woonsocket,RI,02895,2024-10-01,Health,F,"Freedom from Abuse, Neglect, and Exploitation Deficiencies",0600,"Protect each resident from all types of abuse such as physical, mental, sexual abuse, physical punishment, and neglect by anybody.",G,"Deficient, Provider has date of correction",2024-10-04,2,N,Y,N,N,N,"560 Cumberland Hill Road,Woonsocket,RI,02895",2026-06-01
415110,AdviniaCare Oakland Grove LLC,560 Cumberland Hill Road,Woonsocket,RI,02895,2024-10-01,Health,F,"Freedom from Abuse, Neglect, and Exploitation Deficiencies",0610,Respond appropriately to all alleged violations.,G,"Deficient, Provider has date of correction",2024-10-04,2,N,Y,N,N,N,"560 Cumberland Hill Road,Woonsocket,RI,02895",2026-06-01
415110,AdviniaCare Oakland Grove LLC,560 Cumberland Hill Road,Woonsocket,RI,02895,2024-07-23,Health,F,Quality of Life and Care Deficiencies,0684,"Provide appropriate treatment and care according to orders, resident’s preferences and goals.",E,"Deficient, Provider has date of correction",2024-08-09,2,N,Y,N,N,N,"560 Cumberland Hill Road,Woonsocket,RI,02895",2026-06-01
415110,AdviniaCare Oakland Grove LLC,560 Cumberland Hill Road,Woonsocket,RI,02895,2024-06-24,Health,F,Quality of Life and Care Deficiencies,0684,"Provide appropriate treatment and care according to orders, resident’s preferences and goals.",G,"Deficient, Provider has date of correction",2024-08-08,2,N,Y,N,N,N,"560 Cumberland Hill Road,Woonsocket,RI,02895",2026-06-01
415110,AdviniaCare Oakland Grove LLC,560 Cumberland Hill Road,Woonsocket,RI,02895,2024-09-12,Health,F,Resident Assessment and Care Planning Deficiencies,0658,Ensure services provided by the nursing facility meet professional standards of quality.,E,"Deficient, Provider has date of correction",2024-10-02,2,Y,N,N,N,N,"560 Cumberland Hill Road,Woonsocket,RI,02895",2026-06-01
415110,AdviniaCare Oakland Grove LLC,560 Cumberland Hill Road,Woonsocket,RI,02895,2024-09-12,Health,F,Quality of Life and Care Deficiencies,0692,Provide enough food/fluids to maintain a resident's health.,E,"Deficient, Provider has date of correction",2024-10-02,2,Y,N,N,N,N,"560 Cumberland Hill Road,Woonsocket,RI,02895",2026-06-01
415110,AdviniaCare Oakland Grove LLC,560 Cumberland Hill Road,Woonsocket,RI,02895,2024-09-12,Health,F,Quality of Life and Care Deficiencies,0693,Ensure that feeding tubes are  not used unless there is a medical reason and the resident agrees; and provide appropriate care for a resident with a feeding tube.,D,"Deficient, Provider has date of correction",2024-10-02,2,Y,N,N,N,N,"560 Cumberland Hill Road,Woonsocket,RI,02895",2026-06-01
415110,AdviniaCare Oakland Grove LLC,560 Cumberland Hill Road,Woonsocket,RI,02895,2024-09-12,Health,F,Quality of Life and Care Deficiencies,0699,Provide care or services that was trauma informed and/or culturally competent.,E,"Deficient, Provider has date of correction",2024-10-02,2,Y,N,N,N,N,"560 Cumberland Hill Road,Woonsocket,RI,02895",2026-06-01
415110,AdviniaCare Oakland Grove LLC,560 Cumberland Hill Road,Woonsocket,RI,02895,2024-09-12,Health,F,Infection Control Deficiencies,0880,Provide and implement an infection prevention and control program.,F,"Deficient, Provider has date of correction",2024-10-02,2,Y,N,N,N,N,"560 Cumberland Hill Road,Woonsocket,RI,02895",2026-06-01
415110,AdviniaCare Oakland Grove LLC,560 Cumberland Hill Road,Woonsocket,RI,02895,2024-05-14,Health,F,"Freedom from Abuse, Neglect, and Exploitation Deficiencies",0600,"Protect each resident from all types of abuse such as physical, mental, sexual abuse, physical punishment, and neglect by anybody.",D,"Deficient, Provider has date of correction",2024-05-31,3,N,Y,N,N,N,"560 Cumberland Hill Road,Woonsocket,RI,02895",2026-06-01
415110,AdviniaCare Oakland Grove LLC,560 Cumberland Hill Road,Woonsocket,RI,02895,2024-05-06,Health,F,Infection Control Deficiencies,0880,Provide and implement an infection prevention and control program.,D,"Deficient, Provider has date of correction",2024-05-22,3,N,Y,N,N,N,"560 Cumberland Hill Road,Woonsocket,RI,02895",2026-06-01
415110,AdviniaCare Oakland Grove LLC,560 Cumberland Hill Road,Woonsocket,RI,02895,2024-03-04,Health,F,"Freedom from Abuse, Neglect, and Exploitation Deficiencies",0600,"Protect each resident from all types of abuse such as physical, mental, sexual abuse, physical punishment, and neglect by anybody.",D,"Deficient, Provider has date of correction",2024-03-22,3,N,Y,N,N,N,"560 Cumberland Hill Road,Woonsocket,RI,02895",2026-06-01
415110,AdviniaCare Oakland Grove LLC,560 Cumberland Hill Road,Woonsocket,RI,02895,2024-03-04,Health,F,"Freedom from Abuse, Neglect, and Exploitation Deficiencies",0609,"Timely report suspected abuse, neglect, or theft and report the results of the investigation to proper authorities.",D,"Deficient, Provider has date of correction",2024-03-22,3,N,Y,N,N,N,"560 Cumberland Hill Road,Woonsocket,RI,02895",2026-06-01
415110,AdviniaCare Oakland Grove LLC,560 Cumberland Hill Road,Woonsocket,RI,02895,2024-03-04,Health,F,Resident Assessment and Care Planning Deficiencies,0655,Create and put into place a plan for meeting the resident's most immediate needs within 48 hours of being admitted,D,"Deficient, Provider has date of correction",2024-03-22,3,N,Y,N,N,N,"560 Cumberland Hill Road,Woonsocket,RI,02895",2026-06-01
415110,AdviniaCare Oakland Grove LLC,560 Cumberland Hill Road,Woonsocket,RI,02895,2023-08-01,Health,F,Resident Assessment and Care Planning Deficiencies,0658,Ensure services provided by the nursing facility meet professional standards of quality.,D,"Deficient, Provider has date of correction",2023-08-18,3,N,Y,N,N,N,"560 Cumberland Hill Road,Woonsocket,RI,02895",2026-06-01
415110,AdviniaCare Oakland Grove LLC,560 Cumberland Hill Road,Woonsocket,RI,02895,2023-08-01,Health,F,Resident Assessment and Care Planning Deficiencies,0842,Safeguard resident-identifiable information and/or maintain medical records on each resident that are in accordance with accepted professional standards.,D,"Deficient, Provider has date of correction",2023-08-18,3,N,Y,N,N,N,"560 Cumberland Hill Road,Woonsocket,RI,02895",2026-06-01
415110,AdviniaCare Oakland Grove LLC,560 Cumberland Hill Road,Woonsocket,RI,02895,2023-09-28,Health,F,Quality of Life and Care Deficiencies,0693,Ensure that feeding tubes are  not used unless there is a medical reason and the resident agrees; and provide appropriate care for a resident with a feeding tube.,D,"Deficient, Provider has date of correction",2023-10-20,3,Y,N,N,N,N,"560 Cumberland Hill Road,Woonsocket,RI,02895",2026-06-01
415110,AdviniaCare Oakland Grove LLC,560 Cumberland Hill Road,Woonsocket,RI,02895,2023-09-28,Health,F,"Freedom from Abuse, Neglect, and Exploitation Deficiencies",0609,"Timely report suspected abuse, neglect, or theft and report the results of the investigation to proper authorities.",E,"Deficient, Provider has date of correction",2023-10-20,3,Y,Y,N,N,N,"560 Cumberland Hill Road,Woonsocket,RI,02895",2026-06-01
415110,AdviniaCare Oakland Grove LLC,560 Cumberland Hill Road,Woonsocket,RI,02895,2023-09-28,Health,F,Resident Assessment and Care Planning Deficiencies,0658,Ensure services provided by the nursing facility meet professional standards of quality.,E,"Deficient, Provider has date of correction",2023-10-20,3,Y,Y,N,N,N,"560 Cumberland Hill Road,Woonsocket,RI,02895",2026-06-01
415110,AdviniaCare Oakland Grove LLC,560 Cumberland Hill Road,Woonsocket,RI,02895,2023-09-28,Health,F,Quality of Life and Care Deficiencies,0676,Ensure residents do not lose the ability to perform activities of daily living unless there is a medical reason.,E,"Deficient, Provider has date of correction",2023-10-20,3,Y,Y,N,N,N,"560 Cumberland Hill Road,Woonsocket,RI,02895",2026-06-01
415110,AdviniaCare Oakland Grove LLC,560 Cumberland Hill Road,Woonsocket,RI,02895,2023-09-28,Health,F,Quality of Life and Care Deficiencies,0677,Provide care and assistance to perform activities of daily living for any resident who is unable.,E,"Deficient, Provider has date of correction",2023-10-20,3,Y,Y,N,N,N,"560 Cumberland Hill Road,Woonsocket,RI,02895",2026-06-01
415110,AdviniaCare Oakland Grove LLC,560 Cumberland Hill Road,Woonsocket,RI,02895,2023-09-28,Health,F,Quality of Life and Care Deficiencies,0684,"Provide appropriate treatment and care according to orders, resident’s preferences and goals.",D,"Deficient, Provider has date of correction",2023-10-20,3,Y,Y,N,N,N,"560 Cumberland Hill Road,Woonsocket,RI,02895",2026-06-01
415110,AdviniaCare Oakland Grove LLC,560 Cumberland Hill Road,Woonsocket,RI,02895,2023-09-28,Health,F,Quality of Life and Care Deficiencies,0695,Provide safe and appropriate respiratory care for a resident when needed.,D,"Deficient, Provider has date of correction",2023-10-20,3,Y,Y,N,N,N,"560 Cumberland Hill Road,Woonsocket,RI,02895",2026-06-01
415110,AdviniaCare Oakland Grove LLC,560 Cumberland Hill Road,Woonsocket,RI,02895,2023-09-28,Health,F,Pharmacy Service Deficiencies,0760,Ensure that residents are free from significant medication errors.,D,"Deficient, Provider has date of correction",2023-10-20,3,Y,Y,N,N,N,"560 Cumberland Hill Road,Woonsocket,RI,02895",2026-06-01
415110,AdviniaCare Oakland Grove LLC,560 Cumberland Hill Road,Woonsocket,RI,02895,2023-09-28,Health,F,Nutrition and Dietary Deficiencies,0812,"Procure food from sources approved or considered satisfactory and store, prepare, distribute and serve food in accordance with professional standards.",F,"Deficient, Provider has date of correction",2023-10-20,3,Y,Y,N,N,N,"560 Cumberland Hill Road,Woonsocket,RI,02895",2026-06-01
415110,AdviniaCare Oakland Grove LLC,560 Cumberland Hill Road,Woonsocket,RI,02895,2023-09-28,Health,F,Environmental Deficiencies,0919,Make sure that a working call system is available in each resident's  bathroom and bathing area.,D,"Deficient, Provider has date of correction",2023-10-20,3,Y,Y,N,N,N,"560 Cumberland Hill Road,Woonsocket,RI,02895",2026-06-01
415111,St Clare Home,309 Spring Street,Newport,RI,02840,2025-07-03,Health,F,Nursing and Physician Services Deficiencies,0725,Provide enough nursing staff every day to meet the needs of every resident; and have a licensed nurse in charge on each shift.,D,"Deficient, Provider has date of correction",2025-07-18,1,N,Y,N,N,N,"309 Spring Street,Newport,RI,02840",2026-06-01
415111,St Clare Home,309 Spring Street,Newport,RI,02840,2025-04-10,Health,F,Resident Rights Deficiencies,0557,Honor the resident's right to be treated with respect and dignity and to retain and use personal possessions.,D,"Deficient, Provider has date of correction",2025-04-28,1,Y,N,N,N,N,"309 Spring Street,Newport,RI,02840",2026-06-01
415111,St Clare Home,309 Spring Street,Newport,RI,02840,2025-04-10,Health,F,Resident Rights Deficiencies,0623,"Provide timely notification to the resident, and if applicable to the resident representative and ombudsman, before transfer or discharge, including appeal rights.",B,"Deficient, Provider has date of correction",2025-04-28,1,Y,N,N,N,N,"309 Spring Street,Newport,RI,02840",2026-06-01
415111,St Clare Home,309 Spring Street,Newport,RI,02840,2025-04-10,Health,F,Resident Assessment and Care Planning Deficiencies,0641,Ensure each resident receives an accurate assessment.,D,"Deficient, Provider has date of correction",2025-04-28,1,Y,N,N,N,N,"309 Spring Street,Newport,RI,02840",2026-06-01
415111,St Clare Home,309 Spring Street,Newport,RI,02840,2025-04-10,Health,F,Resident Assessment and Care Planning Deficiencies,0656,"Develop and implement a complete care plan that meets all the resident's needs, with timetables and actions that can be measured.",D,"Deficient, Provider has date of correction",2025-04-28,1,Y,N,N,N,N,"309 Spring Street,Newport,RI,02840",2026-06-01
415111,St Clare Home,309 Spring Street,Newport,RI,02840,2025-04-10,Health,F,Resident Assessment and Care Planning Deficiencies,0657,"Develop the complete care plan within 7 days of the comprehensive assessment; and prepared, reviewed, and revised by a team of health professionals.",D,"Deficient, Provider has date of correction",2025-04-28,1,Y,N,N,N,N,"309 Spring Street,Newport,RI,02840",2026-06-01
415111,St Clare Home,309 Spring Street,Newport,RI,02840,2025-04-10,Health,F,Resident Assessment and Care Planning Deficiencies,0658,Ensure services provided by the nursing facility meet professional standards of quality.,D,"Deficient, Provider has date of correction",2025-04-28,1,Y,N,N,N,N,"309 Spring Street,Newport,RI,02840",2026-06-01
415111,St Clare Home,309 Spring Street,Newport,RI,02840,2025-04-10,Health,F,Quality of Life and Care Deficiencies,0684,"Provide appropriate treatment and care according to orders, resident’s preferences and goals.",D,"Deficient, Provider has date of correction",2025-04-28,1,Y,N,N,N,N,"309 Spring Street,Newport,RI,02840",2026-06-01
415111,St Clare Home,309 Spring Street,Newport,RI,02840,2025-04-10,Health,F,Nutrition and Dietary Deficiencies,0812,"Procure food from sources approved or considered satisfactory and store, prepare, distribute and serve food in accordance with professional standards.",D,"Deficient, Provider has date of correction",2025-04-28,1,Y,N,N,N,N,"309 Spring Street,Newport,RI,02840",2026-06-01
415111,St Clare Home,309 Spring Street,Newport,RI,02840,2025-05-16,Health,F,Quality of Life and Care Deficiencies,0684,"Provide appropriate treatment and care according to orders, resident’s preferences and goals.",D,"Deficient, Provider has date of correction",2025-05-31,2,N,Y,N,N,N,"309 Spring Street,Newport,RI,02840",2026-06-01
415111,St Clare Home,309 Spring Street,Newport,RI,02840,2024-11-13,Health,F,Resident Assessment and Care Planning Deficiencies,0657,"Develop the complete care plan within 7 days of the comprehensive assessment; and prepared, reviewed, and revised by a team of health professionals.",D,"Deficient, Provider has date of correction",2024-12-06,2,N,Y,N,N,N,"309 Spring Street,Newport,RI,02840",2026-06-01
415111,St Clare Home,309 Spring Street,Newport,RI,02840,2024-11-13,Health,F,Pharmacy Service Deficiencies,0760,Ensure that residents are free from significant medication errors.,D,"Deficient, Provider has date of correction",2024-12-06,2,N,Y,N,N,N,"309 Spring Street,Newport,RI,02840",2026-06-01
415111,St Clare Home,309 Spring Street,Newport,RI,02840,2024-11-13,Health,F,Pharmacy Service Deficiencies,0761,"Ensure drugs and biologicals used in the facility are labeled in accordance with currently accepted professional principles; and all drugs and biologicals must be stored in locked compartments, separately locked, compartments for controlled drugs.",D,"Deficient, Provider has date of correction",2024-12-06,2,N,Y,N,N,N,"309 Spring Street,Newport,RI,02840",2026-06-01
415111,St Clare Home,309 Spring Street,Newport,RI,02840,2024-04-17,Health,F,Resident Assessment and Care Planning Deficiencies,0658,Ensure services provided by the nursing facility meet professional standards of quality.,D,"Deficient, Provider has date of correction",2024-04-30,2,Y,N,N,N,N,"309 Spring Street,Newport,RI,02840",2026-06-01
415111,St Clare Home,309 Spring Street,Newport,RI,02840,2024-04-17,Health,F,Quality of Life and Care Deficiencies,0690,"Provide appropriate care for residents who are continent or incontinent of bowel/bladder, appropriate catheter care,  and appropriate care  to prevent urinary tract infections.",D,"Deficient, Provider has date of correction",2024-04-30,2,Y,N,N,N,N,"309 Spring Street,Newport,RI,02840",2026-06-01
415111,St Clare Home,309 Spring Street,Newport,RI,02840,2024-04-17,Health,F,Infection Control Deficiencies,0883,Develop and implement policies and procedures for flu and pneumonia vaccinations.,E,"Deficient, Provider has date of correction",2024-04-30,2,Y,N,N,N,N,"309 Spring Street,Newport,RI,02840",2026-06-01
415111,St Clare Home,309 Spring Street,Newport,RI,02840,2023-02-20,Health,F,Resident Rights Deficiencies,0578,"Honor the resident's right to request, refuse, and/or discontinue treatment, to participate in or refuse to participate in experimental research, and to formulate an advance directive.",D,"Deficient, Provider has date of correction",2023-03-13,3,Y,N,N,N,N,"309 Spring Street,Newport,RI,02840",2026-06-01
415111,St Clare Home,309 Spring Street,Newport,RI,02840,2023-02-20,Health,F,Resident Rights Deficiencies,0582,Give residents notice of Medicaid/Medicare coverage and potential liability for services not covered.,D,"Deficient, Provider has date of correction",2023-03-13,3,Y,N,N,N,N,"309 Spring Street,Newport,RI,02840",2026-06-01
415111,St Clare Home,309 Spring Street,Newport,RI,02840,2023-02-20,Health,F,Resident Assessment and Care Planning Deficiencies,0641,Ensure each resident receives an accurate assessment.,D,"Deficient, Provider has date of correction",2023-03-13,3,Y,N,N,N,N,"309 Spring Street,Newport,RI,02840",2026-06-01
415111,St Clare Home,309 Spring Street,Newport,RI,02840,2023-02-20,Health,F,Resident Assessment and Care Planning Deficiencies,0658,Ensure services provided by the nursing facility meet professional standards of quality.,D,"Deficient, Provider has date of correction",2023-03-13,3,Y,N,N,N,N,"309 Spring Street,Newport,RI,02840",2026-06-01
415111,St Clare Home,309 Spring Street,Newport,RI,02840,2023-02-20,Health,F,Quality of Life and Care Deficiencies,0686,Provide appropriate pressure ulcer care and prevent new ulcers from developing.,G,"Deficient, Provider has date of correction",2023-03-06,3,Y,N,N,N,N,"309 Spring Street,Newport,RI,02840",2026-06-01
415111,St Clare Home,309 Spring Street,Newport,RI,02840,2023-02-20,Health,F,Quality of Life and Care Deficiencies,0742,"Provide the appropriate treatment and services to a resident who displays or is diagnosed with mental disorder or psychosocial adjustment difficulty, or who has a history of trauma and/or post-traumatic stress disorder.",E,"Deficient, Provider has date of correction",2023-03-13,3,Y,N,N,N,N,"309 Spring Street,Newport,RI,02840",2026-06-01
415111,St Clare Home,309 Spring Street,Newport,RI,02840,2023-02-20,Health,F,Pharmacy Service Deficiencies,0758,"Implement gradual dose reductions(GDR) and non-pharmacological interventions, unless contraindicated, prior to initiating or instead of continuing psychotropic medication; and PRN orders for psychotropic medications are only used when the medication is necessary and PRN use is limited.",E,"Deficient, Provider has date of correction",2023-03-13,3,Y,N,N,N,N,"309 Spring Street,Newport,RI,02840",2026-06-01
415111,St Clare Home,309 Spring Street,Newport,RI,02840,2023-02-20,Health,F,Pharmacy Service Deficiencies,0761,"Ensure drugs and biologicals used in the facility are labeled in accordance with currently accepted professional principles; and all drugs and biologicals must be stored in locked compartments, separately locked, compartments for controlled drugs.",E,"Deficient, Provider has date of correction",2023-03-13,3,Y,N,N,N,N,"309 Spring Street,Newport,RI,02840",2026-06-01
415111,St Clare Home,309 Spring Street,Newport,RI,02840,2023-02-20,Health,F,Nutrition and Dietary Deficiencies,0805,Ensure each resident receives and the facility provides food prepared in a form designed to meet individual needs.,E,"Deficient, Provider has date of correction",2023-03-13,3,Y,N,N,N,N,"309 Spring Street,Newport,RI,02840",2026-06-01
415111,St Clare Home,309 Spring Street,Newport,RI,02840,2023-02-20,Health,F,Nutrition and Dietary Deficiencies,0812,"Procure food from sources approved or considered satisfactory and store, prepare, distribute and serve food in accordance with professional standards.",F,"Deficient, Provider has date of correction",2023-03-13,3,Y,N,N,N,N,"309 Spring Street,Newport,RI,02840",2026-06-01
415111,St Clare Home,309 Spring Street,Newport,RI,02840,2023-02-20,Health,F,Infection Control Deficiencies,0880,Provide and implement an infection prevention and control program.,E,"Deficient, Provider has date of correction",2023-03-06,3,Y,N,N,N,N,"309 Spring Street,Newport,RI,02840",2026-06-01
415111,St Clare Home,309 Spring Street,Newport,RI,02840,2023-02-20,Health,F,Environmental Deficiencies,0919,Make sure that a working call system is available in each resident's  bathroom and bathing area.,D,"Deficient, Provider has date of correction",2023-03-13,3,Y,N,N,N,N,"309 Spring Street,Newport,RI,02840",2026-06-01
415113,Tockwotton on the Waterfront,500 Waterfront Drive,East Providence,RI,02914,2025-02-13,Health,F,Quality of Life and Care Deficiencies,0686,Provide appropriate pressure ulcer care and prevent new ulcers from developing.,D,"Deficient, Provider has date of correction",2025-03-13,1,Y,N,N,N,N,"500 Waterfront Drive,East Providence,RI,02914",2026-06-01
415113,Tockwotton on the Waterfront,500 Waterfront Drive,East Providence,RI,02914,2025-02-13,Health,F,Pharmacy Service Deficiencies,0760,Ensure that residents are free from significant medication errors.,D,"Deficient, Provider has date of correction",2025-03-13,1,Y,N,N,N,N,"500 Waterfront Drive,East Providence,RI,02914",2026-06-01
415113,Tockwotton on the Waterfront,500 Waterfront Drive,East Providence,RI,02914,2025-02-13,Health,F,Nutrition and Dietary Deficiencies,0805,Ensure each resident receives and the facility provides food prepared in a form designed to meet individual needs.,D,"Deficient, Provider has date of correction",2025-03-13,1,Y,N,N,N,N,"500 Waterfront Drive,East Providence,RI,02914",2026-06-01
415113,Tockwotton on the Waterfront,500 Waterfront Drive,East Providence,RI,02914,2025-02-13,Health,F,Nutrition and Dietary Deficiencies,0812,"Procure food from sources approved or considered satisfactory and store, prepare, distribute and serve food in accordance with professional standards.",F,"Deficient, Provider has date of correction",2025-04-07,1,Y,N,N,N,N,"500 Waterfront Drive,East Providence,RI,02914",2026-06-01
415113,Tockwotton on the Waterfront,500 Waterfront Drive,East Providence,RI,02914,2025-02-13,Health,F,Resident Assessment and Care Planning Deficiencies,0842,Safeguard resident-identifiable information and/or maintain medical records on each resident that are in accordance with accepted professional standards.,D,"Deficient, Provider has date of correction",2025-03-13,1,Y,N,N,N,N,"500 Waterfront Drive,East Providence,RI,02914",2026-06-01
415113,Tockwotton on the Waterfront,500 Waterfront Drive,East Providence,RI,02914,2025-02-13,Health,F,Infection Control Deficiencies,0880,Provide and implement an infection prevention and control program.,D,"Deficient, Provider has date of correction",2025-03-13,1,Y,N,N,N,N,"500 Waterfront Drive,East Providence,RI,02914",2026-06-01
415113,Tockwotton on the Waterfront,500 Waterfront Drive,East Providence,RI,02914,2025-02-25,Health,F,Resident Assessment and Care Planning Deficiencies,0658,Ensure services provided by the nursing facility meet professional standards of quality.,D,"Deficient, Provider has date of correction",2025-03-01,2,N,Y,N,N,N,"500 Waterfront Drive,East Providence,RI,02914",2026-06-01
415113,Tockwotton on the Waterfront,500 Waterfront Drive,East Providence,RI,02914,2025-02-25,Health,F,Pharmacy Service Deficiencies,0760,Ensure that residents are free from significant medication errors.,G,"Deficient, Provider has date of correction",2025-03-01,2,N,Y,N,N,N,"500 Waterfront Drive,East Providence,RI,02914",2026-06-01
415113,Tockwotton on the Waterfront,500 Waterfront Drive,East Providence,RI,02914,2024-02-29,Health,F,Resident Assessment and Care Planning Deficiencies,0658,Ensure services provided by the nursing facility meet professional standards of quality.,D,"Deficient, Provider has date of correction",2024-03-15,2,Y,N,N,N,N,"500 Waterfront Drive,East Providence,RI,02914",2026-06-01
415113,Tockwotton on the Waterfront,500 Waterfront Drive,East Providence,RI,02914,2024-02-29,Health,F,Resident Assessment and Care Planning Deficiencies,0842,Safeguard resident-identifiable information and/or maintain medical records on each resident that are in accordance with accepted professional standards.,D,"Deficient, Provider has date of correction",2024-03-15,2,Y,N,N,N,N,"500 Waterfront Drive,East Providence,RI,02914",2026-06-01
415113,Tockwotton on the Waterfront,500 Waterfront Drive,East Providence,RI,02914,2023-01-13,Health,F,Nutrition and Dietary Deficiencies,0812,"Procure food from sources approved or considered satisfactory and store, prepare, distribute and serve food in accordance with professional standards.",F,"Deficient, Provider has date of correction",2023-02-10,3,Y,N,N,N,N,"500 Waterfront Drive,East Providence,RI,02914",2026-06-01
415113,Tockwotton on the Waterfront,500 Waterfront Drive,East Providence,RI,02914,2023-01-13,Health,F,Environmental Deficiencies,0908,Keep all essential equipment working safely.,D,"Deficient, Provider has date of correction",2023-02-10,3,Y,N,N,N,N,"500 Waterfront Drive,East Providence,RI,02914",2026-06-01
415119,Berkshire Place,455 Douglas Avenue,Providence,RI,02908,2026-04-30,Health,F,"Freedom from Abuse, Neglect, and Exploitation Deficiencies",0600,"Protect each resident from all types of abuse such as physical, mental, sexual abuse, physical punishment, and neglect by anybody.",G,"Deficient, Provider has plan of correction",2026-05-23,1,N,Y,N,N,N,"455 Douglas Avenue,Providence,RI,02908",2026-06-01
415119,Berkshire Place,455 Douglas Avenue,Providence,RI,02908,2026-04-30,Health,F,Quality of Life and Care Deficiencies,0740,Ensure each resident must receive and the facility must provide necessary behavioral health care and services.,G,"Deficient, Provider has plan of correction",2026-05-23,1,N,Y,N,Y,N,"455 Douglas Avenue,Providence,RI,02908",2026-06-01
415119,Berkshire Place,455 Douglas Avenue,Providence,RI,02908,2026-04-02,Health,F,Quality of Life and Care Deficiencies,0690,"Provide appropriate care for residents who are continent or incontinent of bowel/bladder, appropriate catheter care,  and appropriate care  to prevent urinary tract infections.",E,"Deficient, Provider has plan of correction",2026-05-12,1,N,Y,N,N,N,"455 Douglas Avenue,Providence,RI,02908",2026-06-01
415119,Berkshire Place,455 Douglas Avenue,Providence,RI,02908,2025-09-04,Health,F,Resident Assessment and Care Planning Deficiencies,0658,Ensure services provided by the nursing facility meet professional standards of quality.,E,"Deficient, Provider has date of correction",2025-09-30,1,Y,N,N,N,N,"455 Douglas Avenue,Providence,RI,02908",2026-06-01
415119,Berkshire Place,455 Douglas Avenue,Providence,RI,02908,2025-09-04,Health,F,Quality of Life and Care Deficiencies,0686,Provide appropriate pressure ulcer care and prevent new ulcers from developing.,E,"Deficient, Provider has date of correction",2025-09-30,1,Y,N,N,N,N,"455 Douglas Avenue,Providence,RI,02908",2026-06-01
415119,Berkshire Place,455 Douglas Avenue,Providence,RI,02908,2025-09-04,Health,F,Quality of Life and Care Deficiencies,0688,"Provide appropriate care for a resident to maintain and/or improve range of motion (ROM), limited ROM and/or mobility, unless a decline is for a medical reason.",H,"Deficient, Provider has date of correction",2025-09-30,1,Y,N,N,N,N,"455 Douglas Avenue,Providence,RI,02908",2026-06-01
415119,Berkshire Place,455 Douglas Avenue,Providence,RI,02908,2025-09-04,Health,F,Quality of Life and Care Deficiencies,0692,Provide enough food/fluids to maintain a resident's health.,G,"Deficient, Provider has date of correction",2025-09-30,1,Y,N,N,N,N,"455 Douglas Avenue,Providence,RI,02908",2026-06-01
415119,Berkshire Place,455 Douglas Avenue,Providence,RI,02908,2025-09-04,Health,F,Administration Deficiencies,0770,"Provide timely, quality laboratory services/tests to meet the needs of residents.",E,"Deficient, Provider has date of correction",2025-09-30,1,Y,N,N,N,N,"455 Douglas Avenue,Providence,RI,02908",2026-06-01
415119,Berkshire Place,455 Douglas Avenue,Providence,RI,02908,2025-09-04,Health,F,Nutrition and Dietary Deficiencies,0802,Provide sufficient support personnel to safely and effectively carry out the functions of the food and nutrition service.,D,"Deficient, Provider has date of correction",2025-09-30,1,Y,N,N,N,N,"455 Douglas Avenue,Providence,RI,02908",2026-06-01
415119,Berkshire Place,455 Douglas Avenue,Providence,RI,02908,2025-09-04,Health,F,Nutrition and Dietary Deficiencies,0812,"Procure food from sources approved or considered satisfactory and store, prepare, distribute and serve food in accordance with professional standards.",F,"Deficient, Provider has date of correction",2025-09-30,1,Y,N,N,N,N,"455 Douglas Avenue,Providence,RI,02908",2026-06-01
415119,Berkshire Place,455 Douglas Avenue,Providence,RI,02908,2025-09-04,Health,F,Administration Deficiencies,0865,Have a  plan that describes the process for conducting QAPI and QAA activities.,F,"Deficient, Provider has date of correction",2025-09-30,1,Y,N,N,N,N,"455 Douglas Avenue,Providence,RI,02908",2026-06-01
415119,Berkshire Place,455 Douglas Avenue,Providence,RI,02908,2025-05-20,Health,F,"Freedom from Abuse, Neglect, and Exploitation Deficiencies",0609,"Timely report suspected abuse, neglect, or theft and report the results of the investigation to proper authorities.",D,"Deficient, Provider has date of correction",2025-06-19,2,N,Y,N,N,N,"455 Douglas Avenue,Providence,RI,02908",2026-06-01
415119,Berkshire Place,455 Douglas Avenue,Providence,RI,02908,2025-05-20,Health,F,Pharmacy Service Deficiencies,0761,"Ensure drugs and biologicals used in the facility are labeled in accordance with currently accepted professional principles; and all drugs and biologicals must be stored in locked compartments, separately locked, compartments for controlled drugs.",D,"Deficient, Provider has date of correction",2025-06-19,2,N,Y,N,N,N,"455 Douglas Avenue,Providence,RI,02908",2026-06-01
415119,Berkshire Place,455 Douglas Avenue,Providence,RI,02908,2025-03-27,Health,F,Quality of Life and Care Deficiencies,0689,Ensure that a nursing home area is free from accident hazards and provides adequate supervision to prevent accidents.,D,"Deficient, Provider has date of correction",2025-04-26,2,N,Y,N,N,N,"455 Douglas Avenue,Providence,RI,02908",2026-06-01
415119,Berkshire Place,455 Douglas Avenue,Providence,RI,02908,2025-01-17,Health,F,Resident Rights Deficiencies,0623,"Provide timely notification to the resident, and if applicable to the resident representative and ombudsman, before transfer or discharge, including appeal rights.",D,"Deficient, Provider has date of correction",2025-02-16,2,N,Y,N,N,N,"455 Douglas Avenue,Providence,RI,02908",2026-06-01
415119,Berkshire Place,455 Douglas Avenue,Providence,RI,02908,2025-01-17,Health,F,Resident Rights Deficiencies,0625,Notify the resident or the resident’s representative in writing how long the nursing home will hold the resident’s bed in cases of transfer to a hospital or therapeutic leave.,D,"Deficient, Provider has date of correction",2025-02-16,2,N,Y,N,N,N,"455 Douglas Avenue,Providence,RI,02908",2026-06-01
415119,Berkshire Place,455 Douglas Avenue,Providence,RI,02908,2025-01-17,Health,F,Resident Rights Deficiencies,0626,Permit a resident to return to the nursing home after hospitalization or therapeutic leave that exceeds bed-hold policy.,D,"Deficient, Provider has date of correction",2025-02-16,2,N,Y,N,N,N,"455 Douglas Avenue,Providence,RI,02908",2026-06-01
415119,Berkshire Place,455 Douglas Avenue,Providence,RI,02908,2024-11-06,Health,F,Nutrition and Dietary Deficiencies,0804,"Ensure food and drink is palatable, attractive, and at a safe and appetizing temperature.",E,"Deficient, Provider has date of correction",2024-12-06,2,N,Y,N,N,N,"455 Douglas Avenue,Providence,RI,02908",2026-06-01
415119,Berkshire Place,455 Douglas Avenue,Providence,RI,02908,2024-11-06,Health,F,Nutrition and Dietary Deficiencies,0812,"Procure food from sources approved or considered satisfactory and store, prepare, distribute and serve food in accordance with professional standards.",F,"Deficient, Provider has date of correction",2024-12-06,2,N,Y,N,N,N,"455 Douglas Avenue,Providence,RI,02908",2026-06-01
415119,Berkshire Place,455 Douglas Avenue,Providence,RI,02908,2024-10-08,Health,F,"Freedom from Abuse, Neglect, and Exploitation Deficiencies",0600,"Protect each resident from all types of abuse such as physical, mental, sexual abuse, physical punishment, and neglect by anybody.",D,"Deficient, Provider has date of correction",2024-11-01,2,N,Y,N,N,N,"455 Douglas Avenue,Providence,RI,02908",2026-06-01
415119,Berkshire Place,455 Douglas Avenue,Providence,RI,02908,2024-07-26,Health,F,Resident Assessment and Care Planning Deficiencies,0656,"Develop and implement a complete care plan that meets all the resident's needs, with timetables and actions that can be measured.",D,"Deficient, Provider has date of correction",2024-08-25,2,Y,N,N,N,N,"455 Douglas Avenue,Providence,RI,02908",2026-06-01
415119,Berkshire Place,455 Douglas Avenue,Providence,RI,02908,2024-07-26,Health,F,Quality of Life and Care Deficiencies,0677,Provide care and assistance to perform activities of daily living for any resident who is unable.,D,"Deficient, Provider has date of correction",2024-08-25,2,Y,N,N,N,N,"455 Douglas Avenue,Providence,RI,02908",2026-06-01
415119,Berkshire Place,455 Douglas Avenue,Providence,RI,02908,2024-07-26,Health,F,Quality of Life and Care Deficiencies,0695,Provide safe and appropriate respiratory care for a resident when needed.,D,"Deficient, Provider has date of correction",2024-08-25,2,Y,N,N,N,N,"455 Douglas Avenue,Providence,RI,02908",2026-06-01
415119,Berkshire Place,455 Douglas Avenue,Providence,RI,02908,2024-07-26,Health,F,Pharmacy Service Deficiencies,0760,Ensure that residents are free from significant medication errors.,E,"Deficient, Provider has date of correction",2024-08-25,2,Y,N,N,N,N,"455 Douglas Avenue,Providence,RI,02908",2026-06-01
415119,Berkshire Place,455 Douglas Avenue,Providence,RI,02908,2024-07-26,Health,F,Resident Assessment and Care Planning Deficiencies,0658,Ensure services provided by the nursing facility meet professional standards of quality.,D,"Deficient, Provider has date of correction",2024-08-25,2,Y,Y,N,N,N,"455 Douglas Avenue,Providence,RI,02908",2026-06-01
415119,Berkshire Place,455 Douglas Avenue,Providence,RI,02908,2024-07-26,Health,F,Resident Assessment and Care Planning Deficiencies,0842,Safeguard resident-identifiable information and/or maintain medical records on each resident that are in accordance with accepted professional standards.,D,"Deficient, Provider has date of correction",2024-08-25,2,Y,Y,N,N,N,"455 Douglas Avenue,Providence,RI,02908",2026-06-01
415119,Berkshire Place,455 Douglas Avenue,Providence,RI,02908,2023-11-14,Health,F,"Freedom from Abuse, Neglect, and Exploitation Deficiencies",0604,"Ensure that each resident is free from the use of physical restraints, unless needed for medical treatment.",D,"Deficient, Provider has date of correction",2023-12-14,3,N,Y,N,N,N,"455 Douglas Avenue,Providence,RI,02908",2026-06-01
415119,Berkshire Place,455 Douglas Avenue,Providence,RI,02908,2023-08-01,Health,F,Pharmacy Service Deficiencies,0760,Ensure that residents are free from significant medication errors.,E,"Deficient, Provider has date of correction",2023-08-31,3,N,Y,N,N,N,"455 Douglas Avenue,Providence,RI,02908",2026-06-01
415119,Berkshire Place,455 Douglas Avenue,Providence,RI,02908,2023-06-08,Health,F,Resident Rights Deficiencies,0550,"Honor the resident's right to a dignified existence, self-determination, communication, and to exercise his or her rights.",E,"Deficient, Provider has date of correction",2023-07-08,3,Y,Y,N,N,N,"455 Douglas Avenue,Providence,RI,02908",2026-06-01
415119,Berkshire Place,455 Douglas Avenue,Providence,RI,02908,2023-06-08,Health,F,Resident Assessment and Care Planning Deficiencies,0658,Ensure services provided by the nursing facility meet professional standards of quality.,E,"Deficient, Provider has date of correction",2023-07-08,3,Y,Y,N,N,N,"455 Douglas Avenue,Providence,RI,02908",2026-06-01
415119,Berkshire Place,455 Douglas Avenue,Providence,RI,02908,2023-06-08,Health,F,Quality of Life and Care Deficiencies,0686,Provide appropriate pressure ulcer care and prevent new ulcers from developing.,D,"Deficient, Provider has date of correction",2023-07-08,3,Y,Y,N,N,N,"455 Douglas Avenue,Providence,RI,02908",2026-06-01
415119,Berkshire Place,455 Douglas Avenue,Providence,RI,02908,2023-06-08,Health,F,Quality of Life and Care Deficiencies,0692,Provide enough food/fluids to maintain a resident's health.,G,"Deficient, Provider has date of correction",2023-07-08,3,Y,Y,N,N,N,"455 Douglas Avenue,Providence,RI,02908",2026-06-01
415119,Berkshire Place,455 Douglas Avenue,Providence,RI,02908,2023-06-08,Health,F,Quality of Life and Care Deficiencies,0697,"Provide safe, appropriate pain management for a resident who requires such services.",G,"Deficient, Provider has date of correction",2023-07-08,3,Y,Y,N,N,N,"455 Douglas Avenue,Providence,RI,02908",2026-06-01
415119,Berkshire Place,455 Douglas Avenue,Providence,RI,02908,2023-06-08,Health,F,Pharmacy Service Deficiencies,0756,"Ensure a licensed pharmacist perform a monthly drug regimen review, including the medical chart, following irregularity reporting guidelines in developed policies and procedures.",D,"Deficient, Provider has date of correction",2023-07-08,3,Y,Y,N,N,N,"455 Douglas Avenue,Providence,RI,02908",2026-06-01
415119,Berkshire Place,455 Douglas Avenue,Providence,RI,02908,2023-06-08,Health,F,Pharmacy Service Deficiencies,0758,"Implement gradual dose reductions(GDR) and non-pharmacological interventions, unless contraindicated, prior to initiating or instead of continuing psychotropic medication; and PRN orders for psychotropic medications are only used when the medication is necessary and PRN use is limited.",E,"Deficient, Provider has date of correction",2023-07-08,3,Y,Y,N,N,N,"455 Douglas Avenue,Providence,RI,02908",2026-06-01
415119,Berkshire Place,455 Douglas Avenue,Providence,RI,02908,2023-06-08,Health,F,Nutrition and Dietary Deficiencies,0810,Provide special eating equipment and utensils for residents who need them and appropriate assistance.,D,"Deficient, Provider has date of correction",2023-07-08,3,Y,Y,N,N,N,"455 Douglas Avenue,Providence,RI,02908",2026-06-01
415119,Berkshire Place,455 Douglas Avenue,Providence,RI,02908,2023-06-08,Health,F,Nutrition and Dietary Deficiencies,0812,"Procure food from sources approved or considered satisfactory and store, prepare, distribute and serve food in accordance with professional standards.",F,"Deficient, Provider has date of correction",2023-07-08,3,Y,Y,N,N,N,"455 Douglas Avenue,Providence,RI,02908",2026-06-01
415119,Berkshire Place,455 Douglas Avenue,Providence,RI,02908,2023-06-08,Health,F,Resident Assessment and Care Planning Deficiencies,0842,Safeguard resident-identifiable information and/or maintain medical records on each resident that are in accordance with accepted professional standards.,E,"Deficient, Provider has date of correction",2023-07-08,3,Y,Y,N,N,N,"455 Douglas Avenue,Providence,RI,02908",2026-06-01
415120,Apple Rehab Clipper,161 Post Road,Westerly,RI,02891,2025-07-08,Health,F,Resident Assessment and Care Planning Deficiencies,0658,Ensure services provided by the nursing facility meet professional standards of quality.,D,"Deficient, Provider has date of correction",2025-08-06,1,N,Y,N,N,N,"161 Post Road,Westerly,RI,02891",2026-06-01
415120,Apple Rehab Clipper,161 Post Road,Westerly,RI,02891,2025-07-08,Health,F,Nursing and Physician Services Deficiencies,0710,Obtain a doctor's order to admit a resident and ensure the resident is under a doctor's care.,E,"Deficient, Provider has date of correction",2025-08-06,1,N,Y,N,N,N,"161 Post Road,Westerly,RI,02891",2026-06-01
415120,Apple Rehab Clipper,161 Post Road,Westerly,RI,02891,2025-07-08,Health,F,Pharmacy Service Deficiencies,0760,Ensure that residents are free from significant medication errors.,E,"Deficient, Provider has date of correction",2025-08-06,1,N,Y,N,N,N,"161 Post Road,Westerly,RI,02891",2026-06-01
415120,Apple Rehab Clipper,161 Post Road,Westerly,RI,02891,2025-05-08,Health,F,Resident Rights Deficiencies,0567,Honor the resident's right to manage his or her financial affairs.,B,"Deficient, Provider has date of correction",2025-06-21,1,Y,N,N,N,N,"161 Post Road,Westerly,RI,02891",2026-06-01
415120,Apple Rehab Clipper,161 Post Road,Westerly,RI,02891,2025-05-08,Health,F,Quality of Life and Care Deficiencies,0686,Provide appropriate pressure ulcer care and prevent new ulcers from developing.,D,"Deficient, Provider has date of correction",2025-06-21,1,Y,N,N,N,N,"161 Post Road,Westerly,RI,02891",2026-06-01
415120,Apple Rehab Clipper,161 Post Road,Westerly,RI,02891,2025-05-08,Health,F,Quality of Life and Care Deficiencies,0692,Provide enough food/fluids to maintain a resident's health.,D,"Deficient, Provider has date of correction",2025-06-21,1,Y,N,N,N,N,"161 Post Road,Westerly,RI,02891",2026-06-01
415120,Apple Rehab Clipper,161 Post Road,Westerly,RI,02891,2025-05-08,Health,F,Pharmacy Service Deficiencies,0761,"Ensure drugs and biologicals used in the facility are labeled in accordance with currently accepted professional principles; and all drugs and biologicals must be stored in locked compartments, separately locked, compartments for controlled drugs.",D,"Deficient, Provider has date of correction",2025-06-21,1,Y,N,N,N,N,"161 Post Road,Westerly,RI,02891",2026-06-01
415120,Apple Rehab Clipper,161 Post Road,Westerly,RI,02891,2025-05-08,Health,F,Nutrition and Dietary Deficiencies,0803,"Ensure menus must meet the nutritional needs of residents, be prepared in advance, be followed, be updated, be reviewed by dietician, and meet the needs of the resident.",F,"Deficient, Provider has date of correction",2025-06-21,1,Y,N,N,N,N,"161 Post Road,Westerly,RI,02891",2026-06-01
415120,Apple Rehab Clipper,161 Post Road,Westerly,RI,02891,2025-05-08,Health,F,Nutrition and Dietary Deficiencies,0812,"Procure food from sources approved or considered satisfactory and store, prepare, distribute and serve food in accordance with professional standards.",F,"Deficient, Provider has date of correction",2025-06-21,1,Y,N,N,N,N,"161 Post Road,Westerly,RI,02891",2026-06-01
415120,Apple Rehab Clipper,161 Post Road,Westerly,RI,02891,2024-05-23,Health,F,Resident Assessment and Care Planning Deficiencies,0656,"Develop and implement a complete care plan that meets all the resident's needs, with timetables and actions that can be measured.",D,"Deficient, Provider has date of correction",2024-06-22,2,Y,N,N,N,N,"161 Post Road,Westerly,RI,02891",2026-06-01
415120,Apple Rehab Clipper,161 Post Road,Westerly,RI,02891,2024-05-23,Health,F,Resident Assessment and Care Planning Deficiencies,0658,Ensure services provided by the nursing facility meet professional standards of quality.,D,"Deficient, Provider has date of correction",2024-06-22,2,Y,N,N,N,N,"161 Post Road,Westerly,RI,02891",2026-06-01
415120,Apple Rehab Clipper,161 Post Road,Westerly,RI,02891,2024-05-23,Health,F,Quality of Life and Care Deficiencies,0690,"Provide appropriate care for residents who are continent or incontinent of bowel/bladder, appropriate catheter care,  and appropriate care  to prevent urinary tract infections.",E,"Deficient, Provider has date of correction",2024-06-22,2,Y,N,N,N,N,"161 Post Road,Westerly,RI,02891",2026-06-01
415120,Apple Rehab Clipper,161 Post Road,Westerly,RI,02891,2024-05-23,Health,F,Quality of Life and Care Deficiencies,0692,Provide enough food/fluids to maintain a resident's health.,H,"Deficient, Provider has date of correction",2024-06-06,2,Y,N,N,N,N,"161 Post Road,Westerly,RI,02891",2026-06-01
415120,Apple Rehab Clipper,161 Post Road,Westerly,RI,02891,2024-05-23,Health,F,Nursing and Physician Services Deficiencies,0730,Observe each nurse aide's job performance and give regular training.,F,"Deficient, Provider has date of correction",2024-06-22,2,Y,N,N,N,N,"161 Post Road,Westerly,RI,02891",2026-06-01
415120,Apple Rehab Clipper,161 Post Road,Westerly,RI,02891,2024-05-23,Health,F,Pharmacy Service Deficiencies,0756,"Ensure a licensed pharmacist perform a monthly drug regimen review, including the medical chart, following irregularity reporting guidelines in developed policies and procedures.",D,"Deficient, Provider has date of correction",2024-06-22,2,Y,N,N,N,N,"161 Post Road,Westerly,RI,02891",2026-06-01
415120,Apple Rehab Clipper,161 Post Road,Westerly,RI,02891,2024-05-23,Health,F,Pharmacy Service Deficiencies,0761,"Ensure drugs and biologicals used in the facility are labeled in accordance with currently accepted professional principles; and all drugs and biologicals must be stored in locked compartments, separately locked, compartments for controlled drugs.",D,"Deficient, Provider has date of correction",2024-06-22,2,Y,N,N,N,N,"161 Post Road,Westerly,RI,02891",2026-06-01
415120,Apple Rehab Clipper,161 Post Road,Westerly,RI,02891,2024-05-23,Health,F,Infection Control Deficiencies,0880,Provide and implement an infection prevention and control program.,D,"Deficient, Provider has date of correction",2024-06-22,2,Y,N,N,N,N,"161 Post Road,Westerly,RI,02891",2026-06-01
415120,Apple Rehab Clipper,161 Post Road,Westerly,RI,02891,2024-05-23,Health,F,Administration Deficiencies,0944,"Conduct mandatory training, for all staff, on the facility’s Quality Assurance and Performance Improvement Program.",C,"Deficient, Provider has date of correction",2024-06-22,2,Y,N,N,N,N,"161 Post Road,Westerly,RI,02891",2026-06-01
415120,Apple Rehab Clipper,161 Post Road,Westerly,RI,02891,2023-11-17,Health,F,"Freedom from Abuse, Neglect, and Exploitation Deficiencies",0600,"Protect each resident from all types of abuse such as physical, mental, sexual abuse, physical punishment, and neglect by anybody.",G,"Deficient, Provider has date of correction",2023-12-17,3,N,Y,N,N,N,"161 Post Road,Westerly,RI,02891",2026-06-01
415120,Apple Rehab Clipper,161 Post Road,Westerly,RI,02891,2023-11-17,Health,F,"Freedom from Abuse, Neglect, and Exploitation Deficiencies",0609,"Timely report suspected abuse, neglect, or theft and report the results of the investigation to proper authorities.",E,"Deficient, Provider has date of correction",2023-12-17,3,N,Y,N,N,N,"161 Post Road,Westerly,RI,02891",2026-06-01
415120,Apple Rehab Clipper,161 Post Road,Westerly,RI,02891,2023-04-06,Health,F,Resident Assessment and Care Planning Deficiencies,0638,Assure that each resident’s assessment is updated at least once every 3 months.,E,"Deficient, Provider has date of correction",2023-05-16,3,Y,N,N,N,N,"161 Post Road,Westerly,RI,02891",2026-06-01
415120,Apple Rehab Clipper,161 Post Road,Westerly,RI,02891,2023-04-06,Health,F,Nursing and Physician Services Deficiencies,0710,Obtain a doctor's order to admit a resident and ensure the resident is under a doctor's care.,E,"Deficient, Provider has date of correction",2023-05-16,3,Y,N,N,N,N,"161 Post Road,Westerly,RI,02891",2026-06-01
415120,Apple Rehab Clipper,161 Post Road,Westerly,RI,02891,2023-04-06,Health,F,Pharmacy Service Deficiencies,0761,"Ensure drugs and biologicals used in the facility are labeled in accordance with currently accepted professional principles; and all drugs and biologicals must be stored in locked compartments, separately locked, compartments for controlled drugs.",D,"Deficient, Provider has date of correction",2023-05-16,3,Y,N,N,N,N,"161 Post Road,Westerly,RI,02891",2026-06-01
415120,Apple Rehab Clipper,161 Post Road,Westerly,RI,02891,2023-04-06,Health,F,Nutrition and Dietary Deficiencies,0803,"Ensure menus must meet the nutritional needs of residents, be prepared in advance, be followed, be updated, be reviewed by dietician, and meet the needs of the resident.",D,"Deficient, Provider has date of correction",2023-05-16,3,Y,N,N,N,N,"161 Post Road,Westerly,RI,02891",2026-06-01
415120,Apple Rehab Clipper,161 Post Road,Westerly,RI,02891,2023-04-06,Health,F,Nutrition and Dietary Deficiencies,0812,"Procure food from sources approved or considered satisfactory and store, prepare, distribute and serve food in accordance with professional standards.",F,"Deficient, Provider has date of correction",2023-05-16,3,Y,N,N,N,N,"161 Post Road,Westerly,RI,02891",2026-06-01
415123,Stillwater Assisted Living and Skilled Nursing Com,20 Austin Avenue,Greenville,RI,02828,2026-03-03,Health,F,Resident Assessment and Care Planning Deficiencies,0658,Ensure services provided by the nursing facility meet professional standards of quality.,E,"Deficient, Provider has date of correction",2026-04-02,1,N,Y,N,N,N,"20 Austin Avenue,Greenville,RI,02828",2026-06-01
415123,Stillwater Assisted Living and Skilled Nursing Com,20 Austin Avenue,Greenville,RI,02828,2025-03-19,Health,F,Resident Rights Deficiencies,0583,Keep residents' personal and medical records private and confidential.,D,"Deficient, Provider has date of correction",2025-04-18,1,Y,N,N,N,N,"20 Austin Avenue,Greenville,RI,02828",2026-06-01
415123,Stillwater Assisted Living and Skilled Nursing Com,20 Austin Avenue,Greenville,RI,02828,2025-03-19,Health,F,Resident Assessment and Care Planning Deficiencies,0658,Ensure services provided by the nursing facility meet professional standards of quality.,D,"Deficient, Provider has date of correction",2025-04-18,1,Y,N,N,N,N,"20 Austin Avenue,Greenville,RI,02828",2026-06-01
415123,Stillwater Assisted Living and Skilled Nursing Com,20 Austin Avenue,Greenville,RI,02828,2025-03-19,Health,F,Quality of Life and Care Deficiencies,0694,"Provide for the safe, appropriate administration of IV fluids for a resident when needed.",D,"Deficient, Provider has date of correction",2025-04-18,1,Y,N,N,N,N,"20 Austin Avenue,Greenville,RI,02828",2026-06-01
415123,Stillwater Assisted Living and Skilled Nursing Com,20 Austin Avenue,Greenville,RI,02828,2025-03-19,Health,F,Nursing and Physician Services Deficiencies,0726,Ensure that nurses and nurse aides have the appropriate competencies to care for every resident in a way that maximizes each resident's well being.,D,"Deficient, Provider has date of correction",2025-04-18,1,Y,N,N,N,N,"20 Austin Avenue,Greenville,RI,02828",2026-06-01
415123,Stillwater Assisted Living and Skilled Nursing Com,20 Austin Avenue,Greenville,RI,02828,2025-03-19,Health,F,Nutrition and Dietary Deficiencies,0812,"Procure food from sources approved or considered satisfactory and store, prepare, distribute and serve food in accordance with professional standards.",F,"Deficient, Provider has date of correction",2025-04-18,1,Y,N,N,N,N,"20 Austin Avenue,Greenville,RI,02828",2026-06-01
415123,Stillwater Assisted Living and Skilled Nursing Com,20 Austin Avenue,Greenville,RI,02828,2024-04-11,Health,F,Resident Assessment and Care Planning Deficiencies,0658,Ensure services provided by the nursing facility meet professional standards of quality.,D,"Deficient, Provider has date of correction",2024-05-11,2,Y,N,N,N,N,"20 Austin Avenue,Greenville,RI,02828",2026-06-01
415123,Stillwater Assisted Living and Skilled Nursing Com,20 Austin Avenue,Greenville,RI,02828,2024-04-11,Health,F,Quality of Life and Care Deficiencies,0686,Provide appropriate pressure ulcer care and prevent new ulcers from developing.,D,"Deficient, Provider has date of correction",2024-05-11,2,Y,N,N,N,N,"20 Austin Avenue,Greenville,RI,02828",2026-06-01
415123,Stillwater Assisted Living and Skilled Nursing Com,20 Austin Avenue,Greenville,RI,02828,2024-04-11,Health,F,Quality of Life and Care Deficiencies,0689,Ensure that a nursing home area is free from accident hazards and provides adequate supervision to prevent accidents.,D,"Deficient, Provider has date of correction",2024-05-11,2,Y,N,N,N,N,"20 Austin Avenue,Greenville,RI,02828",2026-06-01
415123,Stillwater Assisted Living and Skilled Nursing Com,20 Austin Avenue,Greenville,RI,02828,2024-04-11,Health,F,Quality of Life and Care Deficiencies,0690,"Provide appropriate care for residents who are continent or incontinent of bowel/bladder, appropriate catheter care,  and appropriate care  to prevent urinary tract infections.",D,"Deficient, Provider has date of correction",2024-05-11,2,Y,N,N,N,N,"20 Austin Avenue,Greenville,RI,02828",2026-06-01
415123,Stillwater Assisted Living and Skilled Nursing Com,20 Austin Avenue,Greenville,RI,02828,2024-04-11,Health,F,Nutrition and Dietary Deficiencies,0812,"Procure food from sources approved or considered satisfactory and store, prepare, distribute and serve food in accordance with professional standards.",F,"Deficient, Provider has date of correction",2024-05-11,2,Y,N,N,N,N,"20 Austin Avenue,Greenville,RI,02828",2026-06-01
415123,Stillwater Assisted Living and Skilled Nursing Com,20 Austin Avenue,Greenville,RI,02828,2024-04-11,Health,F,Infection Control Deficiencies,0881,Implement a program that monitors antibiotic use.,D,"Deficient, Provider has date of correction",2024-05-11,2,Y,N,N,N,N,"20 Austin Avenue,Greenville,RI,02828",2026-06-01
415123,Stillwater Assisted Living and Skilled Nursing Com,20 Austin Avenue,Greenville,RI,02828,2023-09-01,Health,F,Pharmacy Service Deficiencies,0760,Ensure that residents are free from significant medication errors.,D,"Deficient, Provider has date of correction",2023-09-29,3,N,Y,N,N,N,"20 Austin Avenue,Greenville,RI,02828",2026-06-01
415123,Stillwater Assisted Living and Skilled Nursing Com,20 Austin Avenue,Greenville,RI,02828,2023-08-31,Health,F,Quality of Life and Care Deficiencies,0698,"Provide safe, appropriate dialysis care/services for a resident who requires such services.",D,"Deficient, Provider has date of correction",2023-09-29,3,N,Y,N,N,N,"20 Austin Avenue,Greenville,RI,02828",2026-06-01
415123,Stillwater Assisted Living and Skilled Nursing Com,20 Austin Avenue,Greenville,RI,02828,2023-08-31,Health,F,Pharmacy Service Deficiencies,0757,Ensure each resident’s drug regimen must be free from unnecessary drugs.,D,"Deficient, Provider has date of correction",2023-09-29,3,N,Y,N,N,N,"20 Austin Avenue,Greenville,RI,02828",2026-06-01
415123,Stillwater Assisted Living and Skilled Nursing Com,20 Austin Avenue,Greenville,RI,02828,2023-02-20,Health,F,Resident Rights Deficiencies,0558,Reasonably accommodate the needs and preferences of each resident.,D,"Deficient, Provider has date of correction",2023-03-22,3,Y,N,N,N,N,"20 Austin Avenue,Greenville,RI,02828",2026-06-01
415123,Stillwater Assisted Living and Skilled Nursing Com,20 Austin Avenue,Greenville,RI,02828,2023-02-20,Health,F,Resident Assessment and Care Planning Deficiencies,0658,Ensure services provided by the nursing facility meet professional standards of quality.,E,"Deficient, Provider has date of correction",2023-03-22,3,Y,N,N,N,N,"20 Austin Avenue,Greenville,RI,02828",2026-06-01
415123,Stillwater Assisted Living and Skilled Nursing Com,20 Austin Avenue,Greenville,RI,02828,2023-02-20,Health,F,Quality of Life and Care Deficiencies,0694,"Provide for the safe, appropriate administration of IV fluids for a resident when needed.",E,"Deficient, Provider has date of correction",2023-03-22,3,Y,N,N,N,N,"20 Austin Avenue,Greenville,RI,02828",2026-06-01
415123,Stillwater Assisted Living and Skilled Nursing Com,20 Austin Avenue,Greenville,RI,02828,2023-02-20,Health,F,Quality of Life and Care Deficiencies,0698,"Provide safe, appropriate dialysis care/services for a resident who requires such services.",D,"Deficient, Provider has date of correction",2023-03-22,3,Y,N,N,N,N,"20 Austin Avenue,Greenville,RI,02828",2026-06-01
415123,Stillwater Assisted Living and Skilled Nursing Com,20 Austin Avenue,Greenville,RI,02828,2023-02-20,Health,F,Pharmacy Service Deficiencies,0760,Ensure that residents are free from significant medication errors.,D,"Deficient, Provider has date of correction",2023-03-22,3,Y,N,N,N,N,"20 Austin Avenue,Greenville,RI,02828",2026-06-01
415123,Stillwater Assisted Living and Skilled Nursing Com,20 Austin Avenue,Greenville,RI,02828,2023-02-20,Health,F,Nutrition and Dietary Deficiencies,0812,"Procure food from sources approved or considered satisfactory and store, prepare, distribute and serve food in accordance with professional standards.",F,"Deficient, Provider has date of correction",2023-03-22,3,Y,N,N,N,N,"20 Austin Avenue,Greenville,RI,02828",2026-06-01
415123,Stillwater Assisted Living and Skilled Nursing Com,20 Austin Avenue,Greenville,RI,02828,2023-02-20,Health,F,Infection Control Deficiencies,0880,Provide and implement an infection prevention and control program.,K,"Deficient, Provider has date of correction",2023-02-20,3,Y,N,N,N,N,"20 Austin Avenue,Greenville,RI,02828",2026-06-01
415129,"AdviniaCare Summit Commons, LLC",99 Hillside Avenue,Providence,RI,02906,2026-03-26,Health,F,Resident Assessment and Care Planning Deficiencies,0658,Ensure services provided by the nursing facility meet professional standards of quality.,E,"Deficient, Provider has date of correction",2026-04-13,1,N,Y,N,N,N,"99 Hillside Avenue,Providence,RI,02906",2026-06-01
415129,"AdviniaCare Summit Commons, LLC",99 Hillside Avenue,Providence,RI,02906,2026-03-26,Health,F,Quality of Life and Care Deficiencies,0689,Ensure that a nursing home area is free from accident hazards and provides adequate supervision to prevent accidents.,J,"Deficient, Provider has date of correction",2026-04-13,1,N,Y,N,N,N,"99 Hillside Avenue,Providence,RI,02906",2026-06-01
415129,"AdviniaCare Summit Commons, LLC",99 Hillside Avenue,Providence,RI,02906,2026-02-12,Health,F,"Freedom from Abuse, Neglect, and Exploitation Deficiencies",0600,"Protect each resident from all types of abuse such as physical, mental, sexual abuse, physical punishment, and neglect by anybody.",H,"Deficient, Provider has date of correction",2026-02-24,1,N,Y,N,N,N,"99 Hillside Avenue,Providence,RI,02906",2026-06-01
415129,"AdviniaCare Summit Commons, LLC",99 Hillside Avenue,Providence,RI,02906,2026-02-12,Health,F,"Freedom from Abuse, Neglect, and Exploitation Deficiencies",0604,"Ensure that each resident is free from the use of physical restraints, unless needed for medical treatment.",D,"Deficient, Provider has date of correction",2026-02-24,1,N,Y,N,N,N,"99 Hillside Avenue,Providence,RI,02906",2026-06-01
415129,"AdviniaCare Summit Commons, LLC",99 Hillside Avenue,Providence,RI,02906,2026-02-12,Health,F,"Freedom from Abuse, Neglect, and Exploitation Deficiencies",0610,Respond appropriately to all alleged violations.,D,"Deficient, Provider has date of correction",2026-02-24,1,N,Y,N,N,N,"99 Hillside Avenue,Providence,RI,02906",2026-06-01
415129,"AdviniaCare Summit Commons, LLC",99 Hillside Avenue,Providence,RI,02906,2026-02-12,Health,F,Quality of Life and Care Deficiencies,0684,"Provide appropriate treatment and care according to orders, resident’s preferences and goals.",D,"Deficient, Provider has date of correction",2026-02-24,1,N,Y,N,N,N,"99 Hillside Avenue,Providence,RI,02906",2026-06-01
415129,"AdviniaCare Summit Commons, LLC",99 Hillside Avenue,Providence,RI,02906,2026-02-12,Health,F,Quality of Life and Care Deficiencies,0686,Provide appropriate pressure ulcer care and prevent new ulcers from developing.,D,"Deficient, Provider has date of correction",2026-02-24,1,N,Y,N,N,N,"99 Hillside Avenue,Providence,RI,02906",2026-06-01
415129,"AdviniaCare Summit Commons, LLC",99 Hillside Avenue,Providence,RI,02906,2026-02-12,Health,F,Nursing and Physician Services Deficiencies,0730,Observe each nurse aide's job performance and give regular training.,D,"Deficient, Provider has date of correction",2026-02-24,1,N,Y,N,N,N,"99 Hillside Avenue,Providence,RI,02906",2026-06-01
415129,"AdviniaCare Summit Commons, LLC",99 Hillside Avenue,Providence,RI,02906,2026-02-12,Health,F,Administration Deficiencies,0940,"Develop, implement, and/or maintain an effective training program for all new and existing staff members.",E,"Deficient, Provider has date of correction",2026-02-24,1,N,Y,N,N,N,"99 Hillside Avenue,Providence,RI,02906",2026-06-01
415129,"AdviniaCare Summit Commons, LLC",99 Hillside Avenue,Providence,RI,02906,2026-01-15,Health,F,Resident Assessment and Care Planning Deficiencies,0657,"Develop the complete care plan within 7 days of the comprehensive assessment; and prepared, reviewed, and revised by a team of health professionals.",D,"Deficient, Provider has date of correction",2026-02-09,1,N,Y,N,N,N,"99 Hillside Avenue,Providence,RI,02906",2026-06-01
415129,"AdviniaCare Summit Commons, LLC",99 Hillside Avenue,Providence,RI,02906,2026-01-15,Health,F,Resident Assessment and Care Planning Deficiencies,0658,Ensure services provided by the nursing facility meet professional standards of quality.,D,"Deficient, Provider has date of correction",2026-02-09,1,N,Y,N,N,N,"99 Hillside Avenue,Providence,RI,02906",2026-06-01
415129,"AdviniaCare Summit Commons, LLC",99 Hillside Avenue,Providence,RI,02906,2025-12-12,Health,F,Resident Rights Deficiencies,0578,"Honor the resident's right to request, refuse, and/or discontinue treatment, to participate in or refuse to participate in experimental research, and to formulate an advance directive.",D,"Deficient, Provider has date of correction",2026-01-11,1,N,Y,N,N,N,"99 Hillside Avenue,Providence,RI,02906",2026-06-01
415129,"AdviniaCare Summit Commons, LLC",99 Hillside Avenue,Providence,RI,02906,2025-12-12,Health,F,Quality of Life and Care Deficiencies,0692,Provide enough food/fluids to maintain a resident's health.,E,"Deficient, Provider has date of correction",2026-01-11,1,N,Y,N,N,N,"99 Hillside Avenue,Providence,RI,02906",2026-06-01
415129,"AdviniaCare Summit Commons, LLC",99 Hillside Avenue,Providence,RI,02906,2025-12-12,Health,F,Nutrition and Dietary Deficiencies,0801,"Employ sufficient staff with the appropriate competencies and skills sets to carry out the functions of the food and nutrition service, including a qualified dietician.",F,"Deficient, Provider has date of correction",2026-01-11,1,N,Y,N,N,N,"99 Hillside Avenue,Providence,RI,02906",2026-06-01
415129,"AdviniaCare Summit Commons, LLC",99 Hillside Avenue,Providence,RI,02906,2025-10-30,Health,F,Infection Control Deficiencies,0880,Provide and implement an infection prevention and control program.,L,"Deficient, Provider has date of correction",2025-10-30,1,N,Y,N,N,N,"99 Hillside Avenue,Providence,RI,02906",2026-06-01
415129,"AdviniaCare Summit Commons, LLC",99 Hillside Avenue,Providence,RI,02906,2025-06-30,Health,F,Resident Rights Deficiencies,0584,"Honor the resident's right to a safe, clean, comfortable and homelike environment, including but not limited to receiving treatment and supports for daily living safely.",E,"Deficient, Provider has date of correction",2025-08-22,1,N,Y,N,N,N,"99 Hillside Avenue,Providence,RI,02906",2026-06-01
415129,"AdviniaCare Summit Commons, LLC",99 Hillside Avenue,Providence,RI,02906,2025-06-30,Health,F,"Freedom from Abuse, Neglect, and Exploitation Deficiencies",0604,"Ensure that each resident is free from the use of physical restraints, unless needed for medical treatment.",J,"Deficient, Provider has date of correction",2025-07-22,1,N,Y,N,N,N,"99 Hillside Avenue,Providence,RI,02906",2026-06-01
415129,"AdviniaCare Summit Commons, LLC",99 Hillside Avenue,Providence,RI,02906,2025-06-30,Health,F,Resident Assessment and Care Planning Deficiencies,0656,"Develop and implement a complete care plan that meets all the resident's needs, with timetables and actions that can be measured.",D,"Deficient, Provider has date of correction",2025-07-22,1,N,Y,N,N,N,"99 Hillside Avenue,Providence,RI,02906",2026-06-01
415129,"AdviniaCare Summit Commons, LLC",99 Hillside Avenue,Providence,RI,02906,2025-06-30,Health,F,Quality of Life and Care Deficiencies,0692,Provide enough food/fluids to maintain a resident's health.,D,"Deficient, Provider has date of correction",2025-07-22,1,N,Y,N,N,N,"99 Hillside Avenue,Providence,RI,02906",2026-06-01
415129,"AdviniaCare Summit Commons, LLC",99 Hillside Avenue,Providence,RI,02906,2025-06-30,Health,F,Quality of Life and Care Deficiencies,0697,"Provide safe, appropriate pain management for a resident who requires such services.",D,"Deficient, Provider has date of correction",2025-07-22,1,N,Y,N,N,N,"99 Hillside Avenue,Providence,RI,02906",2026-06-01
415129,"AdviniaCare Summit Commons, LLC",99 Hillside Avenue,Providence,RI,02906,2025-06-30,Health,F,Quality of Life and Care Deficiencies,0698,"Provide safe, appropriate dialysis care/services for a resident who requires such services.",D,"Deficient, Provider has date of correction",2025-07-28,1,N,Y,N,N,N,"99 Hillside Avenue,Providence,RI,02906",2026-06-01
415129,"AdviniaCare Summit Commons, LLC",99 Hillside Avenue,Providence,RI,02906,2025-03-13,Health,F,Resident Rights Deficiencies,0583,Keep residents' personal and medical records private and confidential.,D,"Deficient, Provider has date of correction",2025-04-10,1,Y,N,N,N,N,"99 Hillside Avenue,Providence,RI,02906",2026-06-01
415129,"AdviniaCare Summit Commons, LLC",99 Hillside Avenue,Providence,RI,02906,2025-03-13,Health,F,Quality of Life and Care Deficiencies,0693,Ensure that feeding tubes are  not used unless there is a medical reason and the resident agrees; and provide appropriate care for a resident with a feeding tube.,D,"Deficient, Provider has date of correction",2025-04-10,1,Y,N,N,N,N,"99 Hillside Avenue,Providence,RI,02906",2026-06-01
415129,"AdviniaCare Summit Commons, LLC",99 Hillside Avenue,Providence,RI,02906,2025-03-13,Health,F,Quality of Life and Care Deficiencies,0698,"Provide safe, appropriate dialysis care/services for a resident who requires such services.",E,"Deficient, Provider has date of correction",2025-04-10,1,Y,N,N,N,N,"99 Hillside Avenue,Providence,RI,02906",2026-06-01
415129,"AdviniaCare Summit Commons, LLC",99 Hillside Avenue,Providence,RI,02906,2025-03-13,Health,F,Nursing and Physician Services Deficiencies,0710,Obtain a doctor's order to admit a resident and ensure the resident is under a doctor's care.,D,"Deficient, Provider has date of correction",2025-04-10,1,Y,N,N,N,N,"99 Hillside Avenue,Providence,RI,02906",2026-06-01
415129,"AdviniaCare Summit Commons, LLC",99 Hillside Avenue,Providence,RI,02906,2025-03-13,Health,F,Nursing and Physician Services Deficiencies,0730,Observe each nurse aide's job performance and give regular training.,E,"Deficient, Provider has date of correction",2025-04-10,1,Y,N,N,N,N,"99 Hillside Avenue,Providence,RI,02906",2026-06-01
415129,"AdviniaCare Summit Commons, LLC",99 Hillside Avenue,Providence,RI,02906,2025-03-13,Health,F,Nutrition and Dietary Deficiencies,0812,"Procure food from sources approved or considered satisfactory and store, prepare, distribute and serve food in accordance with professional standards.",F,"Deficient, Provider has date of correction",2025-04-10,1,Y,N,N,N,N,"99 Hillside Avenue,Providence,RI,02906",2026-06-01
415129,"AdviniaCare Summit Commons, LLC",99 Hillside Avenue,Providence,RI,02906,2025-03-13,Health,F,Resident Assessment and Care Planning Deficiencies,0842,Safeguard resident-identifiable information and/or maintain medical records on each resident that are in accordance with accepted professional standards.,D,"Deficient, Provider has date of correction",2025-04-10,1,Y,N,N,N,N,"99 Hillside Avenue,Providence,RI,02906",2026-06-01
415129,"AdviniaCare Summit Commons, LLC",99 Hillside Avenue,Providence,RI,02906,2025-03-13,Health,F,Administration Deficiencies,0868,Have the Quality Assessment and Assurance group have the required members and meet at least quarterly,E,"Deficient, Provider has date of correction",2025-04-10,1,Y,N,N,N,N,"99 Hillside Avenue,Providence,RI,02906",2026-06-01
415129,"AdviniaCare Summit Commons, LLC",99 Hillside Avenue,Providence,RI,02906,2025-03-13,Health,F,Infection Control Deficiencies,0880,Provide and implement an infection prevention and control program.,D,"Deficient, Provider has date of correction",2025-04-10,1,Y,N,N,N,N,"99 Hillside Avenue,Providence,RI,02906",2026-06-01
415129,"AdviniaCare Summit Commons, LLC",99 Hillside Avenue,Providence,RI,02906,2025-05-14,Health,F,Quality of Life and Care Deficiencies,0689,Ensure that a nursing home area is free from accident hazards and provides adequate supervision to prevent accidents.,G,"Deficient, Provider has date of correction",2025-06-04,2,N,Y,N,N,N,"99 Hillside Avenue,Providence,RI,02906",2026-06-01
415129,"AdviniaCare Summit Commons, LLC",99 Hillside Avenue,Providence,RI,02906,2025-01-29,Health,F,Pharmacy Service Deficiencies,0760,Ensure that residents are free from significant medication errors.,D,"Deficient, Provider has date of correction",2025-02-17,2,N,Y,N,N,N,"99 Hillside Avenue,Providence,RI,02906",2026-06-01
415129,"AdviniaCare Summit Commons, LLC",99 Hillside Avenue,Providence,RI,02906,2025-01-17,Health,F,Pharmacy Service Deficiencies,0760,Ensure that residents are free from significant medication errors.,D,"Deficient, Provider has date of correction",2025-02-06,2,N,Y,N,N,N,"99 Hillside Avenue,Providence,RI,02906",2026-06-01
415129,"AdviniaCare Summit Commons, LLC",99 Hillside Avenue,Providence,RI,02906,2025-01-08,Health,F,Resident Assessment and Care Planning Deficiencies,0658,Ensure services provided by the nursing facility meet professional standards of quality.,D,"Deficient, Provider has date of correction",2025-01-27,2,N,Y,N,N,N,"99 Hillside Avenue,Providence,RI,02906",2026-06-01
415129,"AdviniaCare Summit Commons, LLC",99 Hillside Avenue,Providence,RI,02906,2025-01-08,Health,F,Pharmacy Service Deficiencies,0760,Ensure that residents are free from significant medication errors.,J,"Deficient, Provider has date of correction",2025-01-27,2,N,Y,N,N,N,"99 Hillside Avenue,Providence,RI,02906",2026-06-01
415129,"AdviniaCare Summit Commons, LLC",99 Hillside Avenue,Providence,RI,02906,2025-01-08,Health,F,Administration Deficiencies,0838,Conduct and document a facility-wide assessment to determine what resources are necessary to care for residents competently during both day-to-day operations (including nights and weekends) and emergencies.,F,"Deficient, Provider has date of correction",2025-01-27,2,N,Y,N,N,N,"99 Hillside Avenue,Providence,RI,02906",2026-06-01
415129,"AdviniaCare Summit Commons, LLC",99 Hillside Avenue,Providence,RI,02906,2025-01-08,Health,F,Resident Assessment and Care Planning Deficiencies,0842,Safeguard resident-identifiable information and/or maintain medical records on each resident that are in accordance with accepted professional standards.,E,"Deficient, Provider has date of correction",2025-01-27,2,N,Y,N,N,N,"99 Hillside Avenue,Providence,RI,02906",2026-06-01
415129,"AdviniaCare Summit Commons, LLC",99 Hillside Avenue,Providence,RI,02906,2024-10-15,Health,F,Quality of Life and Care Deficiencies,0689,Ensure that a nursing home area is free from accident hazards and provides adequate supervision to prevent accidents.,J,"Deficient, Provider has date of correction",2024-10-15,2,N,Y,N,N,N,"99 Hillside Avenue,Providence,RI,02906",2026-06-01
415129,"AdviniaCare Summit Commons, LLC",99 Hillside Avenue,Providence,RI,02906,2024-09-24,Health,F,Quality of Life and Care Deficiencies,0684,"Provide appropriate treatment and care according to orders, resident’s preferences and goals.",D,"Deficient, Provider has date of correction",2024-10-16,2,N,Y,N,N,N,"99 Hillside Avenue,Providence,RI,02906",2026-06-01
415129,"AdviniaCare Summit Commons, LLC",99 Hillside Avenue,Providence,RI,02906,2024-09-24,Health,F,Quality of Life and Care Deficiencies,0686,Provide appropriate pressure ulcer care and prevent new ulcers from developing.,D,"Deficient, Provider has date of correction",2024-10-16,2,N,Y,N,N,N,"99 Hillside Avenue,Providence,RI,02906",2026-06-01
415129,"AdviniaCare Summit Commons, LLC",99 Hillside Avenue,Providence,RI,02906,2024-04-04,Health,F,Administration Deficiencies,0770,"Provide timely, quality laboratory services/tests to meet the needs of residents.",D,"Deficient, Provider has date of correction",2024-04-30,2,Y,N,N,N,N,"99 Hillside Avenue,Providence,RI,02906",2026-06-01
415129,"AdviniaCare Summit Commons, LLC",99 Hillside Avenue,Providence,RI,02906,2024-04-04,Health,F,Nutrition and Dietary Deficiencies,0812,"Procure food from sources approved or considered satisfactory and store, prepare, distribute and serve food in accordance with professional standards.",F,"Deficient, Provider has date of correction",2024-04-30,2,Y,N,N,N,N,"99 Hillside Avenue,Providence,RI,02906",2026-06-01
415129,"AdviniaCare Summit Commons, LLC",99 Hillside Avenue,Providence,RI,02906,2024-04-04,Health,F,Infection Control Deficiencies,0880,Provide and implement an infection prevention and control program.,E,"Deficient, Provider has date of correction",2024-04-30,2,Y,N,N,N,N,"99 Hillside Avenue,Providence,RI,02906",2026-06-01
415129,"AdviniaCare Summit Commons, LLC",99 Hillside Avenue,Providence,RI,02906,2024-05-17,Health,F,Pharmacy Service Deficiencies,0760,Ensure that residents are free from significant medication errors.,D,"Deficient, Provider has date of correction",2024-06-03,3,N,Y,N,N,N,"99 Hillside Avenue,Providence,RI,02906",2026-06-01
415129,"AdviniaCare Summit Commons, LLC",99 Hillside Avenue,Providence,RI,02906,2024-03-15,Health,F,Nursing and Physician Services Deficiencies,0726,Ensure that nurses and nurse aides have the appropriate competencies to care for every resident in a way that maximizes each resident's well being.,J,"Deficient, Provider has date of correction",2024-03-15,3,N,Y,N,N,N,"99 Hillside Avenue,Providence,RI,02906",2026-06-01
415129,"AdviniaCare Summit Commons, LLC",99 Hillside Avenue,Providence,RI,02906,2024-03-15,Health,F,Pharmacy Service Deficiencies,0760,Ensure that residents are free from significant medication errors.,J,"Deficient, Provider has date of correction",2024-03-15,3,N,Y,N,N,N,"99 Hillside Avenue,Providence,RI,02906",2026-06-01
415129,"AdviniaCare Summit Commons, LLC",99 Hillside Avenue,Providence,RI,02906,2024-03-11,Health,F,Resident Assessment and Care Planning Deficiencies,0661,"Ensure necessary information is communicated to the resident, and receiving health care provider at the time of a planned discharge.",J,"Deficient, Provider has date of correction",2024-03-11,3,N,Y,N,N,N,"99 Hillside Avenue,Providence,RI,02906",2026-06-01
415129,"AdviniaCare Summit Commons, LLC",99 Hillside Avenue,Providence,RI,02906,2023-12-21,Health,F,Environmental Deficiencies,0908,Keep all essential equipment working safely.,D,"Deficient, Provider has date of correction",2024-01-10,3,N,Y,N,N,N,"99 Hillside Avenue,Providence,RI,02906",2026-06-01
415129,"AdviniaCare Summit Commons, LLC",99 Hillside Avenue,Providence,RI,02906,2023-07-19,Health,F,Environmental Deficiencies,0925,"Make sure there is a pest control program to prevent/deal with mice, insects, or other pests.",F,Past Non-Compliance,2023-07-17,3,N,Y,N,N,N,"99 Hillside Avenue,Providence,RI,02906",2026-06-01
415129,"AdviniaCare Summit Commons, LLC",99 Hillside Avenue,Providence,RI,02906,2022-12-22,Health,F,"Freedom from Abuse, Neglect, and Exploitation Deficiencies",0600,"Protect each resident from all types of abuse such as physical, mental, sexual abuse, physical punishment, and neglect by anybody.",D,"Deficient, Provider has date of correction",2023-01-21,3,Y,N,N,N,N,"99 Hillside Avenue,Providence,RI,02906",2026-06-01
415129,"AdviniaCare Summit Commons, LLC",99 Hillside Avenue,Providence,RI,02906,2022-12-22,Health,F,Resident Assessment and Care Planning Deficiencies,0641,Ensure each resident receives an accurate assessment.,C,"Deficient, Provider has date of correction",2023-01-21,3,Y,N,N,N,N,"99 Hillside Avenue,Providence,RI,02906",2026-06-01
415129,"AdviniaCare Summit Commons, LLC",99 Hillside Avenue,Providence,RI,02906,2022-12-22,Health,F,Resident Assessment and Care Planning Deficiencies,0656,"Develop and implement a complete care plan that meets all the resident's needs, with timetables and actions that can be measured.",E,"Deficient, Provider has date of correction",2023-01-21,3,Y,N,N,N,N,"99 Hillside Avenue,Providence,RI,02906",2026-06-01
415129,"AdviniaCare Summit Commons, LLC",99 Hillside Avenue,Providence,RI,02906,2022-12-22,Health,F,Resident Assessment and Care Planning Deficiencies,0658,Ensure services provided by the nursing facility meet professional standards of quality.,E,"Deficient, Provider has date of correction",2023-01-21,3,Y,N,N,N,N,"99 Hillside Avenue,Providence,RI,02906",2026-06-01
415129,"AdviniaCare Summit Commons, LLC",99 Hillside Avenue,Providence,RI,02906,2022-12-22,Health,F,Quality of Life and Care Deficiencies,0677,Provide care and assistance to perform activities of daily living for any resident who is unable.,D,"Deficient, Provider has date of correction",2023-01-21,3,Y,N,N,N,N,"99 Hillside Avenue,Providence,RI,02906",2026-06-01
415129,"AdviniaCare Summit Commons, LLC",99 Hillside Avenue,Providence,RI,02906,2022-12-22,Health,F,Quality of Life and Care Deficiencies,0686,Provide appropriate pressure ulcer care and prevent new ulcers from developing.,D,"Deficient, Provider has date of correction",2023-01-21,3,Y,N,N,N,N,"99 Hillside Avenue,Providence,RI,02906",2026-06-01
415129,"AdviniaCare Summit Commons, LLC",99 Hillside Avenue,Providence,RI,02906,2022-12-22,Health,F,Quality of Life and Care Deficiencies,0692,Provide enough food/fluids to maintain a resident's health.,E,"Deficient, Provider has date of correction",2023-01-21,3,Y,N,N,N,N,"99 Hillside Avenue,Providence,RI,02906",2026-06-01
415129,"AdviniaCare Summit Commons, LLC",99 Hillside Avenue,Providence,RI,02906,2022-12-22,Health,F,Quality of Life and Care Deficiencies,0700,"Try different approaches before using a bed rail.  If a bed rail is needed, the facility must (1) assess a resident for safety risk; (2) review these risks and benefits with the resident/representative; (3) get informed consent; and (4) Correctly install and maintain the bed rail.",D,"Deficient, Provider has date of correction",2023-01-21,3,Y,N,N,N,N,"99 Hillside Avenue,Providence,RI,02906",2026-06-01
415129,"AdviniaCare Summit Commons, LLC",99 Hillside Avenue,Providence,RI,02906,2022-12-22,Health,F,Pharmacy Service Deficiencies,0756,"Ensure a licensed pharmacist perform a monthly drug regimen review, including the medical chart, following irregularity reporting guidelines in developed policies and procedures.",D,"Deficient, Provider has date of correction",2023-01-21,3,Y,N,N,N,N,"99 Hillside Avenue,Providence,RI,02906",2026-06-01
415129,"AdviniaCare Summit Commons, LLC",99 Hillside Avenue,Providence,RI,02906,2022-12-22,Health,F,Pharmacy Service Deficiencies,0761,"Ensure drugs and biologicals used in the facility are labeled in accordance with currently accepted professional principles; and all drugs and biologicals must be stored in locked compartments, separately locked, compartments for controlled drugs.",D,"Deficient, Provider has date of correction",2023-01-21,3,Y,N,N,N,N,"99 Hillside Avenue,Providence,RI,02906",2026-06-01
415129,"AdviniaCare Summit Commons, LLC",99 Hillside Avenue,Providence,RI,02906,2022-12-22,Health,F,Nutrition and Dietary Deficiencies,0804,"Ensure food and drink is palatable, attractive, and at a safe and appetizing temperature.",D,"Deficient, Provider has date of correction",2023-01-21,3,Y,N,N,N,N,"99 Hillside Avenue,Providence,RI,02906",2026-06-01
415129,"AdviniaCare Summit Commons, LLC",99 Hillside Avenue,Providence,RI,02906,2022-12-22,Health,F,Nutrition and Dietary Deficiencies,0805,Ensure each resident receives and the facility provides food prepared in a form designed to meet individual needs.,D,"Deficient, Provider has date of correction",2023-01-21,3,Y,N,N,N,N,"99 Hillside Avenue,Providence,RI,02906",2026-06-01
415129,"AdviniaCare Summit Commons, LLC",99 Hillside Avenue,Providence,RI,02906,2022-12-22,Health,F,Resident Assessment and Care Planning Deficiencies,0842,Safeguard resident-identifiable information and/or maintain medical records on each resident that are in accordance with accepted professional standards.,D,"Deficient, Provider has date of correction",2023-02-10,3,Y,N,N,N,N,"99 Hillside Avenue,Providence,RI,02906",2026-06-01
415129,"AdviniaCare Summit Commons, LLC",99 Hillside Avenue,Providence,RI,02906,2022-12-22,Health,F,Infection Control Deficiencies,0880,Provide and implement an infection prevention and control program.,E,"Deficient, Provider has date of correction",2023-01-21,3,Y,N,N,N,N,"99 Hillside Avenue,Providence,RI,02906",2026-06-01
